SEQN,RIDAGEYR,RIAGENDR,BMXHT,BMXWT,BMXBMI,BMXWAIST,PAQ650,PAQ665,PAD680,PAQ710,PAQ715,DR1TKCAL,DR1TPROT,DR1TCARB,DR1TTFAT,DXDTOPF
62161.0,22.0,1.0,172.3,69.2,23.3,81.0,2.0,2.0,300.0,3.0,3.0,2969.0,104.67999999999999,359.59000000000003,123.81,24.3
62163.0,14.0,1.0,168.9,49.4,17.3,64.6,2.0,2.0,720.0,2.0,3.0,1789.0,72.64,280.23,41.95,18.2
62164.0,44.0,2.0,170.1,67.2,23.2,80.1,1.0,1.0,300.0,2.0,8.0,1115.0,73.13000000000001,91.67,51.54000000000001,25.9
62165.0,14.0,2.0,159.4,69.1,27.2,86.7,1.0,1.0,600.0,5.0,2.0,1472.0,76.35000000000001,143.52,67.8,42.3
62169.0,21.0,1.0,164.8,54.6,20.1,69.6,2.0,2.0,360.0,3.0,2.0,1831.0,77.46000000000001,297.51,34.61000000000001,19.8
62170.0,15.0,1.0,187.0,63.5,18.2,69.4,1.0,2.0,600.0,1.0,2.0,1620.0,81.28,123.38,87.21,17.6
62171.0,14.0,1.0,171.0,58.2,19.9,71.6,1.0,1.0,480.0,5.0,2.0,1910.0,51.64,302.63000000000005,58.32000000000001,18.1
62172.0,43.0,2.0,172.0,98.6,33.3,120.4,2.0,2.0,720.0,5.0,5.0,1845.0,57.43000000000001,192.82,42.019999999999996,42.2
62179.0,55.0,1.0,182.1,91.4,27.6,96.5,2.0,2.0,600.0,1.0,1.0,3130.0,129.59,348.40999999999997,139.14999999999998,27.6
62180.0,35.0,1.0,178.7,89.0,27.9,103.1,2.0,2.0,540.0,2.0,1.0,2552.0,146.33999999999995,299.12,89.55,31.7
62184.0,26.0,1.0,176.6,68.9,22.1,78.6,1.0,2.0,120.0,4.0,2.0,1648.0,23.830000000000002,290.34000000000003,45.62,17.1
62186.0,17.0,2.0,166.4,63.5,22.9,76.0,1.0,1.0,480.0,1.0,1.0,1346.0,48.16,183.54,49.99999999999999,34.1
62190.0,15.0,2.0,150.5,38.5,17.0,64.0,2.0,2.0,840.0,2.0,3.0,1076.0,44.65000000000001,127.22,43.56,24.1
62197.0,16.0,2.0,167.6,63.0,22.4,80.7,1.0,1.0,420.0,2.0,5.0,2125.0,76.65,183.86000000000004,123.43,35.8
62199.0,57.0,1.0,186.0,96.9,28.0,107.8,2.0,1.0,300.0,1.0,1.0,3511.0,125.77000000000001,388.12999999999994,151.2,28.8
62200.0,42.0,1.0,163.4,73.7,27.6,89.2,1.0,1.0,480.0,2.0,2.0,1897.0,78.43,268.95000000000005,59.11,28.0
62202.0,36.0,1.0,180.1,80.2,24.7,97.0,2.0,1.0,180.0,3.0,8.0,4027.0,92.39999999999999,223.61,135.7,26.4
62205.0,28.0,1.0,171.4,84.8,28.9,106.0,2.0,1.0,480.0,1.0,3.0,2142.0,80.19000000000001,218.61,75.95000000000002,31.0
62208.0,38.0,1.0,168.7,63.2,22.2,82.7,2.0,1.0,360.0,1.0,2.0,1655.0,63.32000000000001,226.84,56.94,21.8
62210.0,15.0,1.0,179.4,83.7,26.0,94.6,1.0,1.0,660.0,5.397605346934028e-79,2.0,1843.0,123.10000000000001,222.49000000000004,55.11,33.3
62214.0,22.0,2.0,172.7,70.9,23.8,89.0,2.0,2.0,600.0,2.0,1.0,1665.0,43.61,259.49999999999994,51.78,41.1
62220.0,31.0,2.0,167.3,113.1,40.4,114.8,1.0,1.0,300.0,2.0,1.0,1802.0,54.28999999999999,237.94000000000003,71.03999999999999,41.6
62221.0,41.0,2.0,166.2,145.2,52.6,141.8,2.0,1.0,600.0,1.0,2.0,2110.0,116.05,297.82,53.13999999999999,49.7
62222.0,32.0,1.0,179.0,80.1,25.0,87.7,2.0,2.0,240.0,2.0,5.397605346934028e-79,1892.0,116.22000000000001,89.41999999999999,75.67,24.0
62223.0,54.0,1.0,164.4,55.4,20.5,82.9,2.0,2.0,360.0,2.0,5.397605346934028e-79,2371.0,93.16,247.54000000000005,91.21000000000001,23.4
62225.0,13.0,2.0,165.0,54.7,20.1,74.0,2.0,2.0,600.0,2.0,5.397605346934028e-79,2290.0,84.11,297.4,86.86,35.4
62227.0,19.0,1.0,178.3,72.2,22.7,80.1,1.0,1.0,300.0,2.0,5.397605346934028e-79,2372.0,103.67,301.07,89.63,18.5
62229.0,31.0,2.0,171.4,84.1,28.6,95.1,2.0,1.0,360.0,1.0,5.397605346934028e-79,1950.0,64.25,304.17999999999995,59.27,35.7
62231.0,48.0,2.0,164.7,90.1,33.2,111.0,2.0,2.0,840.0,2.0,5.397605346934028e-79,1924.0,80.33999999999999,230.70999999999998,78.78,47.9
62232.0,42.0,2.0,175.3,97.0,31.6,111.1,2.0,2.0,540.0,2.0,1.0,1938.0,64.77000000000001,271.83000000000004,68.05,41.5
62234.0,23.0,1.0,179.7,76.9,23.8,76.5,1.0,1.0,240.0,8.0,2.0,4932.0,135.44,546.27,115.56000000000002,14.3
62237.0,58.0,2.0,157.8,99.4,39.9,113.2,2.0,2.0,600.0,4.0,1.0,1950.0,91.67,240.61,69.17,48.7
62239.0,22.0,2.0,156.9,57.4,23.3,78.9,2.0,1.0,180.0,1.0,5.397605346934028e-79,1074.0,33.74,166.13,33.160000000000004,38.1
62240.0,14.0,2.0,164.2,57.1,21.2,71.6,1.0,1.0,540.0,1.0,1.0,1669.0,70.60000000000001,195.93000000000004,69.88,30.4
62242.0,24.0,1.0,174.9,82.7,27.0,89.5,1.0,2.0,360.0,5.397605346934028e-79,8.0,1269.0,106.39000000000001,44.540000000000006,73.18,22.8
62249.0,26.0,2.0,162.4,53.6,20.3,74.6,2.0,1.0,600.0,3.0,5.397605346934028e-79,1141.0,54.62,114.08999999999999,51.11,29.5
62250.0,34.0,1.0,179.0,83.1,25.9,95.1,1.0,1.0,360.0,2.0,1.0,2782.0,126.63999999999999,282.32,139.98999999999998,26.3
62253.0,18.0,1.0,175.9,53.3,17.2,69.8,1.0,1.0,120.0,1.0,3.0,1914.0,100.99,221.41,73.72,12.4
62261.0,47.0,1.0,159.0,72.3,28.6,98.9,2.0,2.0,480.0,2.0,5.397605346934028e-79,1619.0,72.41,179.66,67.72,32.2
62265.0,52.0,1.0,177.9,99.3,31.4,110.0,2.0,2.0,120.0,3.0,5.397605346934028e-79,4332.0,167.54000000000002,448.24,135.67,24.4
62267.0,27.0,2.0,173.1,131.6,43.9,143.2,2.0,1.0,240.0,2.0,1.0,1581.0,37.8,227.3,61.34999999999999,49.8
62268.0,15.0,2.0,155.6,46.3,19.1,71.9,2.0,1.0,480.0,1.0,5.397605346934028e-79,1793.0,81.35,216.93999999999997,67.41999999999999,32.3
62269.0,29.0,1.0,173.1,68.4,22.8,74.3,1.0,1.0,180.0,3.0,5.0,1244.0,28.19,202.88,37.49,20.0
62270.0,33.0,2.0,150.4,73.0,32.3,88.8,2.0,2.0,240.0,2.0,1.0,1656.0,36.089999999999996,341.25,22.520000000000003,43.5
62273.0,15.0,2.0,168.3,85.1,30.0,103.6,2.0,2.0,960.0,2.0,5.0,1841.0,64.49000000000001,278.65999999999997,52.849999999999994,38.5
62275.0,41.0,2.0,162.0,57.2,21.8,75.6,1.0,1.0,600.0,2.0,2.0,1280.0,42.09,173.80999999999995,33.75,28.1
62277.0,55.0,2.0,164.2,67.5,25.0,87.5,2.0,1.0,600.0,5.0,1.0,1447.0,45.069999999999986,251.76000000000005,32.27000000000001,35.8
62280.0,54.0,2.0,160.1,62.4,24.3,96.2,2.0,2.0,180.0,5.0,8.0,2161.0,52.83,336.9600000000001,43.3,35.3
62281.0,13.0,2.0,157.4,55.2,22.3,73.4,2.0,1.0,720.0,3.0,2.0,2275.0,60.699999999999996,307.74,92.56,33.2
62282.0,57.0,2.0,178.0,75.0,23.7,90.0,2.0,2.0,480.0,1.0,2.0,2319.0,159.64,255.66,86.84,28.5
62285.0,17.0,2.0,154.5,78.9,33.1,101.7,1.0,1.0,480.0,2.0,2.0,2405.0,106.49000000000001,310.94,84.08000000000001,41.7
62286.0,30.0,1.0,174.3,124.5,41.0,130.3,1.0,2.0,120.0,3.0,2.0,1329.0,55.4,130.26,66.09,37.3
62288.0,29.0,1.0,178.5,64.1,20.1,78.0,1.0,1.0,300.0,5.397605346934028e-79,3.0,2911.0,92.2,348.57,131.71000000000004,19.3
62291.0,56.0,1.0,175.4,91.9,29.9,104.5,1.0,1.0,240.0,3.0,3.0,2241.0,78.83999999999999,315.45,81.24999999999999,28.9
62296.0,19.0,1.0,173.1,120.7,40.3,115.2,1.0,1.0,540.0,3.0,5.0,2495.0,123.77,280.0,96.28000000000002,33.6
62297.0,43.0,1.0,167.9,87.8,31.1,88.5,1.0,1.0,300.0,3.0,2.0,3234.0,92.64999999999999,360.25000000000006,123.63,18.6
62298.0,15.0,1.0,178.2,84.6,26.6,92.6,1.0,1.0,180.0,1.0,5.397605346934028e-79,2758.0,97.14999999999999,351.3,109.91999999999999,29.0
62301.0,23.0,1.0,175.6,101.9,33.0,112.1,2.0,2.0,240.0,3.0,1.0,2987.0,122.40999999999998,361.6499999999999,106.20999999999998,34.4
62311.0,18.0,1.0,179.8,78.8,24.4,87.1,1.0,2.0,360.0,2.0,1.0,2545.0,113.64000000000001,368.81,73.67,25.0
62317.0,46.0,1.0,177.1,86.7,27.6,107.0,1.0,1.0,120.0,5.397605346934028e-79,5.397605346934028e-79,2242.0,112.97000000000001,218.72999999999996,102.29,30.9
62325.0,43.0,2.0,165.7,50.4,18.4,70.2,2.0,1.0,60.0,2.0,8.0,1525.0,68.07,141.56,32.96,33.3
62327.0,19.0,2.0,174.4,117.1,38.5,118.8,2.0,2.0,420.0,5.397605346934028e-79,8.0,1547.0,45.87,230.13000000000002,51.47,45.0
62332.0,22.0,1.0,186.0,112.7,32.6,110.7,1.0,1.0,420.0,1.0,2.0,1615.0,90.97000000000001,214.79000000000002,45.55,38.1
62335.0,14.0,1.0,152.5,56.2,24.2,75.8,1.0,2.0,480.0,1.0,1.0,1452.0,61.96,205.92,42.199999999999996,28.3
62336.0,55.0,1.0,164.4,77.0,28.5,93.7,2.0,2.0,360.0,1.0,5.397605346934028e-79,2278.0,115.34,287.36,77.12,29.8
62339.0,29.0,1.0,179.7,94.4,29.2,98.2,1.0,1.0,60.0,1.0,1.0,3522.0,156.14999999999998,363.60999999999996,104.47999999999999,25.3
62340.0,44.0,1.0,173.2,77.6,25.9,94.8,2.0,2.0,240.0,3.0,1.0,923.0,22.23,136.23999999999998,33.099999999999994,30.0
62343.0,28.0,1.0,174.5,76.7,25.2,82.2,1.0,1.0,360.0,4.0,2.0,2549.0,89.43,241.26,136.61,17.0
62346.0,19.0,1.0,171.3,80.3,27.4,87.0,1.0,1.0,540.0,5.0,2.0,2239.0,139.02,219.48999999999998,88.91,18.2
62349.0,23.0,2.0,167.1,106.0,38.0,104.0,1.0,1.0,600.0,2.0,5.0,2393.0,85.19,297.99999999999994,96.62,45.8
62350.0,43.0,2.0,162.1,58.7,22.3,84.9,2.0,1.0,180.0,2.0,2.0,1902.0,45.269999999999996,183.07,20.98,37.0
62355.0,16.0,2.0,164.0,55.6,20.7,73.2,2.0,2.0,420.0,5.397605346934028e-79,2.0,1763.0,32.96,217.41000000000003,89.94,33.4
62359.0,54.0,2.0,143.0,55.4,27.1,93.2,2.0,2.0,60.0,1.0,8.0,1341.0,107.25000000000001,101.95,61.14,33.9
62360.0,17.0,1.0,186.8,66.0,18.9,69.5,1.0,2.0,240.0,3.0,5.397605346934028e-79,1402.0,75.03,199.76,36.42,16.5
62363.0,44.0,2.0,157.6,64.2,25.8,89.7,2.0,2.0,300.0,5.0,5.397605346934028e-79,864.0,23.619999999999997,171.76,11.25,42.7
62370.0,21.0,1.0,168.4,51.8,18.3,67.5,1.0,1.0,360.0,2.0,5.397605346934028e-79,1931.0,148.50000000000003,192.73,63.68,18.4
62372.0,55.0,2.0,158.3,76.2,30.4,102.0,2.0,2.0,180.0,3.0,8.0,1451.0,47.97,211.82999999999998,49.0,42.5
62374.0,31.0,2.0,168.0,65.3,23.1,85.2,2.0,2.0,180.0,1.0,5.397605346934028e-79,1548.0,40.900000000000006,245.82000000000002,48.39,33.2
62375.0,24.0,1.0,184.5,130.5,38.3,136.4,2.0,2.0,480.0,5.0,8.0,3662.0,188.99999999999997,458.19,124.59000000000002,44.6
62380.0,16.0,1.0,172.0,110.9,37.5,123.2,2.0,1.0,480.0,3.0,5.0,1224.0,51.47,153.87,45.690000000000005,42.5
62383.0,23.0,1.0,184.1,90.6,26.7,89.8,1.0,2.0,720.0,5.397605346934028e-79,2.0,6020.0,163.31,571.5600000000001,141.27,19.2
62384.0,40.0,1.0,172.9,91.1,30.5,108.2,2.0,1.0,180.0,2.0,2.0,3649.0,107.64000000000001,547.99,121.95,28.2
62386.0,35.0,1.0,174.9,117.6,38.4,119.7,1.0,1.0,180.0,5.397605346934028e-79,5.397605346934028e-79,3197.0,109.71,280.91999999999996,184.22999999999996,31.6
62387.0,23.0,1.0,180.5,79.9,24.5,81.7,1.0,1.0,300.0,3.0,2.0,2567.0,56.95,379.09999999999997,95.33,18.9
62389.0,16.0,2.0,153.5,48.0,20.4,70.6,1.0,1.0,420.0,2.0,5.397605346934028e-79,2219.0,37.08,367.16,73.55000000000001,31.5
62390.0,25.0,2.0,166.9,52.0,18.7,69.6,2.0,1.0,600.0,3.0,1.0,795.0,53.83,59.46,38.58,28.9
62391.0,40.0,2.0,149.5,56.2,25.1,86.7,2.0,1.0,480.0,1.0,8.0,1240.0,39.14,134.51000000000002,62.35,32.9
62393.0,20.0,1.0,170.5,78.9,27.1,87.8,2.0,1.0,300.0,5.0,2.0,3162.0,101.11999999999998,300.14,145.60999999999999,28.1
62399.0,53.0,2.0,155.8,74.6,30.7,94.4,2.0,1.0,300.0,5.0,8.0,2059.0,77.38,266.72999999999996,81.94,43.4
62400.0,31.0,2.0,166.4,100.4,36.3,117.2,2.0,1.0,480.0,5.397605346934028e-79,2.0,1568.0,21.28,185.08,65.55,42.8
62401.0,15.0,2.0,167.6,66.7,23.7,75.5,2.0,1.0,540.0,1.0,1.0,1429.0,37.620000000000005,182.13999999999993,61.419999999999995,30.7
62402.0,48.0,1.0,168.8,66.3,23.3,82.0,2.0,2.0,720.0,4.0,5.397605346934028e-79,1503.0,78.28999999999999,226.68,27.97,25.7
62407.0,49.0,1.0,181.1,97.9,29.9,105.5,2.0,2.0,240.0,2.0,2.0,3936.0,166.98000000000002,430.74,171.82,30.4
62412.0,16.0,1.0,178.4,72.2,22.7,85.7,1.0,1.0,300.0,5.397605346934028e-79,3.0,3228.0,137.44,342.81,145.52,25.6
62414.0,58.0,1.0,160.7,42.6,16.5,65.7,2.0,2.0,360.0,5.0,8.0,2810.0,121.82000000000001,382.95000000000005,87.83,17.3
62416.0,19.0,2.0,147.1,76.0,35.1,95.6,2.0,1.0,420.0,2.0,5.397605346934028e-79,1379.0,32.41,173.48,53.21,45.6
62417.0,26.0,2.0,152.2,73.2,31.6,96.3,1.0,1.0,600.0,2.0,8.0,1948.0,71.19,234.71,81.22999999999999,44.2
62421.0,23.0,1.0,166.2,67.7,24.5,82.4,1.0,1.0,600.0,5.397605346934028e-79,5.0,3041.0,176.55,378.64000000000004,93.8,22.4
62424.0,20.0,1.0,172.6,90.6,30.4,106.0,1.0,2.0,60.0,2.0,8.0,1228.0,37.48,180.04,42.25000000000001,27.5
62425.0,30.0,2.0,172.4,66.1,22.2,81.9,1.0,2.0,600.0,2.0,5.397605346934028e-79,1755.0,68.67,242.22000000000006,57.959999999999994,36.5
62427.0,15.0,1.0,181.0,56.7,17.3,65.2,2.0,1.0,480.0,4.0,2.0,2741.0,71.92999999999999,386.55999999999995,104.47999999999996,14.3
62428.0,12.0,2.0,147.0,37.2,17.2,62.0,1.0,1.0,720.0,3.0,1.0,2534.0,115.36000000000001,257.26,117.65,21.4
62430.0,27.0,1.0,178.8,121.3,37.9,114.2,2.0,1.0,480.0,3.0,3.0,1553.0,51.14,152.89,82.46,37.6
62431.0,54.0,1.0,167.5,53.1,18.9,73.7,2.0,2.0,150.0,5.0,8.0,3327.0,101.38000000000001,462.55999999999995,125.50999999999999,14.8
62432.0,38.0,2.0,158.1,58.4,23.4,82.0,1.0,1.0,180.0,2.0,3.0,1528.0,61.55000000000001,210.26999999999998,50.61,24.3
62437.0,39.0,1.0,163.1,72.3,27.2,89.5,2.0,2.0,360.0,4.0,8.0,2440.0,65.83,229.29999999999998,75.98,23.2
62440.0,22.0,1.0,178.9,96.8,30.2,105.3,1.0,1.0,180.0,2.0,8.0,3340.0,102.41000000000003,480.98999999999995,120.27999999999997,25.7
62444.0,23.0,2.0,169.3,96.4,33.6,97.1,1.0,1.0,780.0,4.0,1.0,2960.0,77.16999999999999,475.28999999999996,76.15,36.2
62445.0,42.0,2.0,173.6,117.9,39.1,110.5,2.0,2.0,360.0,3.0,8.0,1781.0,69.11,235.57999999999998,64.30999999999999,39.2
62447.0,19.0,2.0,159.3,50.4,19.9,76.0,2.0,1.0,300.0,3.0,5.397605346934028e-79,1235.0,44.650000000000006,169.12,44.25,27.9
62448.0,13.0,1.0,171.8,83.5,28.3,92.2,1.0,1.0,480.0,5.397605346934028e-79,5.397605346934028e-79,868.0,74.72999999999999,57.309999999999995,36.870000000000005,34.6
62449.0,38.0,2.0,160.7,68.2,26.4,89.1,1.0,1.0,240.0,2.0,2.0,1502.0,45.489999999999995,167.89999999999998,74.17,41.7
62450.0,57.0,1.0,169.0,80.4,28.2,98.5,2.0,2.0,360.0,5.0,5.397605346934028e-79,2492.0,81.06,276.68000000000006,65.8,26.4
62452.0,39.0,1.0,163.3,88.4,33.1,106.3,2.0,2.0,120.0,2.0,5.397605346934028e-79,1468.0,68.00999999999999,165.13,60.599999999999994,34.2
62455.0,18.0,1.0,162.6,129.4,48.9,128.0,2.0,2.0,480.0,1.0,5.0,3029.0,142.25,139.73999999999998,208.0,42.2
62456.0,17.0,1.0,179.8,93.9,29.0,88.2,1.0,2.0,180.0,5.397605346934028e-79,5.0,1523.0,87.07,127.12,75.87,21.6
62461.0,29.0,2.0,150.2,79.6,35.3,109.4,2.0,1.0,240.0,5.0,5.397605346934028e-79,2412.0,68.44,274.87,94.99,47.9
62464.0,32.0,1.0,173.9,85.3,28.2,98.6,2.0,1.0,180.0,2.0,1.0,3148.0,99.69000000000003,465.61,104.15999999999998,28.3
62465.0,44.0,2.0,148.2,61.1,27.8,90.8,2.0,2.0,180.0,5.397605346934028e-79,5.397605346934028e-79,1318.0,63.46999999999999,158.65,47.61,32.2
62472.0,31.0,1.0,178.2,96.2,30.3,96.5,1.0,1.0,240.0,2.0,4.0,3365.0,113.86,459.4599999999999,124.58000000000001,19.9
62475.0,22.0,1.0,171.0,75.3,25.8,85.1,1.0,1.0,360.0,4.0,5.397605346934028e-79,1576.0,83.36,219.14,40.56,23.2
62476.0,40.0,1.0,171.5,75.8,25.8,93.1,1.0,1.0,720.0,1.0,5.0,638.0,24.98,62.81,31.46,29.0
62480.0,43.0,1.0,173.1,85.3,28.5,100.0,2.0,1.0,600.0,2.0,5.397605346934028e-79,3911.0,146.15,377.97,184.48,24.1
62484.0,42.0,2.0,163.7,126.5,47.2,131.7,2.0,2.0,600.0,1.0,1.0,1792.0,47.05,257.37,63.34,47.4
62485.0,21.0,1.0,178.5,106.1,33.3,102.3,1.0,2.0,840.0,3.0,5.0,2957.0,109.04,457.5200000000001,76.10999999999999,22.9
62494.0,28.0,1.0,171.7,79.0,26.8,86.9,1.0,1.0,240.0,3.0,3.0,2045.0,123.32,195.64999999999998,85.37,25.6
62498.0,13.0,2.0,156.2,59.4,24.3,82.0,1.0,2.0,540.0,3.0,5.397605346934028e-79,1659.0,60.58999999999999,199.39,68.44,34.5
62500.0,52.0,2.0,152.3,56.4,24.3,75.0,1.0,1.0,600.0,1.0,2.0,588.0,43.050000000000004,69.08,15.149999999999999,31.7
62501.0,30.0,2.0,157.2,63.3,25.6,83.3,2.0,2.0,300.0,1.0,1.0,1692.0,89.10000000000001,233.7,45.28,39.8
62504.0,30.0,2.0,157.5,96.5,38.9,111.5,1.0,1.0,180.0,2.0,5.397605346934028e-79,1060.0,109.19999999999999,94.49000000000001,28.800000000000004,39.5
62507.0,17.0,2.0,158.0,71.5,28.6,90.9,1.0,2.0,480.0,5.0,1.0,2110.0,69.94,292.12,77.39,40.4
62512.0,39.0,1.0,181.3,62.9,19.1,81.4,2.0,2.0,600.0,5.397605346934028e-79,5.397605346934028e-79,1993.0,57.51,291.35,68.12,20.5
62513.0,46.0,2.0,154.5,63.7,26.7,91.7,2.0,2.0,60.0,5.397605346934028e-79,5.397605346934028e-79,962.0,55.43000000000001,113.72999999999999,31.900000000000006,36.1
62514.0,44.0,1.0,173.8,101.5,33.6,111.4,2.0,2.0,480.0,2.0,5.397605346934028e-79,2017.0,28.38,373.64,52.0,33.1
62515.0,42.0,2.0,154.3,75.2,31.6,96.3,2.0,2.0,30.0,5.397605346934028e-79,1.0,1631.0,59.21,262.84999999999997,39.199999999999996,38.9
62519.0,56.0,1.0,171.7,76.2,25.8,97.5,2.0,2.0,360.0,3.0,8.0,767.0,19.73,76.93,29.580000000000002,27.9
62521.0,59.0,2.0,160.5,59.4,23.1,83.0,1.0,1.0,240.0,2.0,1.0,2641.0,91.10000000000001,365.16999999999996,84.04,33.1
62522.0,54.0,1.0,171.0,91.1,31.2,105.4,2.0,2.0,480.0,5.397605346934028e-79,2.0,2625.0,45.38,77.53,30.240000000000006,27.9
62523.0,33.0,1.0,172.2,89.4,30.1,105.0,2.0,2.0,720.0,5.397605346934028e-79,5.397605346934028e-79,1995.0,88.63000000000001,258.39,65.00999999999999,34.3
62524.0,23.0,1.0,174.0,72.8,24.0,82.3,1.0,1.0,600.0,5.397605346934028e-79,1.0,3625.0,159.66999999999996,423.4899999999999,150.77000000000004,14.9
62525.0,15.0,1.0,176.8,92.3,29.5,95.8,1.0,1.0,720.0,2.0,5.397605346934028e-79,1768.0,96.79,132.62,93.96000000000001,34.4
62528.0,40.0,1.0,161.0,64.4,24.8,87.7,1.0,1.0,120.0,5.397605346934028e-79,8.0,867.0,65.24000000000001,115.36999999999999,18.259999999999998,26.4
62529.0,59.0,1.0,172.5,135.7,45.6,136.8,2.0,1.0,150.0,3.0,2.0,1336.0,66.29,163.64000000000001,45.5,39.2
62530.0,51.0,2.0,155.8,88.1,36.3,119.1,2.0,2.0,120.0,5.0,1.0,1302.0,45.22,158.31000000000003,55.36,42.0
62531.0,52.0,2.0,161.7,87.1,33.3,101.7,2.0,2.0,480.0,5.0,2.0,3732.0,186.84,405.8,153.63,35.2
62534.0,13.0,1.0,163.0,67.1,25.3,87.6,1.0,1.0,10.0,5.0,5.397605346934028e-79,1644.0,46.48,241.89999999999998,55.559999999999995,32.8
62536.0,46.0,1.0,180.6,89.7,27.5,101.2,2.0,2.0,300.0,1.0,5.397605346934028e-79,2241.0,67.61,273.19000000000005,100.27999999999999,27.1
62541.0,13.0,2.0,155.8,54.9,22.6,76.5,1.0,2.0,480.0,1.0,1.0,3422.0,104.17,493.47999999999996,122.03999999999999,32.8
62544.0,42.0,1.0,169.3,73.3,25.6,86.5,2.0,2.0,120.0,1.0,2.0,2122.0,61.739999999999995,337.87999999999994,62.77,26.6
62548.0,57.0,1.0,164.6,92.7,34.2,111.6,2.0,2.0,420.0,4.0,5.397605346934028e-79,2274.0,133.22,280.59999999999997,66.44,31.8
62551.0,37.0,2.0,175.3,148.2,48.2,147.3,2.0,1.0,180.0,5.397605346934028e-79,5.0,1899.0,73.67,160.87999999999997,107.50999999999999,49.2
62552.0,41.0,2.0,160.8,58.2,22.5,77.9,2.0,1.0,600.0,2.0,1.0,2063.0,69.95,223.63000000000005,91.72000000000001,38.1
62554.0,15.0,2.0,163.1,49.3,18.5,71.3,1.0,1.0,540.0,1.0,1.0,1222.0,49.02,186.48999999999998,32.73,32.7
62555.0,35.0,1.0,190.5,73.3,20.2,74.5,1.0,1.0,480.0,5.0,4.0,3591.0,125.14999999999999,350.0,188.84,13.0
62556.0,31.0,2.0,152.6,52.2,22.4,80.0,2.0,2.0,240.0,2.0,2.0,3029.0,94.66000000000001,442.85999999999996,99.59000000000002,39.5
62558.0,49.0,2.0,161.1,99.2,38.2,113.2,2.0,2.0,540.0,1.0,8.0,963.0,29.84,127.69,37.230000000000004,45.9
62560.0,56.0,2.0,164.9,71.7,26.4,93.8,2.0,2.0,120.0,1.0,5.397605346934028e-79,1744.0,49.39999999999999,289.9,46.760000000000005,41.8
62564.0,13.0,2.0,169.1,122.2,42.7,133.7,1.0,1.0,480.0,3.0,8.0,1346.0,46.339999999999996,150.53,62.5,45.2
62565.0,23.0,1.0,180.3,103.0,31.7,111.3,1.0,1.0,420.0,5.0,5.0,2180.0,67.43,307.24999999999994,77.57,30.7
62571.0,32.0,2.0,177.1,87.2,27.8,92.7,1.0,2.0,240.0,5.397605346934028e-79,1.0,1601.0,44.129999999999995,215.26999999999998,67.31,43.1
62573.0,48.0,2.0,165.3,80.8,29.6,110.8,2.0,2.0,180.0,3.0,8.0,2518.0,127.62999999999998,339.99000000000007,73.12,42.4
62574.0,13.0,2.0,158.8,78.2,31.0,100.4,2.0,1.0,540.0,1.0,3.0,977.0,23.319999999999997,123.74,44.49999999999999,43.2
62575.0,24.0,2.0,157.4,54.4,22.0,73.2,2.0,2.0,120.0,5.397605346934028e-79,1.0,335.0,42.41,0.03,17.5,34.7
62580.0,14.0,2.0,166.2,49.2,17.8,68.7,1.0,1.0,600.0,2.0,1.0,1613.0,52.82,198.02,69.62,25.3
62584.0,22.0,1.0,181.9,76.8,23.2,81.4,2.0,1.0,180.0,5.397605346934028e-79,1.0,3186.0,72.85000000000001,328.26,48.589999999999996,19.6
62588.0,21.0,1.0,187.6,73.0,20.7,79.4,1.0,2.0,240.0,1.0,4.0,4090.0,110.42999999999999,478.9,108.78,15.7
62596.0,52.0,2.0,152.9,75.9,32.5,105.9,2.0,2.0,600.0,5.397605346934028e-79,5.397605346934028e-79,2517.0,67.9,304.57,117.08999999999997,43.1
62598.0,18.0,1.0,181.1,122.7,37.4,118.8,1.0,2.0,60.0,5.397605346934028e-79,5.397605346934028e-79,1707.0,49.73,237.95999999999998,62.589999999999996,40.1
62599.0,50.0,2.0,158.9,75.8,30.0,84.9,2.0,2.0,420.0,5.0,4.0,2071.0,76.93999999999998,311.92,56.019999999999996,39.3
62603.0,38.0,2.0,162.3,137.4,52.2,144.7,2.0,2.0,240.0,5.0,5.397605346934028e-79,1479.0,78.85,131.46,35.48,47.5
62610.0,12.0,2.0,152.2,70.3,30.3,88.7,1.0,1.0,480.0,2.0,1.0,1299.0,67.73,149.36999999999998,49.71,43.7
62611.0,45.0,1.0,177.8,97.2,30.7,118.1,2.0,1.0,420.0,5.0,8.0,2084.0,92.07000000000001,256.06000000000006,79.46000000000001,32.1
62613.0,29.0,2.0,149.8,76.7,34.2,97.0,1.0,1.0,240.0,1.0,1.0,1632.0,93.68999999999998,132.82,58.989999999999995,39.1
62614.0,12.0,1.0,156.0,44.8,18.4,66.3,1.0,1.0,660.0,3.0,5.397605346934028e-79,2756.0,68.91000000000001,495.42999999999995,60.86000000000001,23.3
62616.0,37.0,2.0,164.0,51.8,19.3,75.5,2.0,2.0,300.0,3.0,8.0,1779.0,71.30000000000001,272.76,46.67,36.8
62622.0,15.0,2.0,152.4,52.1,22.4,73.9,1.0,1.0,660.0,3.0,5.0,418.0,16.67,65.22,10.610000000000001,36.3
62632.0,29.0,1.0,186.5,168.1,48.3,154.7,2.0,2.0,480.0,3.0,2.0,1414.0,47.10000000000001,180.47000000000003,55.669999999999995,42.2
62635.0,27.0,2.0,153.9,61.7,26.1,90.1,2.0,1.0,180.0,5.397605346934028e-79,3.0,2137.0,58.39999999999999,312.79999999999995,76.70999999999998,36.1
62636.0,17.0,1.0,182.7,68.3,20.5,73.0,2.0,1.0,180.0,1.0,8.0,4617.0,156.35000000000002,550.03,202.50000000000003,12.5
62639.0,26.0,2.0,157.9,96.2,38.6,104.2,2.0,2.0,300.0,3.0,2.0,2142.0,66.17000000000002,331.47999999999996,64.60000000000001,43.7
62640.0,31.0,2.0,165.3,101.4,37.1,117.0,2.0,2.0,120.0,1.0,1.0,2397.0,71.75999999999999,280.95,115.29,43.0
62642.0,30.0,1.0,181.0,88.1,26.9,102.0,2.0,2.0,480.0,1.0,5.397605346934028e-79,3703.0,83.86999999999999,656.7800000000001,89.69,28.0
62645.0,12.0,2.0,159.6,48.7,19.1,70.6,1.0,1.0,720.0,5.397605346934028e-79,2.0,718.0,18.71,154.57,6.72,32.0
62651.0,55.0,1.0,170.2,114.4,39.5,136.3,2.0,1.0,240.0,2.0,5.397605346934028e-79,2925.0,93.14999999999999,349.28999999999996,99.32,32.8
62652.0,46.0,1.0,169.4,84.0,29.3,108.4,2.0,2.0,180.0,3.0,1.0,3587.0,147.43,406.64000000000004,156.41,31.2
62659.0,18.0,1.0,174.9,77.7,25.4,83.4,1.0,1.0,240.0,2.0,5.397605346934028e-79,3521.0,157.56,387.03000000000003,151.14000000000001,19.1
62661.0,35.0,1.0,187.3,74.2,21.2,87.8,2.0,1.0,240.0,5.397605346934028e-79,2.0,2259.0,121.4,197.69,94.17,28.3
62668.0,33.0,1.0,176.0,111.7,36.1,111.8,1.0,2.0,480.0,4.0,5.0,3199.0,74.92,381.2,92.69000000000001,26.0
62669.0,33.0,1.0,174.1,68.1,22.5,82.2,1.0,1.0,360.0,5.0,2.0,1344.0,71.5,204.91000000000003,30.259999999999998,23.3
62670.0,13.0,1.0,166.2,54.0,19.5,69.5,1.0,2.0,420.0,1.0,5.397605346934028e-79,2190.0,48.199999999999996,374.39,58.290000000000006,18.2
62672.0,13.0,2.0,169.4,59.2,20.6,70.0,2.0,2.0,780.0,5.0,4.0,4730.0,164.65,427.84000000000003,263.95,33.3
62674.0,33.0,2.0,166.5,59.7,21.5,81.7,2.0,1.0,360.0,5.397605346934028e-79,1.0,1254.0,40.33,174.65,45.800000000000004,33.6
62677.0,30.0,2.0,165.5,74.8,27.3,87.0,1.0,2.0,480.0,3.0,8.0,1103.0,41.21,132.11999999999998,50.60000000000001,39.6
62690.0,26.0,2.0,174.6,108.0,35.4,112.7,2.0,2.0,360.0,3.0,8.0,3016.0,69.99999999999999,443.42999999999995,110.16,39.0
62691.0,31.0,1.0,182.6,78.7,23.6,80.5,2.0,2.0,300.0,5.0,5.0,2197.0,47.150000000000006,260.18,57.18,16.4
62694.0,37.0,1.0,187.5,140.9,40.1,133.6,1.0,1.0,480.0,1.0,4.0,825.0,27.59,125.3,8.6,38.7
62695.0,41.0,2.0,159.9,70.7,27.7,87.1,2.0,2.0,480.0,4.0,5.397605346934028e-79,2034.0,71.17999999999999,275.68,71.86,33.3
62701.0,29.0,2.0,159.5,76.1,29.9,101.8,1.0,2.0,360.0,4.0,5.397605346934028e-79,1785.0,92.27000000000001,129.62,105.99,40.7
62705.0,30.0,2.0,149.0,60.0,27.0,85.9,1.0,1.0,480.0,5.397605346934028e-79,1.0,1473.0,80.81,158.69000000000003,59.2,39.6
62713.0,15.0,1.0,174.4,90.1,29.6,107.1,1.0,2.0,480.0,1.0,2.0,1847.0,58.28,377.32,15.100000000000003,41.8
62717.0,50.0,2.0,163.3,62.9,23.6,96.2,2.0,2.0,180.0,2.0,2.0,2613.0,75.56,287.63,86.18,35.5
62720.0,58.0,1.0,168.1,73.8,26.1,97.0,2.0,2.0,840.0,1.0,2.0,2344.0,91.16999999999999,251.85,111.64999999999999,25.3
62723.0,31.0,2.0,156.7,62.2,25.3,88.2,1.0,2.0,180.0,1.0,2.0,1782.0,69.19,240.68999999999997,63.96,36.3
62728.0,32.0,2.0,160.7,75.7,29.3,91.0,1.0,1.0,480.0,2.0,8.0,1218.0,24.49,175.60999999999999,49.96,36.5
62731.0,19.0,1.0,173.5,71.1,23.6,83.7,2.0,2.0,120.0,5.397605346934028e-79,2.0,4369.0,122.69,630.3,155.28,20.8
62734.0,52.0,1.0,182.5,113.0,33.9,117.9,2.0,2.0,360.0,5.0,8.0,1787.0,63.89999999999999,182.26999999999998,72.21,33.6
62735.0,39.0,1.0,179.1,71.8,22.4,84.5,2.0,2.0,360.0,5.397605346934028e-79,5.397605346934028e-79,1295.0,21.84,222.89000000000004,39.989999999999995,26.0
62736.0,40.0,2.0,164.0,61.2,22.8,87.5,1.0,1.0,120.0,3.0,5.397605346934028e-79,1814.0,91.32000000000001,167.79999999999995,88.74000000000001,33.0
62737.0,58.0,1.0,156.2,57.5,23.6,82.5,2.0,1.0,240.0,4.0,2.0,1144.0,59.980000000000004,140.64,38.22,23.8
62740.0,19.0,2.0,156.5,72.4,29.6,86.2,2.0,2.0,300.0,5.0,5.397605346934028e-79,1160.0,43.25,159.72,41.66,43.0
62744.0,37.0,1.0,184.7,115.8,33.9,114.8,1.0,1.0,480.0,2.0,2.0,1672.0,57.59,222.35999999999999,59.379999999999995,35.1
62747.0,52.0,1.0,173.5,86.7,28.8,102.8,1.0,1.0,300.0,3.0,5.0,1937.0,96.52000000000001,203.84000000000003,81.57999999999998,32.3
62750.0,45.0,2.0,157.9,50.7,20.3,80.1,2.0,2.0,180.0,5.397605346934028e-79,5.397605346934028e-79,1099.0,36.04,158.94,39.65,35.7
62753.0,16.0,2.0,157.5,51.1,20.6,70.2,1.0,2.0,720.0,5.0,5.397605346934028e-79,1332.0,45.57000000000001,211.70000000000002,36.050000000000004,33.5
62755.0,19.0,2.0,162.8,55.2,20.8,74.8,2.0,2.0,120.0,3.0,8.0,1104.0,90.38000000000001,94.71999999999998,39.589999999999996,26.4
62757.0,54.0,1.0,173.8,109.0,36.1,127.7,2.0,1.0,240.0,3.0,2.0,2669.0,93.99,108.8,92.19,35.5
62763.0,29.0,1.0,176.0,98.4,31.8,112.0,2.0,1.0,600.0,3.0,5.397605346934028e-79,4255.0,119.21,487.3599999999999,123.70999999999998,30.9
62764.0,51.0,2.0,144.8,102.0,48.6,122.5,2.0,2.0,720.0,5.0,5.397605346934028e-79,2233.0,81.17,257.04,100.08000000000001,51.6
62769.0,13.0,2.0,151.5,61.4,26.8,86.4,2.0,1.0,780.0,5.0,5.0,1808.0,48.74,264.96,63.470000000000006,36.4
62771.0,30.0,1.0,180.8,89.5,27.4,92.5,2.0,2.0,300.0,5.397605346934028e-79,5.397605346934028e-79,2887.0,90.25999999999999,206.95000000000002,108.46999999999998,26.5
62772.0,46.0,2.0,146.5,81.7,38.1,105.7,2.0,2.0,480.0,3.0,3.0,1721.0,57.92,97.55000000000001,110.91000000000001,41.8
62777.0,28.0,1.0,190.4,92.1,25.4,92.3,1.0,2.0,300.0,1.0,2.0,2008.0,80.09,112.97000000000001,56.10999999999999,24.7
62779.0,32.0,1.0,171.6,74.8,25.4,97.1,2.0,1.0,360.0,3.0,1.0,1683.0,20.37,364.73,20.679999999999996,32.8
62784.0,31.0,1.0,167.3,101.8,36.4,115.0,2.0,2.0,360.0,3.0,2.0,2312.0,93.28999999999999,282.8,92.33,27.7
62787.0,21.0,2.0,160.4,57.8,22.5,73.0,1.0,2.0,720.0,2.0,2.0,2526.0,62.5,315.24,116.83000000000001,35.3
62788.0,35.0,1.0,182.7,75.3,22.6,90.5,2.0,1.0,480.0,5.397605346934028e-79,5.397605346934028e-79,3251.0,195.58,350.87000000000006,79.22000000000001,24.3
62789.0,26.0,2.0,166.8,88.5,31.8,96.2,2.0,1.0,120.0,5.397605346934028e-79,5.0,813.0,23.130000000000003,142.12,17.8,37.5
62791.0,14.0,1.0,176.9,92.6,29.6,96.6,1.0,2.0,540.0,2.0,1.0,4150.0,141.2,461.4,200.83,33.2
62792.0,52.0,2.0,162.1,111.1,42.3,133.0,2.0,2.0,240.0,5.397605346934028e-79,1.0,1628.0,35.39,268.58000000000004,48.269999999999996,47.4
62795.0,20.0,1.0,181.9,102.9,31.1,109.8,1.0,1.0,480.0,5.0,2.0,1616.0,42.76,171.55,34.64,30.5
62798.0,50.0,1.0,168.0,72.7,25.8,86.6,2.0,1.0,240.0,5.397605346934028e-79,5.397605346934028e-79,2864.0,109.60000000000001,342.52000000000004,123.15,18.2
62800.0,15.0,2.0,148.3,47.2,21.5,69.5,1.0,2.0,600.0,3.0,3.0,2748.0,74.21000000000001,370.0900000000001,108.28000000000002,26.3
62803.0,34.0,2.0,163.9,60.8,22.6,78.8,2.0,2.0,600.0,1.0,1.0,1571.0,56.03,262.18,37.0,35.5
62805.0,41.0,2.0,175.1,83.4,27.2,99.7,1.0,2.0,720.0,2.0,2.0,1633.0,78.9,173.31999999999996,72.28000000000002,43.5
62806.0,53.0,1.0,161.9,65.6,25.0,90.4,2.0,2.0,480.0,5.397605346934028e-79,5.397605346934028e-79,1767.0,73.25999999999999,205.1,75.97,23.0
62808.0,44.0,2.0,155.4,75.9,31.4,100.8,2.0,2.0,120.0,2.0,8.0,1994.0,41.67999999999999,458.83,10.27,44.4
62809.0,51.0,2.0,178.8,67.1,21.0,82.8,2.0,2.0,240.0,4.0,8.0,2246.0,55.57999999999999,251.53,100.12999999999998,34.5
62811.0,40.0,2.0,161.5,96.6,37.0,109.2,2.0,1.0,480.0,5.397605346934028e-79,1.0,1521.0,79.0,160.75,63.33,41.8
62812.0,50.0,1.0,164.8,65.7,24.2,90.6,2.0,2.0,60.0,2.0,8.0,1502.0,49.910000000000004,148.45999999999998,44.62,24.6
62816.0,23.0,1.0,173.7,68.1,22.6,81.0,2.0,1.0,600.0,5.397605346934028e-79,3.0,2345.0,74.67999999999999,226.89,57.94999999999999,23.4
62817.0,41.0,1.0,169.5,91.7,31.9,112.2,2.0,2.0,480.0,4.0,1.0,2385.0,67.57,335.44,87.75999999999999,29.8
62818.0,52.0,2.0,150.6,84.7,37.3,102.2,2.0,2.0,480.0,3.0,8.0,917.0,22.41,152.06,24.97,51.8
62819.0,59.0,2.0,164.1,57.2,21.2,85.7,2.0,1.0,300.0,2.0,2.0,2716.0,79.18999999999998,300.34999999999997,124.86,36.8
62821.0,56.0,2.0,158.4,87.5,34.9,104.0,2.0,2.0,240.0,3.0,5.0,1588.0,35.290000000000006,246.61999999999998,53.67999999999999,38.8
62822.0,33.0,1.0,180.8,81.9,25.1,91.8,1.0,2.0,720.0,5.397605346934028e-79,5.0,2142.0,57.639999999999986,294.40000000000003,56.27000000000001,27.3
62823.0,46.0,1.0,174.8,93.2,30.5,100.2,2.0,2.0,180.0,8.0,8.0,3708.0,82.64000000000001,318.5499999999999,93.64999999999999,32.1
62824.0,40.0,2.0,168.4,98.8,34.8,106.0,1.0,1.0,360.0,4.0,2.0,1758.0,75.86999999999999,209.51000000000002,71.41999999999999,34.7
62830.0,14.0,1.0,172.3,61.2,20.6,73.3,1.0,2.0,600.0,3.0,3.0,3035.0,84.23,394.79,126.16,17.7
62833.0,18.0,2.0,164.5,97.4,36.0,118.3,2.0,1.0,300.0,3.0,8.0,1705.0,86.85,218.25999999999996,56.24999999999999,40.6
62837.0,18.0,2.0,152.7,52.5,22.5,74.8,2.0,1.0,180.0,1.0,5.397605346934028e-79,808.0,49.18,107.57,21.0,37.3
62838.0,44.0,2.0,157.2,55.0,22.3,80.2,2.0,2.0,480.0,3.0,8.0,1342.0,47.29,155.57000000000002,58.89999999999999,31.6
62841.0,52.0,1.0,170.6,83.7,28.8,100.0,2.0,2.0,360.0,4.0,5.397605346934028e-79,1404.0,52.21000000000001,177.92,53.43,26.3
62845.0,27.0,1.0,164.9,94.5,34.8,110.4,2.0,2.0,120.0,1.0,5.0,3448.0,133.23,393.32,127.88,33.4
62851.0,27.0,1.0,177.5,75.7,24.0,82.9,2.0,1.0,180.0,5.397605346934028e-79,5.397605346934028e-79,2683.0,46.63999999999999,462.13,44.85000000000001,17.8
62853.0,16.0,1.0,172.1,64.9,21.9,76.0,1.0,2.0,240.0,2.0,5.397605346934028e-79,4737.0,192.97999999999996,528.7,208.19,18.7
62855.0,47.0,2.0,154.1,90.3,38.0,109.1,2.0,1.0,240.0,5.0,5.397605346934028e-79,2692.0,85.42,256.76,151.06,44.7
62859.0,53.0,2.0,171.1,102.1,34.9,120.1,2.0,1.0,480.0,5.0,5.397605346934028e-79,2428.0,97.02,265.17999999999995,117.89999999999999,44.0
62864.0,57.0,2.0,153.7,70.7,29.9,103.0,2.0,2.0,120.0,5.0,8.0,1685.0,93.26999999999998,202.33999999999997,58.52,38.2
62867.0,12.0,1.0,140.3,33.4,17.0,61.0,1.0,1.0,480.0,2.0,4.0,1873.0,56.49,250.53,72.85000000000001,21.7
62868.0,27.0,1.0,167.9,93.5,33.2,113.3,2.0,1.0,240.0,2.0,2.0,1987.0,114.02000000000001,286.79999999999995,45.620000000000005,33.5
62870.0,13.0,1.0,177.3,99.0,31.5,106.4,1.0,2.0,600.0,5.0,5.397605346934028e-79,2824.0,106.29,380.4799999999999,100.74000000000002,31.6
62871.0,48.0,1.0,178.5,78.5,24.6,96.9,2.0,1.0,480.0,2.0,1.0,2734.0,100.55999999999997,248.96999999999994,97.32000000000001,27.9
62872.0,17.0,2.0,163.6,51.6,19.3,76.9,2.0,2.0,900.0,3.0,5.0,2745.0,140.01000000000002,377.21,71.42,33.5
62875.0,46.0,2.0,161.8,90.9,34.7,107.0,2.0,1.0,840.0,3.0,1.0,1559.0,44.88999999999999,242.4,49.530000000000015,44.7
62878.0,15.0,1.0,169.7,67.0,23.3,76.1,1.0,1.0,720.0,2.0,5.397605346934028e-79,1963.0,69.1,303.28999999999996,56.68,17.1
62879.0,14.0,2.0,149.4,88.9,39.8,101.8,1.0,1.0,540.0,5.0,3.0,1574.0,40.83,216.86,62.23,45.5
62881.0,57.0,2.0,177.5,78.8,25.0,93.9,1.0,1.0,600.0,3.0,5.397605346934028e-79,2522.0,85.11000000000001,339.0,76.31,36.0
62890.0,16.0,2.0,159.6,53.5,21.0,73.3,1.0,1.0,600.0,3.0,2.0,1597.0,50.839999999999996,339.0199999999999,12.219999999999999,23.6
62893.0,21.0,2.0,161.1,90.5,34.9,104.2,1.0,2.0,60.0,1.0,8.0,3602.0,100.41999999999997,523.5499999999998,129.4,37.5
62895.0,33.0,1.0,192.8,110.4,29.7,104.5,2.0,2.0,720.0,5.397605346934028e-79,5.397605346934028e-79,3200.0,188.36000000000004,158.39999999999998,201.29,27.0
62898.0,24.0,2.0,168.3,86.5,30.5,97.7,2.0,2.0,360.0,3.0,2.0,1594.0,81.28,129.6,82.18,40.8
62902.0,48.0,2.0,162.3,71.3,27.1,91.1,2.0,2.0,240.0,1.0,1.0,2653.0,87.22999999999999,300.88,131.02,37.6
62907.0,16.0,2.0,165.7,67.2,24.5,87.0,2.0,2.0,720.0,5.397605346934028e-79,5.0,3797.0,135.03,357.96,208.51999999999998,35.0
62908.0,21.0,1.0,154.1,66.5,28.0,90.7,2.0,2.0,360.0,4.0,8.0,2741.0,114.99000000000001,412.27000000000004,74.28999999999999,25.4
62911.0,16.0,1.0,172.3,46.0,15.5,67.0,1.0,1.0,360.0,5.397605346934028e-79,1.0,2608.0,74.09,315.63,117.17,15.5
62912.0,59.0,1.0,173.4,105.3,35.0,127.1,2.0,1.0,240.0,2.0,8.0,3271.0,172.3,301.33,153.04000000000002,36.4
62913.0,40.0,2.0,161.1,56.8,21.9,76.6,1.0,1.0,180.0,5.397605346934028e-79,2.0,3064.0,71.23,456.12,109.35,27.7
62916.0,22.0,1.0,172.8,94.8,31.7,108.0,2.0,2.0,360.0,5.397605346934028e-79,5.0,1932.0,107.65999999999998,227.37,69.81,32.4
62917.0,13.0,1.0,158.0,59.9,24.0,80.0,1.0,1.0,240.0,3.0,2.0,2361.0,117.21000000000001,309.78,75.97000000000001,30.4
62918.0,25.0,1.0,190.2,86.9,24.0,78.0,1.0,1.0,540.0,5.0,3.0,3228.0,146.4,363.47,136.37,12.9
62922.0,31.0,2.0,165.9,62.6,22.7,75.5,1.0,1.0,480.0,5.397605346934028e-79,5.397605346934028e-79,2317.0,72.89,256.20000000000005,111.5,27.5
62925.0,18.0,2.0,155.2,65.5,27.2,94.0,2.0,2.0,720.0,5.0,5.0,1127.0,44.04,168.89,32.019999999999996,39.8
62928.0,43.0,2.0,161.8,87.8,33.5,119.4,2.0,2.0,300.0,1.0,8.0,1444.0,60.069999999999986,220.88999999999996,36.449999999999996,45.9
62930.0,23.0,1.0,175.9,96.4,31.2,101.9,2.0,2.0,240.0,2.0,1.0,2375.0,121.32,269.95000000000005,90.39,32.0
62931.0,15.0,1.0,164.7,73.3,27.0,84.0,1.0,2.0,600.0,1.0,1.0,1308.0,52.95,190.72000000000003,34.53,27.2
62933.0,17.0,2.0,164.1,56.9,21.1,78.2,2.0,2.0,720.0,3.0,4.0,1766.0,72.89999999999999,184.75000000000006,81.23,35.1
62935.0,51.0,1.0,164.5,82.4,30.5,100.6,2.0,2.0,180.0,2.0,5.397605346934028e-79,3131.0,95.36,427.79,123.43999999999998,32.0
62936.0,35.0,2.0,153.2,55.2,23.5,82.0,2.0,2.0,180.0,3.0,5.397605346934028e-79,3153.0,59.63,496.97,83.07000000000001,30.0
62939.0,38.0,1.0,162.7,57.8,21.8,84.8,2.0,1.0,240.0,5.397605346934028e-79,1.0,7247.0,256.13,857.97,296.21999999999997,21.8
62941.0,55.0,2.0,159.3,51.6,20.3,76.1,2.0,2.0,720.0,5.0,8.0,1836.0,62.29,231.04999999999998,45.64,32.0
62943.0,15.0,1.0,178.7,53.6,16.8,67.5,1.0,2.0,660.0,3.0,5.397605346934028e-79,3072.0,101.76,424.11,110.70000000000002,17.7
62944.0,17.0,2.0,158.2,53.8,21.5,70.1,2.0,2.0,120.0,5.397605346934028e-79,1.0,1264.0,36.040000000000006,172.06,49.23,29.1
62945.0,48.0,2.0,163.4,74.9,28.1,88.3,2.0,1.0,600.0,3.0,1.0,2371.0,71.95,193.96000000000004,124.97,35.0
62950.0,16.0,2.0,173.7,122.4,40.6,134.4,2.0,2.0,720.0,3.0,1.0,1674.0,34.25,250.00999999999996,61.01,45.2
62952.0,20.0,1.0,173.7,67.6,22.4,85.6,1.0,2.0,600.0,5.397605346934028e-79,3.0,1925.0,89.41,299.2,46.31,28.8
62953.0,44.0,1.0,169.2,84.3,29.4,93.0,1.0,1.0,360.0,5.397605346934028e-79,3.0,1586.0,65.92999999999999,219.03,45.52000000000001,30.7
62954.0,28.0,1.0,169.3,55.0,19.2,66.3,1.0,2.0,540.0,3.0,1.0,1753.0,80.87,283.40000000000003,38.62,12.6
62959.0,13.0,2.0,160.8,42.6,16.5,65.0,1.0,1.0,600.0,5.397605346934028e-79,5.397605346934028e-79,1792.0,86.09999999999998,183.61999999999998,78.36000000000001,22.3
62967.0,36.0,1.0,183.2,74.6,22.2,82.8,1.0,1.0,180.0,2.0,2.0,1232.0,26.33,164.73000000000002,23.69,14.0
62969.0,14.0,1.0,183.7,85.7,25.4,92.1,1.0,1.0,360.0,5.397605346934028e-79,2.0,1710.0,69.01,211.10999999999999,67.84,35.9
62971.0,53.0,1.0,170.6,110.4,37.9,127.0,2.0,1.0,480.0,1.0,5.0,3586.0,116.92999999999999,494.1499999999999,119.33,35.9
62974.0,30.0,1.0,181.1,76.3,23.3,82.5,1.0,1.0,120.0,1.0,1.0,2090.0,109.71000000000002,297.13000000000005,58.19,20.4
62976.0,18.0,2.0,152.0,125.6,54.4,129.9,2.0,2.0,720.0,5.397605346934028e-79,5.0,2589.0,83.0,297.75000000000006,120.46000000000002,53.5
62977.0,25.0,1.0,165.2,66.3,24.3,82.5,1.0,2.0,360.0,1.0,2.0,2029.0,131.44,184.26999999999998,85.42999999999999,19.8
62978.0,18.0,2.0,157.3,46.1,18.6,68.4,1.0,2.0,480.0,5.0,3.0,1520.0,59.959999999999994,140.21,81.69,22.3
62986.0,14.0,1.0,165.4,62.1,22.7,78.2,1.0,1.0,420.0,2.0,1.0,2408.0,85.0,338.31,80.81,23.3
62991.0,24.0,1.0,186.3,84.3,24.3,83.6,2.0,1.0,720.0,2.0,8.0,4010.0,107.71,541.58,161.08999999999997,20.0
62994.0,49.0,2.0,149.0,51.2,23.1,74.6,2.0,1.0,120.0,1.0,8.0,1441.0,74.25,230.59999999999997,24.259999999999994,37.8
62995.0,18.0,1.0,173.1,88.1,29.4,93.6,2.0,2.0,120.0,2.0,5.0,1827.0,73.05,228.77999999999997,69.97999999999999,32.7
62998.0,19.0,1.0,161.5,65.8,25.2,78.5,1.0,1.0,180.0,5.0,5.0,2083.0,91.43,240.86,69.45,19.9
63006.0,53.0,1.0,188.6,121.8,34.2,119.2,2.0,2.0,180.0,5.397605346934028e-79,5.397605346934028e-79,1272.0,65.10000000000001,128.84,55.739999999999995,36.1
63008.0,38.0,1.0,171.6,84.2,28.6,94.0,2.0,2.0,660.0,2.0,1.0,2043.0,83.13,248.17999999999998,83.46999999999998,28.3
63011.0,16.0,2.0,167.6,63.6,22.6,82.2,1.0,2.0,540.0,5.397605346934028e-79,5.397605346934028e-79,1962.0,117.99000000000001,202.29,75.46,30.9
63016.0,14.0,2.0,149.7,45.1,20.1,67.7,1.0,1.0,660.0,2.0,2.0,1827.0,74.41000000000001,284.86,41.83,30.9
63021.0,46.0,2.0,149.0,54.4,24.5,80.0,2.0,2.0,240.0,2.0,5.0,1437.0,116.82,162.0,34.059999999999995,41.7
63022.0,49.0,1.0,170.9,84.3,28.9,101.4,2.0,2.0,300.0,2.0,5.397605346934028e-79,1393.0,62.52,160.79000000000002,56.03,37.3
63023.0,25.0,1.0,177.4,70.6,22.4,77.3,2.0,2.0,180.0,1.0,5.397605346934028e-79,1300.0,43.31,141.2,69.72,18.4
63026.0,31.0,2.0,165.6,58.1,21.2,81.2,2.0,1.0,120.0,1.0,1.0,2321.0,112.59,240.19,107.46,30.8
63027.0,15.0,1.0,171.7,62.2,21.1,77.7,1.0,2.0,480.0,2.0,5.397605346934028e-79,3641.0,154.56,379.8999999999999,168.98000000000002,16.5
63030.0,21.0,1.0,167.5,72.8,25.9,93.7,2.0,2.0,720.0,5.0,3.0,3735.0,46.77,777.21,53.9,31.8
63033.0,45.0,1.0,186.9,107.7,30.8,103.6,2.0,1.0,360.0,1.0,5.397605346934028e-79,4228.0,130.98999999999998,493.12999999999994,172.37,29.3
63037.0,41.0,2.0,156.5,78.9,32.2,103.0,2.0,2.0,60.0,5.397605346934028e-79,8.0,1577.0,80.85000000000001,202.48,48.91,41.5
63040.0,54.0,2.0,154.0,45.2,19.1,78.7,2.0,1.0,600.0,2.0,8.0,1429.0,34.830000000000005,233.14999999999998,42.5,35.9
63042.0,12.0,2.0,171.3,79.0,26.9,88.3,2.0,1.0,660.0,5.0,5.397605346934028e-79,2802.0,78.4,403.0899999999999,100.63,32.0
63044.0,35.0,1.0,170.5,108.4,37.3,117.4,1.0,1.0,480.0,2.0,2.0,3938.0,137.70000000000002,479.2800000000001,173.11999999999995,30.4
63045.0,53.0,2.0,156.0,85.2,35.0,104.0,2.0,2.0,600.0,3.0,2.0,1329.0,62.300000000000004,117.78999999999999,67.3,42.6
63048.0,29.0,1.0,165.8,53.1,19.3,68.5,2.0,1.0,900.0,5.0,2.0,2438.0,96.61000000000003,304.18000000000006,92.49,24.4
63050.0,24.0,1.0,174.7,83.4,27.3,88.0,1.0,1.0,240.0,1.0,5.397605346934028e-79,2257.0,110.04,333.0,55.839999999999996,17.6
63051.0,30.0,1.0,167.9,70.3,24.9,89.5,2.0,1.0,960.0,2.0,5.397605346934028e-79,1979.0,78.89999999999999,313.68000000000006,45.22,28.2
63056.0,21.0,1.0,172.9,56.5,18.9,67.8,2.0,2.0,420.0,5.0,5.0,2008.0,70.53000000000002,291.27000000000004,65.71000000000001,20.2
63057.0,29.0,1.0,190.5,75.4,20.8,84.2,2.0,1.0,240.0,4.0,8.0,2819.0,101.80999999999999,407.0,92.71,22.3
63058.0,13.0,2.0,157.6,58.6,23.6,76.8,2.0,1.0,300.0,3.0,5.397605346934028e-79,3058.0,113.9,306.82,159.63,39.6
63069.0,20.0,1.0,176.0,59.2,19.1,74.3,2.0,2.0,600.0,3.0,5.0,1119.0,86.33999999999999,115.6,31.22,23.3
63071.0,53.0,2.0,161.3,77.7,29.9,103.2,2.0,1.0,540.0,2.0,1.0,1487.0,40.09,228.67000000000002,35.529999999999994,42.0
63072.0,12.0,2.0,155.6,90.4,37.3,109.7,2.0,1.0,540.0,2.0,2.0,1935.0,55.34000000000001,239.38,88.03000000000002,45.1
63073.0,16.0,1.0,171.1,64.8,22.1,74.9,2.0,1.0,480.0,3.0,5.0,4044.0,157.93,504.78000000000003,157.59,20.7
63076.0,53.0,1.0,172.9,90.3,30.2,106.5,1.0,1.0,720.0,4.0,1.0,2769.0,111.06,340.70000000000005,114.95999999999998,30.8
63079.0,17.0,1.0,175.0,66.9,21.8,74.3,1.0,1.0,780.0,5.0,5.0,1577.0,99.64999999999998,145.23000000000002,67.04,23.9
63082.0,59.0,2.0,155.8,53.6,22.1,83.0,2.0,1.0,360.0,4.0,8.0,1608.0,37.989999999999995,291.7,37.65999999999999,29.9
63089.0,43.0,2.0,164.7,82.2,30.3,98.9,2.0,1.0,420.0,5.397605346934028e-79,1.0,2188.0,100.5,305.63,67.37999999999998,39.0
63090.0,15.0,2.0,168.0,58.3,20.7,71.7,1.0,2.0,540.0,5.0,5.0,1429.0,32.45,268.16,28.179999999999996,26.1
63092.0,17.0,2.0,160.3,71.8,27.9,86.0,2.0,1.0,360.0,5.0,2.0,695.0,29.1,98.14,22.340000000000003,36.4
63100.0,13.0,2.0,164.2,48.0,17.8,71.2,1.0,1.0,480.0,2.0,5.397605346934028e-79,2390.0,96.02,323.79,82.05,29.3
63103.0,46.0,1.0,171.2,89.4,30.5,105.0,2.0,2.0,300.0,4.0,8.0,2381.0,72.63999999999999,416.41,52.08,35.4
63109.0,41.0,2.0,157.9,90.5,36.3,113.2,2.0,1.0,660.0,5.397605346934028e-79,5.397605346934028e-79,1942.0,68.55,297.68,60.88000000000001,44.1
63110.0,36.0,1.0,179.6,81.7,25.3,87.1,2.0,2.0,240.0,5.0,1.0,2172.0,89.72,259.12,87.85,23.4
63114.0,15.0,1.0,176.4,56.5,18.2,69.7,1.0,2.0,600.0,1.0,3.0,2014.0,73.19,260.05,80.08,17.2
63117.0,24.0,1.0,166.0,72.3,26.2,91.0,2.0,2.0,480.0,5.397605346934028e-79,2.0,2658.0,122.57,333.56,94.66,31.7
63118.0,16.0,1.0,166.2,74.7,27.0,83.4,1.0,1.0,540.0,2.0,5.397605346934028e-79,2923.0,116.03999999999999,389.89,100.87,21.1
63119.0,37.0,1.0,174.6,72.2,23.7,88.6,1.0,1.0,600.0,5.397605346934028e-79,1.0,3106.0,113.9,319.88,159.95000000000002,23.6
63124.0,54.0,2.0,147.3,50.1,23.1,86.4,2.0,2.0,180.0,4.0,1.0,1254.0,56.97,143.08,50.210000000000015,37.6
63126.0,44.0,1.0,182.6,90.1,27.0,99.1,1.0,1.0,480.0,1.0,5.397605346934028e-79,1120.0,83.18999999999998,163.74000000000004,17.769999999999996,30.0
63127.0,28.0,1.0,160.3,71.3,27.7,89.9,2.0,1.0,960.0,4.0,4.0,4428.0,203.87,402.01000000000005,180.71000000000004,28.4
63129.0,14.0,1.0,169.5,86.7,30.2,103.3,1.0,2.0,360.0,2.0,5.397605346934028e-79,2840.0,88.05,499.21999999999997,72.39,43.0
63130.0,16.0,2.0,148.9,39.0,17.6,62.8,2.0,2.0,360.0,8.0,8.0,2238.0,79.83,301.5,80.69,33.4
63133.0,24.0,1.0,176.4,92.6,29.8,98.4,1.0,2.0,120.0,1.0,2.0,2491.0,117.41,308.29,87.65,27.6
63135.0,15.0,1.0,178.3,124.1,39.0,121.3,2.0,1.0,540.0,2.0,2.0,1780.0,35.97,276.06999999999994,60.17,39.3
63136.0,18.0,1.0,169.3,65.5,22.9,78.8,2.0,1.0,120.0,1.0,8.0,2950.0,112.43,368.59000000000003,111.85,17.6
63137.0,49.0,1.0,183.2,82.8,24.7,101.5,1.0,2.0,420.0,3.0,3.0,2263.0,70.17,249.01,115.5,30.5
63138.0,15.0,1.0,180.3,83.7,25.7,92.3,1.0,1.0,480.0,2.0,3.0,2891.0,83.61,490.69000000000005,68.66000000000001,28.0
63148.0,40.0,1.0,175.8,113.2,36.6,122.0,1.0,1.0,180.0,2.0,8.0,1826.0,72.79,279.54,51.21,37.1
63149.0,43.0,2.0,156.5,57.7,23.6,81.8,2.0,1.0,360.0,3.0,5.397605346934028e-79,1988.0,83.39000000000001,189.96999999999997,100.61,37.4
63151.0,44.0,1.0,180.4,111.9,34.4,110.9,2.0,2.0,120.0,2.0,1.0,3072.0,126.59000000000002,363.0800000000001,89.85000000000001,27.7
63154.0,36.0,1.0,163.5,74.2,27.8,97.5,2.0,2.0,720.0,5.397605346934028e-79,8.0,2014.0,101.07,286.93,42.21,28.2
63155.0,18.0,1.0,174.1,73.3,24.2,89.4,2.0,1.0,300.0,5.397605346934028e-79,2.0,783.0,45.62,107.46,21.410000000000004,30.6
63157.0,13.0,1.0,151.6,48.5,21.1,77.4,2.0,2.0,300.0,1.0,1.0,1889.0,69.07,231.86,77.11,32.8
63159.0,48.0,1.0,180.1,122.1,37.6,127.1,2.0,2.0,180.0,3.0,1.0,2217.0,94.71,373.8,44.6,35.9
63162.0,58.0,2.0,163.2,103.5,38.9,124.3,2.0,1.0,480.0,2.0,1.0,878.0,19.009999999999998,146.33,30.15,43.2
63163.0,48.0,1.0,173.0,83.1,27.8,112.0,2.0,2.0,180.0,5.0,5.397605346934028e-79,3439.0,98.05999999999999,257.08,226.33999999999992,34.1
63164.0,54.0,1.0,183.3,103.9,30.9,107.6,1.0,1.0,480.0,2.0,1.0,1845.0,74.78999999999999,235.54,66.89,30.1
63166.0,17.0,2.0,163.8,63.0,23.5,73.1,2.0,2.0,420.0,3.0,3.0,1156.0,45.12000000000001,110.68000000000002,57.540000000000006,31.7
63167.0,37.0,1.0,171.6,85.9,29.2,101.2,2.0,1.0,480.0,2.0,2.0,3336.0,102.78999999999998,452.3500000000001,128.88,28.6
63171.0,20.0,1.0,177.3,77.6,24.7,89.4,2.0,2.0,360.0,5.0,2.0,4123.0,229.84,396.03999999999996,118.99999999999997,23.6
63173.0,18.0,1.0,172.0,67.3,22.7,75.9,1.0,2.0,360.0,8.0,4.0,2025.0,74.03,228.32,93.24999999999999,19.0
63174.0,47.0,2.0,163.5,96.0,35.9,106.1,2.0,2.0,300.0,5.0,5.397605346934028e-79,3684.0,82.26,560.79,127.81,42.9
63175.0,15.0,1.0,163.7,48.4,18.1,68.5,2.0,2.0,600.0,5.397605346934028e-79,8.0,1109.0,55.13,76.57,64.95,15.0
63176.0,19.0,1.0,180.5,109.1,33.5,103.5,2.0,2.0,480.0,2.0,4.0,3582.0,98.96,525.98,125.62999999999998,27.8
63178.0,40.0,2.0,164.9,94.7,34.8,116.2,2.0,1.0,240.0,2.0,8.0,1059.0,36.5,125.71000000000001,46.26,41.2
63180.0,50.0,1.0,161.1,68.0,26.2,92.0,2.0,1.0,360.0,5.397605346934028e-79,1.0,2129.0,64.88000000000001,280.47999999999996,87.42,26.1
63182.0,14.0,2.0,164.2,57.6,21.4,71.2,2.0,2.0,780.0,1.0,4.0,1782.0,66.24999999999999,266.53,53.45,20.2
63191.0,30.0,2.0,168.5,68.6,24.2,81.4,1.0,1.0,600.0,3.0,3.0,3343.0,168.69,350.7,140.81,29.8
63193.0,41.0,2.0,176.2,89.2,28.7,98.5,1.0,1.0,300.0,3.0,8.0,2835.0,72.38999999999999,307.86,111.92,37.4
63194.0,56.0,2.0,159.1,63.0,24.9,87.2,2.0,1.0,360.0,3.0,1.0,1325.0,84.30999999999999,154.74,46.48,37.4
63200.0,59.0,2.0,155.6,65.1,26.9,100.3,2.0,1.0,600.0,4.0,5.397605346934028e-79,1166.0,41.61,108.09,28.349999999999998,42.9
63204.0,44.0,2.0,169.5,96.8,33.7,108.1,2.0,1.0,180.0,2.0,3.0,1425.0,54.12,171.59,58.959999999999994,37.8
63206.0,38.0,1.0,180.1,64.9,20.0,76.4,2.0,2.0,120.0,1.0,2.0,5479.0,259.03,475.28,246.33,13.7
63208.0,30.0,1.0,169.8,76.0,26.4,92.5,2.0,2.0,180.0,3.0,2.0,2520.0,74.75,339.19999999999993,98.50000000000001,22.6
63209.0,39.0,1.0,184.8,94.3,27.6,105.2,1.0,1.0,360.0,2.0,1.0,2799.0,98.57000000000001,365.34999999999997,106.55999999999999,28.2
63211.0,46.0,2.0,165.9,112.2,40.8,124.0,2.0,2.0,600.0,2.0,1.0,3275.0,120.1,323.49999999999994,139.54,47.5
63213.0,43.0,1.0,163.2,64.1,24.1,86.0,2.0,2.0,240.0,1.0,1.0,1036.0,74.67999999999999,111.67999999999999,31.209999999999994,23.5
63216.0,54.0,1.0,173.5,77.0,25.6,94.8,1.0,2.0,480.0,2.0,5.397605346934028e-79,2060.0,110.33,297.15000000000003,56.680000000000014,22.7
63218.0,35.0,1.0,163.4,81.0,30.3,101.3,2.0,2.0,240.0,2.0,8.0,4215.0,164.03999999999996,500.75000000000006,177.92,28.5
63219.0,39.0,1.0,172.3,61.3,20.6,79.9,1.0,1.0,240.0,2.0,1.0,2210.0,80.37,338.09,64.47999999999999,22.3
63220.0,27.0,1.0,187.7,92.8,26.3,98.6,2.0,2.0,420.0,2.0,3.0,3140.0,103.4,379.92,139.03,26.6
63222.0,51.0,2.0,161.1,84.3,32.5,98.3,1.0,1.0,540.0,2.0,1.0,1389.0,77.38,126.4,64.71000000000001,40.0
63223.0,59.0,1.0,177.7,103.7,32.8,115.2,2.0,2.0,180.0,2.0,8.0,2630.0,83.75,306.74,122.82,30.6
63224.0,31.0,2.0,155.6,70.9,29.3,103.0,1.0,2.0,180.0,2.0,8.0,1323.0,37.67,214.85999999999999,37.18,37.4
63228.0,27.0,1.0,169.9,79.6,27.6,93.0,2.0,1.0,120.0,2.0,8.0,3974.0,126.96000000000001,456.42,145.06000000000003,27.7
63230.0,48.0,1.0,168.2,79.7,28.2,96.0,2.0,2.0,540.0,8.0,1.0,1695.0,85.13,199.13000000000002,37.08,24.4
63232.0,14.0,2.0,167.4,76.4,27.3,95.6,2.0,1.0,780.0,2.0,3.0,1334.0,65.72,205.18,27.200000000000003,38.8
63233.0,32.0,1.0,189.3,89.5,25.0,85.7,1.0,2.0,180.0,4.0,5.0,2343.0,112.60000000000001,251.17,99.36,17.0
63242.0,59.0,1.0,160.4,65.3,25.4,90.2,2.0,1.0,60.0,1.0,5.397605346934028e-79,3952.0,129.47,574.8,137.36,21.4
63246.0,13.0,1.0,176.3,58.0,18.7,69.3,1.0,2.0,360.0,2.0,4.0,2695.0,74.91999999999999,319.63,129.03000000000003,18.6
63247.0,19.0,1.0,179.6,61.9,19.2,67.3,2.0,1.0,300.0,5.0,4.0,1257.0,158.17999999999998,80.58000000000001,30.470000000000002,13.9
63250.0,17.0,1.0,180.2,62.0,19.1,76.6,2.0,2.0,480.0,3.0,8.0,4055.0,171.47,620.78,104.47999999999999,16.4
63260.0,42.0,2.0,156.6,52.3,21.3,78.0,1.0,1.0,360.0,4.0,5.397605346934028e-79,1844.0,51.42,201.54000000000002,97.66,28.9
63261.0,41.0,2.0,155.2,62.5,25.9,88.0,2.0,2.0,420.0,5.0,5.397605346934028e-79,2904.0,76.76999999999998,369.68999999999994,125.71,42.6
63263.0,53.0,1.0,170.7,85.0,29.2,102.9,2.0,2.0,180.0,2.0,1.0,2849.0,101.33000000000001,383.17,101.49000000000001,26.9
63264.0,32.0,1.0,169.2,66.5,23.2,81.2,1.0,1.0,120.0,5.397605346934028e-79,2.0,1150.0,44.56,190.30999999999997,23.110000000000003,19.4
63265.0,28.0,2.0,159.7,59.6,23.4,80.2,2.0,1.0,300.0,4.0,3.0,2189.0,121.02,191.37,98.67999999999999,43.3
63268.0,12.0,1.0,158.5,47.4,18.9,67.3,2.0,2.0,480.0,2.0,1.0,1454.0,43.16,201.14,54.36,18.3
63271.0,19.0,1.0,168.1,100.4,35.5,108.1,2.0,1.0,420.0,3.0,2.0,891.0,25.22,148.87,21.09,32.9
63272.0,20.0,2.0,169.7,64.1,22.3,74.4,1.0,1.0,540.0,5.397605346934028e-79,1.0,2343.0,56.37,260.46999999999997,84.88,24.8
63277.0,18.0,1.0,187.6,107.9,30.7,101.1,2.0,1.0,3.0,4.0,2.0,3369.0,92.31999999999998,471.53999999999996,131.97,31.6
63281.0,40.0,1.0,161.6,75.9,29.1,88.2,1.0,1.0,60.0,2.0,8.0,2472.0,86.7,314.99000000000007,78.64,25.5
63283.0,36.0,1.0,161.6,78.8,30.2,91.7,2.0,2.0,300.0,3.0,1.0,3907.0,117.72,624.72,107.9,27.6
63290.0,16.0,2.0,163.4,48.4,18.1,64.9,1.0,1.0,360.0,5.397605346934028e-79,8.0,1596.0,37.43,237.05999999999997,58.36,19.0
63296.0,55.0,2.0,154.8,55.6,23.2,78.8,2.0,2.0,360.0,2.0,5.0,2295.0,94.02000000000001,376.47999999999996,53.650000000000006,34.9
63297.0,50.0,1.0,175.5,94.2,30.6,107.5,2.0,1.0,360.0,3.0,5.397605346934028e-79,1610.0,80.59,243.67,36.11,29.9
63298.0,22.0,2.0,155.5,46.9,19.4,65.8,2.0,1.0,840.0,5.397605346934028e-79,5.397605346934028e-79,1392.0,46.86,233.05999999999997,31.78,28.4
63299.0,17.0,1.0,161.8,64.1,24.5,75.2,1.0,2.0,420.0,3.0,5.397605346934028e-79,1831.0,87.61999999999999,270.2,42.58,17.8
63305.0,37.0,1.0,186.2,92.7,26.7,93.0,2.0,2.0,480.0,5.0,5.397605346934028e-79,2590.0,150.26000000000002,256.99,101.84,27.8
63306.0,37.0,1.0,175.6,95.2,30.9,103.5,1.0,2.0,600.0,2.0,1.0,1312.0,95.97999999999999,16.65,95.78000000000002,28.7
63308.0,28.0,1.0,178.0,72.5,22.9,81.0,2.0,1.0,180.0,3.0,5.397605346934028e-79,3721.0,85.81,572.1199999999999,111.71999999999998,19.5
63310.0,53.0,2.0,164.2,86.6,32.1,102.0,2.0,2.0,240.0,3.0,5.397605346934028e-79,3423.0,152.85000000000002,349.78000000000003,157.47,37.0
63313.0,56.0,1.0,180.8,96.3,29.5,111.1,2.0,2.0,720.0,2.0,2.0,2321.0,119.86,172.93,127.68000000000002,27.3
63317.0,32.0,1.0,173.9,77.5,25.6,84.5,1.0,1.0,120.0,5.397605346934028e-79,5.397605346934028e-79,1418.0,42.12,120.54000000000002,67.63,20.8
63318.0,27.0,1.0,161.7,75.4,28.8,96.8,2.0,1.0,180.0,2.0,3.0,2958.0,70.16,449.35,99.06,28.0
63320.0,27.0,2.0,152.5,48.6,20.9,74.0,2.0,1.0,240.0,2.0,3.0,2200.0,89.08999999999999,301.38,70.39999999999999,33.8
63323.0,48.0,2.0,160.6,49.8,19.3,70.7,2.0,1.0,480.0,5.397605346934028e-79,1.0,1873.0,98.98999999999998,198.98999999999998,49.449999999999996,27.3
63326.0,51.0,2.0,155.0,93.5,38.9,114.4,2.0,2.0,240.0,1.0,8.0,512.0,22.319999999999997,75.94999999999999,12.909999999999998,47.4
63327.0,14.0,1.0,167.1,58.6,21.0,69.9,1.0,2.0,300.0,2.0,5.397605346934028e-79,2102.0,82.63,264.35999999999996,80.13000000000001,18.5
63330.0,51.0,1.0,168.1,57.0,20.2,76.0,2.0,2.0,600.0,1.0,5.397605346934028e-79,2320.0,64.23,224.64,78.32,13.7
63331.0,31.0,2.0,178.0,160.8,50.8,145.3,2.0,1.0,600.0,2.0,1.0,1186.0,36.21,227.59,13.469999999999999,45.5
63332.0,15.0,2.0,157.1,49.3,20.0,73.4,1.0,2.0,480.0,1.0,1.0,3273.0,105.08000000000001,337.9,171.37999999999997,33.3
63339.0,41.0,2.0,149.9,55.3,24.6,83.3,2.0,1.0,360.0,5.397605346934028e-79,3.0,1176.0,41.7,143.07999999999998,50.09,35.3
63340.0,26.0,1.0,184.6,101.1,29.7,104.1,1.0,1.0,360.0,2.0,5.397605346934028e-79,2186.0,60.64,317.5799999999999,77.88,33.9
63350.0,16.0,1.0,175.4,95.3,31.0,103.0,2.0,2.0,420.0,5.0,5.0,2637.0,71.79,296.68,131.39,28.3
63353.0,23.0,2.0,169.5,90.4,31.5,106.4,1.0,1.0,360.0,3.0,1.0,879.0,29.39,107.68,37.03,40.5
63357.0,31.0,2.0,157.8,97.6,39.2,114.0,2.0,2.0,180.0,3.0,8.0,1149.0,37.199999999999996,166.45999999999998,38.29,45.5
63374.0,57.0,1.0,182.9,87.7,26.2,109.0,2.0,1.0,240.0,4.0,8.0,2574.0,83.11000000000001,269.03,117.61999999999999,28.2
63375.0,17.0,2.0,157.7,68.0,27.3,97.2,2.0,2.0,360.0,2.0,1.0,1795.0,37.89,274.4,65.45,43.9
63377.0,39.0,2.0,171.7,110.6,37.5,118.0,2.0,2.0,480.0,5.0,8.0,1106.0,63.76,75.62,61.61,30.1
63378.0,18.0,2.0,167.8,55.7,19.8,74.5,1.0,1.0,60.0,1.0,5.397605346934028e-79,2678.0,76.42999999999999,364.5,105.78,31.2
63380.0,47.0,1.0,180.5,77.9,23.9,95.8,2.0,2.0,120.0,3.0,8.0,3843.0,85.60000000000001,575.67,138.85999999999999,23.7
63382.0,39.0,1.0,168.9,95.8,33.6,104.5,2.0,2.0,120.0,2.0,8.0,4201.0,121.31,483.95000000000005,72.46000000000002,25.8
63383.0,51.0,1.0,175.2,102.9,33.5,109.0,2.0,1.0,240.0,4.0,5.397605346934028e-79,3946.0,169.74,507.42,134.39,28.0
63387.0,20.0,1.0,176.4,66.1,21.2,74.1,1.0,2.0,180.0,2.0,1.0,1148.0,32.94,165.23,41.04,15.4
63392.0,22.0,2.0,159.6,108.3,42.5,120.2,1.0,2.0,420.0,2.0,1.0,683.0,34.46,67.69000000000001,32.19,51.4
63393.0,19.0,2.0,162.1,104.3,39.7,115.5,2.0,2.0,300.0,2.0,3.0,3414.0,102.59,407.55,155.54,42.6
63394.0,16.0,1.0,180.5,75.1,23.1,82.9,1.0,2.0,600.0,2.0,3.0,3720.0,182.42000000000002,370.13,168.76999999999998,19.7
63397.0,51.0,2.0,147.2,61.3,28.3,94.8,2.0,2.0,300.0,8.0,8.0,937.0,28.12,167.44000000000003,17.57,45.8
63402.0,27.0,2.0,151.3,74.5,32.5,100.0,1.0,2.0,540.0,3.0,3.0,1314.0,71.11,129.48,57.279999999999994,41.7
63404.0,48.0,2.0,164.9,77.2,28.4,97.6,2.0,2.0,420.0,4.0,2.0,1185.0,35.31000000000001,80.51,25.31,39.1
63406.0,12.0,1.0,145.7,40.4,19.0,62.0,1.0,1.0,660.0,3.0,1.0,1399.0,47.849999999999994,175.15999999999997,56.63,24.9
63407.0,16.0,2.0,167.6,57.1,20.3,73.0,2.0,2.0,720.0,5.0,3.0,2535.0,103.32000000000001,295.14,106.68999999999998,31.6
63410.0,22.0,1.0,171.6,70.4,23.9,80.1,1.0,2.0,180.0,1.0,2.0,1735.0,60.85999999999999,311.84,32.379999999999995,17.3
63411.0,19.0,1.0,175.6,65.5,21.2,70.5,1.0,1.0,240.0,2.0,1.0,1932.0,73.47000000000001,223.63,82.55,16.4
63412.0,40.0,2.0,164.2,69.3,25.7,94.7,2.0,2.0,240.0,2.0,2.0,1650.0,66.50999999999999,206.40999999999997,63.55,32.3
63414.0,27.0,2.0,169.4,76.4,26.6,100.4,1.0,2.0,360.0,5.0,8.0,1482.0,58.24,88.77,58.37,41.8
63415.0,18.0,1.0,168.4,94.5,33.3,100.1,1.0,2.0,360.0,3.0,5.397605346934028e-79,807.0,37.48000000000001,111.67,23.99,35.5
63421.0,13.0,1.0,160.6,43.3,16.8,62.4,1.0,1.0,840.0,2.0,5.0,2335.0,124.98,329.77,51.86000000000001,18.2
63424.0,17.0,1.0,178.2,83.0,26.1,94.2,2.0,1.0,480.0,2.0,5.397605346934028e-79,1951.0,32.77,249.37000000000003,93.23,29.3
63426.0,58.0,1.0,175.9,83.3,26.9,105.8,2.0,2.0,300.0,1.0,8.0,1837.0,36.17,308.87,32.900000000000006,22.7
63428.0,13.0,2.0,156.9,40.7,16.5,64.0,2.0,2.0,600.0,2.0,5.397605346934028e-79,1300.0,42.13,181.55999999999997,47.74,27.4
63429.0,21.0,1.0,180.1,73.2,22.6,73.7,2.0,1.0,120.0,5.397605346934028e-79,2.0,3788.0,174.51,356.17,184.62,15.5
63431.0,34.0,1.0,164.3,71.9,26.6,95.0,1.0,2.0,240.0,3.0,8.0,963.0,23.560000000000002,184.93,14.750000000000002,30.2
63434.0,23.0,2.0,157.2,75.1,30.4,95.6,2.0,2.0,240.0,1.0,2.0,4784.0,200.3,222.93,375.19,30.3
63435.0,14.0,1.0,174.3,123.5,40.7,126.7,2.0,1.0,600.0,2.0,3.0,1954.0,73.42,261.90000000000003,72.65,39.9
63437.0,23.0,2.0,175.4,74.3,24.2,91.4,2.0,1.0,180.0,2.0,1.0,1839.0,54.309999999999995,262.89,67.64,36.0
63445.0,21.0,2.0,140.0,59.4,30.3,93.7,1.0,1.0,900.0,3.0,3.0,1964.0,82.45,158.89,111.38999999999999,44.6
63449.0,38.0,1.0,169.4,108.3,37.7,116.3,2.0,2.0,360.0,5.0,1.0,1843.0,92.11,225.01999999999998,70.15,33.5
63451.0,28.0,1.0,169.6,81.6,28.4,88.2,2.0,2.0,60.0,5.397605346934028e-79,8.0,2134.0,62.199999999999996,200.45000000000002,54.28,21.7
63454.0,13.0,1.0,156.8,41.6,16.9,63.9,2.0,2.0,480.0,5.397605346934028e-79,8.0,1288.0,31.520000000000003,216.38,34.79,17.4
63455.0,30.0,1.0,188.0,136.5,38.6,116.9,1.0,1.0,420.0,5.0,5.0,5153.0,196.04000000000002,791.5500000000001,132.6,31.3
63457.0,28.0,1.0,171.7,87.8,29.8,98.6,2.0,2.0,300.0,1.0,3.0,3472.0,110.15,282.23,126.33999999999999,24.6
63461.0,21.0,2.0,161.0,103.7,40.0,109.7,2.0,1.0,480.0,2.0,5.0,1479.0,32.63,176.26,31.330000000000002,40.8
63462.0,18.0,2.0,163.4,90.1,33.7,101.0,2.0,2.0,120.0,5.397605346934028e-79,8.0,1086.0,33.54,161.07,33.459999999999994,38.2
63465.0,55.0,1.0,168.9,104.4,36.6,118.4,2.0,2.0,180.0,1.0,2.0,2545.0,90.79,315.03999999999996,104.35,29.9
63466.0,49.0,1.0,176.1,70.7,22.8,85.0,2.0,2.0,300.0,2.0,8.0,2336.0,71.13000000000001,242.75,89.3,21.2
63468.0,55.0,1.0,175.1,67.8,22.1,83.6,2.0,2.0,240.0,4.0,8.0,1729.0,84.41999999999999,195.07999999999998,69.60000000000001,18.4
63469.0,14.0,2.0,156.6,65.8,26.8,83.5,2.0,2.0,240.0,2.0,2.0,1556.0,48.16,218.56,56.86,37.4
63472.0,24.0,2.0,176.8,77.0,24.6,94.6,2.0,2.0,240.0,1.0,5.397605346934028e-79,2448.0,100.32000000000002,339.2899999999999,84.55,40.9
63475.0,41.0,1.0,185.1,87.1,25.4,95.7,2.0,2.0,300.0,2.0,5.0,2231.0,36.53999999999999,227.35000000000002,61.870000000000005,31.4
63479.0,19.0,2.0,176.0,62.3,20.1,71.0,1.0,2.0,720.0,5.0,5.0,1768.0,41.709999999999994,296.92,46.87,25.3
63485.0,42.0,1.0,171.3,91.1,31.0,104.0,1.0,2.0,480.0,4.0,3.0,2795.0,85.42,250.74,109.66999999999999,24.9
63487.0,17.0,1.0,176.5,76.7,24.6,80.0,1.0,1.0,480.0,5.397605346934028e-79,8.0,2577.0,106.28000000000002,334.59,89.47,15.6
63489.0,32.0,1.0,189.0,135.1,37.8,125.2,2.0,1.0,840.0,2.0,5.397605346934028e-79,1640.0,48.029999999999994,209.97,69.88,31.0
63495.0,14.0,2.0,159.2,44.5,17.6,62.1,1.0,2.0,480.0,2.0,1.0,1342.0,32.68,186.31000000000003,53.38,25.1
63496.0,58.0,1.0,189.5,93.5,26.0,99.9,2.0,1.0,120.0,5.0,5.0,4109.0,143.26,441.90999999999997,199.43,26.2
63499.0,33.0,2.0,151.7,99.5,43.2,115.5,2.0,2.0,120.0,3.0,8.0,1711.0,94.47999999999999,215.36,52.449999999999996,41.4
63508.0,34.0,2.0,157.1,70.1,28.4,93.7,1.0,2.0,180.0,5.397605346934028e-79,5.397605346934028e-79,1720.0,109.90000000000003,184.65999999999997,58.849999999999994,40.4
63510.0,56.0,2.0,163.6,57.8,21.6,90.6,2.0,1.0,480.0,1.0,5.397605346934028e-79,2350.0,75.01,330.19,51.21000000000001,34.1
63515.0,54.0,2.0,164.7,73.5,27.1,95.2,2.0,1.0,300.0,4.0,8.0,1392.0,29.46,210.56,50.25,43.8
63516.0,54.0,2.0,150.5,57.9,25.6,84.0,2.0,2.0,60.0,2.0,8.0,1800.0,79.95,245.85000000000002,58.24999999999999,39.1
63519.0,54.0,1.0,165.4,69.8,25.5,95.4,1.0,1.0,360.0,1.0,1.0,2200.0,80.72000000000001,309.3,59.730000000000004,25.9
63521.0,15.0,2.0,149.8,44.0,19.6,69.1,1.0,1.0,540.0,2.0,1.0,1132.0,43.480000000000004,142.35999999999999,44.739999999999995,31.3
63523.0,22.0,2.0,155.1,50.4,21.0,75.5,2.0,2.0,360.0,2.0,5.0,1526.0,51.17,197.56,61.09,33.1
63529.0,23.0,1.0,186.4,66.4,19.1,79.5,1.0,2.0,300.0,1.0,1.0,3496.0,72.41000000000001,500.82999999999987,136.91000000000003,16.5
63531.0,32.0,1.0,156.8,68.9,28.0,94.1,1.0,2.0,20.0,1.0,8.0,766.0,50.830000000000005,82.97,25.799999999999997,26.3
63532.0,54.0,1.0,178.6,108.2,33.9,117.7,2.0,1.0,300.0,5.0,8.0,3227.0,130.84,309.61,166.36,33.2
63539.0,14.0,1.0,173.9,80.5,26.6,95.3,1.0,2.0,720.0,4.0,2.0,2683.0,127.98000000000002,245.6,133.42,31.3
63540.0,57.0,2.0,160.4,92.7,36.0,107.5,2.0,1.0,480.0,4.0,2.0,2644.0,93.81,205.84,155.76,43.5
63545.0,56.0,2.0,159.4,63.8,25.1,77.5,2.0,1.0,480.0,2.0,5.397605346934028e-79,1524.0,43.14,193.71,67.32000000000001,37.6
63550.0,51.0,2.0,165.9,102.7,37.3,113.7,2.0,2.0,240.0,5.0,5.397605346934028e-79,2406.0,98.8,230.73999999999998,120.71,44.4
63551.0,54.0,2.0,164.9,77.8,28.6,94.3,2.0,2.0,300.0,4.0,1.0,1469.0,90.69,109.31,62.37000000000001,42.4
63552.0,50.0,1.0,178.1,98.5,31.1,111.7,2.0,2.0,180.0,1.0,1.0,1842.0,66.98,244.49,67.58,25.4
63558.0,18.0,2.0,153.0,43.1,18.4,68.0,2.0,1.0,240.0,5.397605346934028e-79,1.0,1600.0,62.18999999999999,201.26999999999998,62.39999999999999,34.1
63559.0,41.0,1.0,182.8,83.1,24.9,90.5,1.0,2.0,600.0,1.0,1.0,1812.0,62.959999999999994,272.37000000000006,55.7,24.7
63560.0,40.0,1.0,178.2,98.9,31.1,107.2,2.0,2.0,600.0,2.0,2.0,2046.0,92.12,224.11,90.51000000000002,28.8
63562.0,22.0,1.0,169.3,57.6,20.1,74.2,2.0,1.0,360.0,4.0,3.0,3489.0,141.11,361.32000000000005,147.23999999999998,22.2
63571.0,36.0,1.0,165.9,70.0,25.4,85.0,1.0,2.0,480.0,5.0,3.0,1466.0,77.08,97.24000000000001,85.0,23.5
63572.0,28.0,2.0,150.6,76.7,33.8,95.8,1.0,2.0,600.0,1.0,2.0,2484.0,97.05000000000001,324.89000000000004,69.2,43.3
63573.0,20.0,2.0,170.2,57.8,20.0,71.5,2.0,1.0,360.0,4.0,8.0,2697.0,48.23,420.31999999999994,97.50000000000001,27.2
63575.0,19.0,1.0,168.7,68.4,24.0,80.8,1.0,1.0,240.0,2.0,3.0,3747.0,123.71000000000001,340.18,212.59,19.9
63576.0,46.0,1.0,172.3,82.3,27.7,99.0,1.0,2.0,720.0,3.0,5.397605346934028e-79,3929.0,114.93999999999998,551.19,115.46,28.3
63578.0,41.0,2.0,166.5,113.0,40.8,124.1,2.0,2.0,480.0,5.0,8.0,2388.0,195.50000000000003,228.17,74.65,31.9
63581.0,14.0,2.0,151.5,47.5,20.7,70.2,1.0,1.0,540.0,1.0,2.0,608.0,19.08,96.48,15.61,29.8
63584.0,30.0,2.0,156.1,72.7,29.8,88.4,2.0,2.0,120.0,1.0,5.397605346934028e-79,599.0,15.899999999999999,99.32000000000001,16.23,43.5
63587.0,36.0,1.0,176.0,100.3,32.4,111.5,2.0,1.0,360.0,2.0,2.0,3411.0,117.83999999999999,267.83,207.18999999999997,30.0
63591.0,19.0,2.0,160.7,47.0,18.2,69.0,1.0,2.0,720.0,8.0,4.0,2147.0,88.52000000000001,287.14000000000004,70.64,29.5
63598.0,18.0,2.0,167.4,63.6,22.7,84.6,2.0,1.0,600.0,2.0,1.0,1379.0,46.44,217.97000000000003,36.349999999999994,38.6
63602.0,34.0,1.0,169.7,58.9,20.5,73.8,2.0,2.0,300.0,5.0,5.397605346934028e-79,1782.0,93.28,152.49,60.75,19.6
63610.0,16.0,1.0,183.5,81.7,24.3,87.5,1.0,1.0,480.0,5.0,2.0,1111.0,51.47,164.49,26.459999999999997,20.0
63615.0,26.0,2.0,160.6,60.8,23.6,78.0,1.0,2.0,360.0,2.0,1.0,1083.0,40.970000000000006,111.49000000000001,44.26999999999999,34.7
63617.0,29.0,1.0,189.4,83.3,23.2,87.1,1.0,1.0,15.0,5.397605346934028e-79,1.0,3765.0,121.57,430.02,118.94000000000001,25.6
63622.0,18.0,1.0,178.4,81.3,25.5,95.3,2.0,1.0,480.0,5.0,5.397605346934028e-79,2042.0,79.24,250.53,80.84,29.9
63625.0,23.0,2.0,153.3,52.9,22.5,82.1,2.0,2.0,180.0,3.0,5.397605346934028e-79,2612.0,107.9,358.1700000000001,82.74999999999999,37.8
63626.0,39.0,2.0,164.9,60.7,22.3,81.7,2.0,1.0,120.0,1.0,1.0,1408.0,30.32,228.86,46.099999999999994,31.7
63629.0,36.0,2.0,166.9,56.1,20.1,76.8,2.0,2.0,420.0,5.397605346934028e-79,1.0,1966.0,107.47,259.05,58.60999999999999,28.2
63633.0,48.0,1.0,184.8,104.6,30.6,110.2,1.0,2.0,540.0,2.0,2.0,2553.0,70.61,296.4100000000001,90.30000000000001,29.0
63636.0,17.0,1.0,174.8,61.1,20.0,70.5,2.0,1.0,300.0,2.0,1.0,1711.0,82.96999999999998,209.01000000000002,62.85000000000001,14.8
63638.0,47.0,2.0,177.3,110.0,35.0,116.0,1.0,1.0,480.0,2.0,5.397605346934028e-79,766.0,47.95,109.59000000000002,15.350000000000001,37.8
63639.0,55.0,1.0,172.2,90.6,30.6,106.8,2.0,2.0,360.0,5.0,5.0,1700.0,64.56,176.51999999999998,65.75,32.8
63641.0,12.0,1.0,159.4,81.4,32.0,109.3,1.0,2.0,600.0,4.0,8.0,3308.0,110.82000000000002,471.96999999999997,114.14999999999999,47.1
63642.0,25.0,1.0,167.9,81.5,28.9,96.6,1.0,1.0,180.0,1.0,5.397605346934028e-79,1951.0,111.64000000000003,206.82,77.12000000000002,26.9
63643.0,18.0,2.0,176.9,100.2,32.0,113.4,2.0,2.0,600.0,1.0,1.0,2057.0,113.58,204.57999999999998,87.77,41.6
63645.0,15.0,1.0,186.5,83.8,24.1,85.4,1.0,1.0,300.0,2.0,5.0,4004.0,124.60000000000001,587.19,133.11,20.3
63652.0,28.0,1.0,161.5,47.7,18.3,65.3,2.0,2.0,180.0,2.0,8.0,1792.0,47.089999999999996,267.26,52.59,19.3
63653.0,19.0,2.0,157.8,77.0,30.9,94.5,2.0,2.0,240.0,1.0,5.397605346934028e-79,1089.0,40.97,159.29,33.04,44.2
63655.0,17.0,2.0,164.8,61.5,22.6,77.8,1.0,1.0,300.0,3.0,2.0,2072.0,78.94,257.94000000000005,88.08,25.4
63656.0,16.0,2.0,169.7,92.5,32.1,102.3,2.0,2.0,660.0,4.0,2.0,468.0,29.78,65.30000000000001,10.23,43.5
63657.0,30.0,1.0,176.7,88.3,28.3,103.5,1.0,2.0,540.0,1.0,1.0,1697.0,77.87,225.38,56.580000000000005,34.0
63663.0,42.0,2.0,149.5,64.3,28.8,88.1,2.0,2.0,30.0,1.0,8.0,853.0,35.31,134.85,20.7,40.9
63664.0,58.0,1.0,175.9,84.5,27.3,98.0,2.0,1.0,360.0,3.0,1.0,2842.0,84.73,388.2300000000001,107.13999999999999,21.9
63665.0,56.0,1.0,167.2,82.7,29.6,102.4,2.0,1.0,360.0,3.0,2.0,1608.0,117.81,194.39999999999998,42.89,31.6
63673.0,43.0,1.0,186.3,113.5,32.7,112.6,2.0,2.0,120.0,1.0,8.0,2191.0,109.23,212.55,100.18999999999998,30.8
63675.0,12.0,1.0,147.4,33.1,15.2,58.3,1.0,1.0,360.0,2.0,3.0,3571.0,173.53000000000006,498.56000000000006,103.39000000000001,25.3
63680.0,54.0,1.0,165.8,76.5,27.8,97.1,2.0,1.0,240.0,2.0,8.0,3528.0,231.28999999999996,381.06,120.59999999999997,26.6
63682.0,14.0,1.0,179.6,65.4,20.3,78.0,1.0,1.0,600.0,1.0,1.0,1838.0,57.78,246.89999999999998,71.68,24.0
63683.0,53.0,1.0,183.8,101.4,30.0,108.0,2.0,2.0,360.0,5.0,8.0,1762.0,79.02000000000001,191.03000000000006,77.57,27.2
63684.0,54.0,2.0,166.9,80.2,28.8,99.8,2.0,1.0,240.0,4.0,1.0,1274.0,40.22,114.04,72.55,41.2
63690.0,29.0,1.0,178.7,70.9,22.2,82.9,1.0,1.0,600.0,5.397605346934028e-79,5.397605346934028e-79,2255.0,99.96,340.08,64.22999999999998,22.2
63691.0,21.0,1.0,168.8,90.1,31.6,107.8,2.0,2.0,360.0,5.0,8.0,3524.0,118.53,454.6600000000001,104.86,33.6
63697.0,41.0,1.0,190.5,98.1,27.0,92.1,1.0,2.0,300.0,2.0,1.0,2161.0,93.36999999999999,234.98999999999998,99.49000000000001,19.0
63699.0,47.0,2.0,164.8,67.7,24.9,82.5,1.0,2.0,180.0,1.0,5.397605346934028e-79,1453.0,51.23,158.51000000000002,72.61,35.6
63700.0,40.0,1.0,180.0,103.5,31.9,109.0,1.0,2.0,180.0,1.0,8.0,1089.0,66.73,88.25,52.31,33.4
63701.0,55.0,1.0,170.3,74.6,25.7,89.4,1.0,2.0,300.0,5.397605346934028e-79,1.0,2109.0,67.37,294.83,77.99999999999999,23.0
63706.0,13.0,1.0,150.5,35.5,15.7,62.0,1.0,2.0,660.0,2.0,5.397605346934028e-79,2815.0,78.06,430.58,90.49000000000004,19.1
63709.0,16.0,2.0,154.0,85.7,36.1,103.4,2.0,2.0,120.0,1.0,2.0,2092.0,110.86,210.40999999999997,94.1,41.5
63713.0,52.0,1.0,177.6,83.1,26.3,100.5,1.0,1.0,780.0,5.397605346934028e-79,5.397605346934028e-79,2626.0,96.83000000000001,378.37999999999994,93.97999999999999,30.1
63717.0,50.0,2.0,158.7,64.6,25.6,96.2,2.0,1.0,120.0,1.0,1.0,1404.0,41.63,129.76000000000002,58.089999999999996,39.1
63718.0,50.0,2.0,153.9,64.5,27.2,79.1,2.0,2.0,120.0,2.0,5.397605346934028e-79,186.0,14.84,20.95,4.72,40.7
63719.0,21.0,1.0,173.9,58.4,19.3,72.9,2.0,1.0,180.0,1.0,8.0,3204.0,89.61,465.69000000000017,114.07,19.2
63721.0,22.0,2.0,168.1,51.6,18.3,73.0,2.0,1.0,420.0,5.0,3.0,686.0,22.860000000000003,79.96000000000001,31.049999999999997,23.7
63724.0,33.0,1.0,171.5,82.0,27.9,100.0,2.0,2.0,180.0,2.0,8.0,2651.0,90.91,339.80999999999995,105.4,30.2
63726.0,12.0,2.0,154.2,62.8,26.4,93.3,2.0,2.0,600.0,8.0,3.0,2129.0,59.05,296.81,81.07999999999998,39.7
63729.0,50.0,1.0,167.8,86.0,30.5,108.1,2.0,1.0,840.0,4.0,5.397605346934028e-79,2534.0,107.66000000000001,297.47,58.04,34.3
63730.0,14.0,1.0,170.2,62.5,21.6,71.0,1.0,2.0,480.0,1.0,1.0,1365.0,98.39999999999998,142.96,44.29,21.7
63733.0,58.0,2.0,154.6,81.3,34.0,107.9,2.0,1.0,180.0,1.0,5.397605346934028e-79,1161.0,86.57000000000001,141.55,26.820000000000004,45.7
63736.0,36.0,1.0,175.8,113.3,36.7,116.1,2.0,1.0,240.0,2.0,5.397605346934028e-79,5575.0,188.57999999999998,350.78,267.75,25.9
63746.0,49.0,1.0,168.9,72.1,25.3,81.2,2.0,2.0,60.0,2.0,8.0,2304.0,71.61,279.71,103.64,13.3
63750.0,20.0,2.0,156.4,68.6,28.0,85.2,2.0,1.0,240.0,1.0,8.0,2096.0,68.96000000000001,247.76999999999998,93.75,40.5
63753.0,33.0,1.0,165.4,71.0,26.0,90.0,2.0,2.0,180.0,2.0,8.0,1676.0,88.04,243.76000000000002,40.199999999999996,25.6
63754.0,46.0,2.0,167.0,74.5,26.7,96.0,2.0,2.0,180.0,5.0,5.397605346934028e-79,2745.0,86.13,357.0400000000001,112.3,44.2
63758.0,28.0,1.0,180.3,81.6,25.1,95.4,2.0,2.0,240.0,1.0,2.0,4872.0,179.57000000000002,498.68,155.82,26.9
63759.0,56.0,1.0,190.9,79.3,21.8,86.0,2.0,2.0,120.0,2.0,2.0,1791.0,55.260000000000005,305.46999999999997,45.91999999999999,24.7
63760.0,16.0,1.0,179.2,55.2,17.2,64.8,2.0,2.0,240.0,1.0,4.0,1280.0,29.68,227.00000000000003,29.88,14.2
63761.0,21.0,2.0,168.8,62.6,22.0,82.7,1.0,1.0,300.0,4.0,3.0,1671.0,97.82999999999998,198.77000000000004,56.86000000000001,30.4
63762.0,23.0,1.0,180.4,92.2,28.3,97.2,2.0,2.0,300.0,3.0,5.397605346934028e-79,3182.0,114.43,362.84000000000003,131.3,25.7
63763.0,17.0,2.0,163.7,84.2,31.4,92.6,2.0,2.0,60.0,1.0,4.0,987.0,39.96,150.46,24.480000000000004,44.5
63764.0,14.0,2.0,165.0,46.0,16.9,69.1,2.0,2.0,840.0,5.397605346934028e-79,5.397605346934028e-79,997.0,22.680000000000003,160.03999999999996,31.34,28.2
63766.0,54.0,2.0,170.8,79.8,27.4,94.1,2.0,2.0,180.0,3.0,1.0,2181.0,87.06999999999998,144.04,112.96000000000002,39.3
63769.0,44.0,1.0,163.7,81.7,30.5,97.1,2.0,2.0,180.0,3.0,5.397605346934028e-79,3433.0,152.97,447.10999999999996,115.08,28.4
63771.0,43.0,1.0,172.7,119.1,39.9,122.7,2.0,2.0,600.0,5.0,4.0,3688.0,141.62,442.88999999999993,153.47,30.3
63777.0,41.0,2.0,159.1,84.9,33.5,98.7,2.0,1.0,120.0,1.0,8.0,2308.0,131.01,222.63000000000002,98.28999999999999,46.7
63778.0,14.0,2.0,168.1,54.0,19.1,70.0,1.0,1.0,600.0,3.0,5.397605346934028e-79,3345.0,172.04999999999998,288.43999999999994,166.35,24.8
63787.0,30.0,1.0,178.9,63.9,20.0,80.7,2.0,2.0,180.0,1.0,5.397605346934028e-79,3200.0,85.25,475.49000000000007,103.07000000000001,19.7
63793.0,27.0,2.0,149.7,57.9,25.8,89.0,2.0,1.0,360.0,2.0,5.397605346934028e-79,2413.0,80.34,330.50999999999993,88.64000000000003,42.1
63796.0,36.0,2.0,155.4,51.7,21.4,78.5,2.0,2.0,840.0,3.0,2.0,1772.0,40.910000000000004,230.28,79.69,28.4
63797.0,14.0,1.0,152.7,54.0,23.2,81.3,1.0,1.0,540.0,3.0,2.0,2121.0,42.59,357.09,62.62000000000001,39.1
63802.0,48.0,2.0,176.7,109.0,34.9,117.0,2.0,1.0,240.0,3.0,1.0,4073.0,147.79000000000002,467.16,187.22,38.5
63803.0,36.0,2.0,155.4,56.8,23.5,85.7,2.0,2.0,240.0,2.0,3.0,2351.0,106.28000000000002,328.23999999999995,74.41000000000001,38.7
63805.0,53.0,2.0,161.8,107.8,41.2,125.0,2.0,1.0,420.0,4.0,2.0,1568.0,66.98,209.56,51.22,46.5
63810.0,16.0,1.0,173.1,56.8,19.0,70.5,2.0,2.0,840.0,2.0,8.0,2839.0,125.74999999999999,410.89000000000004,80.11000000000001,19.3
63814.0,17.0,1.0,176.9,60.3,19.3,74.0,1.0,1.0,540.0,5.397605346934028e-79,2.0,4715.0,233.33,614.36,148.48999999999998,19.4
63817.0,47.0,2.0,159.1,57.3,22.6,73.0,1.0,1.0,720.0,1.0,5.397605346934028e-79,1511.0,77.28999999999999,133.94,77.11,35.0
63818.0,40.0,2.0,167.8,97.9,34.8,114.6,2.0,2.0,420.0,4.0,5.397605346934028e-79,2228.0,95.54,266.1600000000001,87.17999999999999,43.6
63820.0,58.0,2.0,163.2,72.0,27.0,96.8,2.0,2.0,180.0,2.0,5.0,1597.0,40.06999999999999,279.6,36.58,39.5
63822.0,13.0,1.0,162.8,48.7,18.4,65.1,2.0,2.0,480.0,4.0,4.0,987.0,46.39,100.8,43.290000000000006,17.7
63825.0,31.0,1.0,185.0,83.4,24.4,90.4,1.0,1.0,720.0,2.0,1.0,1616.0,95.05,245.1,34.81999999999999,23.5
63827.0,52.0,2.0,148.6,88.0,39.9,118.4,2.0,1.0,120.0,1.0,5.397605346934028e-79,1112.0,45.449999999999996,183.93,25.700000000000003,48.6
63831.0,23.0,2.0,160.4,78.2,30.4,100.4,2.0,1.0,720.0,5.0,5.0,2257.0,98.46,305.82000000000005,73.9,44.1
63832.0,46.0,1.0,180.5,112.2,34.4,114.9,2.0,1.0,600.0,4.0,5.397605346934028e-79,3419.0,126.33000000000001,410.5,140.39,27.7
63834.0,52.0,2.0,159.5,127.4,50.1,132.0,2.0,2.0,600.0,2.0,8.0,1351.0,72.42,195.6,29.869999999999997,46.9
63836.0,16.0,1.0,169.2,82.7,28.9,86.9,2.0,2.0,780.0,2.0,2.0,2039.0,94.26,200.42999999999995,96.16,36.8
63841.0,27.0,1.0,176.6,103.2,33.1,109.8,2.0,1.0,60.0,5.397605346934028e-79,5.397605346934028e-79,2221.0,74.7,294.49999999999994,86.46,37.1
63843.0,13.0,2.0,157.4,77.7,31.4,102.2,1.0,2.0,480.0,4.0,1.0,1548.0,49.230000000000004,224.46999999999997,56.53000000000001,38.2
63845.0,43.0,1.0,168.6,90.7,31.9,107.1,2.0,2.0,420.0,4.0,2.0,1911.0,46.72,208.42999999999998,31.98,31.5
63847.0,58.0,1.0,159.7,71.6,28.1,103.0,2.0,2.0,360.0,5.0,5.397605346934028e-79,2109.0,63.50999999999999,197.35,98.19000000000003,26.0
63848.0,31.0,1.0,180.3,90.9,28.0,92.6,1.0,1.0,360.0,2.0,1.0,2465.0,91.55999999999999,316.36999999999995,94.28,25.2
63849.0,34.0,1.0,176.1,93.2,30.1,96.3,1.0,1.0,360.0,2.0,5.397605346934028e-79,2477.0,55.72,345.76,102.13,28.1
63850.0,49.0,2.0,164.8,78.6,28.9,95.7,2.0,2.0,480.0,3.0,1.0,2517.0,122.9,343.3,80.63,35.1
63852.0,50.0,1.0,173.8,96.7,32.0,121.2,2.0,2.0,480.0,3.0,5.397605346934028e-79,918.0,34.15,113.85,36.44,40.7
63856.0,20.0,2.0,171.5,55.1,18.7,68.5,2.0,2.0,420.0,2.0,1.0,2550.0,100.76,332.5,93.08,26.4
63859.0,55.0,1.0,174.9,102.6,33.5,115.0,2.0,2.0,660.0,5.0,8.0,2349.0,107.44,165.03,94.69,28.4
63860.0,50.0,2.0,156.8,67.0,27.3,90.3,2.0,1.0,360.0,1.0,5.397605346934028e-79,1836.0,92.91,195.27999999999997,76.9,44.0
63871.0,45.0,2.0,164.7,91.2,33.6,115.5,2.0,2.0,420.0,2.0,1.0,1306.0,44.55,121.20999999999998,72.16999999999999,42.5
63872.0,18.0,2.0,156.8,39.0,15.9,64.4,2.0,2.0,600.0,4.0,4.0,1527.0,64.05,169.98000000000002,65.35,22.3
63877.0,20.0,2.0,157.5,44.0,17.7,64.7,2.0,2.0,720.0,4.0,4.0,1771.0,58.23,189.24999999999994,87.78,33.3
63881.0,25.0,2.0,159.9,54.3,21.2,71.7,1.0,1.0,240.0,8.0,8.0,1562.0,58.93000000000001,237.31999999999996,45.690000000000005,28.5
63882.0,43.0,1.0,172.6,68.7,23.1,86.6,2.0,1.0,600.0,5.397605346934028e-79,5.397605346934028e-79,1898.0,64.72000000000001,237.04999999999998,78.82,26.9
63885.0,19.0,1.0,179.9,66.5,20.5,69.3,1.0,1.0,300.0,5.397605346934028e-79,5.397605346934028e-79,836.0,40.419999999999995,89.7,34.290000000000006,16.0
63888.0,25.0,1.0,174.5,113.6,37.3,114.7,1.0,1.0,120.0,2.0,2.0,2267.0,52.74000000000001,340.02,79.03999999999999,30.7
63891.0,55.0,2.0,161.3,67.8,26.1,95.5,2.0,1.0,300.0,3.0,2.0,1395.0,38.19,204.96,49.33,41.7
63895.0,37.0,1.0,174.2,75.5,24.9,85.3,1.0,2.0,600.0,3.0,5.0,3162.0,161.01999999999998,288.03999999999996,100.15999999999998,22.1
63898.0,51.0,2.0,154.0,90.2,38.0,116.5,2.0,2.0,30.0,5.397605346934028e-79,8.0,2979.0,117.42999999999999,360.21999999999997,120.11999999999999,45.0
63901.0,12.0,1.0,169.7,52.6,18.3,68.1,1.0,1.0,420.0,2.0,5.397605346934028e-79,2419.0,108.81,387.26,51.62,17.1
63903.0,19.0,1.0,182.1,112.3,33.9,97.7,1.0,2.0,180.0,2.0,1.0,2120.0,52.58,360.65,56.63,25.7
63912.0,28.0,1.0,178.5,78.2,24.5,83.0,1.0,2.0,540.0,1.0,4.0,2908.0,130.19,396.32000000000005,79.85000000000001,20.3
63913.0,18.0,1.0,169.7,79.0,27.4,92.2,1.0,2.0,240.0,2.0,5.397605346934028e-79,2226.0,83.87,252.13000000000002,99.31000000000002,25.4
63915.0,40.0,2.0,169.5,105.3,36.7,133.5,2.0,1.0,480.0,3.0,2.0,1884.0,84.12000000000003,193.83000000000004,84.23,43.7
63916.0,34.0,1.0,183.9,130.0,38.4,129.5,2.0,1.0,180.0,2.0,5.397605346934028e-79,3094.0,85.81,442.71999999999997,113.50999999999999,36.4
63918.0,49.0,1.0,178.0,93.3,29.4,101.7,1.0,1.0,240.0,2.0,5.397605346934028e-79,1811.0,91.33000000000001,166.99,89.84999999999998,26.9
63924.0,29.0,2.0,164.6,113.4,41.9,130.0,2.0,2.0,600.0,2.0,5.0,1727.0,55.26,222.39000000000004,71.5,43.7
63926.0,34.0,1.0,181.4,96.3,29.3,102.1,2.0,1.0,480.0,3.0,1.0,1394.0,83.02000000000001,109.28,70.47,28.7
63927.0,37.0,1.0,179.8,87.3,27.0,101.9,2.0,1.0,60.0,2.0,8.0,3551.0,195.51000000000002,233.52999999999997,136.23000000000002,33.6
63934.0,18.0,1.0,177.2,108.5,34.6,114.9,1.0,1.0,240.0,2.0,8.0,1585.0,75.44000000000001,151.49,76.88000000000001,33.5
63935.0,17.0,1.0,170.7,55.4,19.0,69.5,1.0,1.0,60.0,5.397605346934028e-79,5.397605346934028e-79,2134.0,45.339999999999996,359.92,62.57,18.8
63937.0,15.0,2.0,171.8,86.7,29.4,108.1,1.0,1.0,660.0,3.0,5.0,1518.0,39.82,154.99,82.69999999999999,45.7
63938.0,12.0,2.0,167.4,64.5,23.0,78.7,1.0,2.0,600.0,3.0,2.0,2614.0,126.51,292.32,103.75999999999999,34.6
63940.0,15.0,1.0,182.1,75.2,22.7,75.9,1.0,1.0,600.0,2.0,3.0,1565.0,20.5,302.46,31.269999999999996,16.3
63942.0,42.0,2.0,153.6,42.7,18.1,70.5,2.0,2.0,120.0,3.0,3.0,2018.0,40.78999999999999,225.38,37.95,27.7
63943.0,29.0,2.0,166.9,81.8,29.4,97.4,2.0,1.0,600.0,1.0,5.397605346934028e-79,1643.0,40.12,245.51,27.709999999999997,42.0
63944.0,20.0,1.0,168.2,122.4,43.3,127.0,2.0,2.0,720.0,5.0,5.0,2579.0,212.46,282.78000000000003,64.82000000000001,45.5
63945.0,29.0,2.0,169.7,86.6,30.1,97.8,1.0,2.0,720.0,2.0,1.0,2239.0,74.21999999999998,260.45,106.33999999999999,36.5
63946.0,39.0,1.0,178.2,94.7,29.8,102.2,2.0,1.0,120.0,1.0,1.0,1553.0,72.97,177.26999999999995,49.279999999999994,26.1
63948.0,50.0,2.0,164.3,75.8,28.1,100.0,2.0,1.0,480.0,2.0,2.0,1232.0,54.57000000000001,170.82999999999998,43.440000000000005,40.5
63950.0,28.0,2.0,167.2,112.3,40.2,127.6,2.0,1.0,360.0,2.0,1.0,3017.0,150.01000000000002,268.13000000000005,100.50000000000001,49.0
63957.0,59.0,2.0,165.9,97.4,35.4,112.2,2.0,2.0,420.0,5.0,8.0,578.0,12.99,57.66,37.63,49.9
63959.0,41.0,1.0,177.5,82.2,26.1,96.7,2.0,2.0,120.0,5.397605346934028e-79,1.0,3603.0,113.16999999999999,492.45,135.89999999999998,28.2
63960.0,21.0,1.0,183.1,144.9,43.2,138.1,2.0,2.0,480.0,2.0,5.0,2160.0,156.69000000000003,212.85000000000002,74.49000000000001,39.4
63966.0,34.0,2.0,171.5,123.4,42.0,124.6,2.0,2.0,960.0,5.397605346934028e-79,5.0,3294.0,99.28999999999998,344.45,130.67000000000002,45.3
63973.0,15.0,2.0,160.7,52.6,20.4,73.3,1.0,1.0,780.0,1.0,5.397605346934028e-79,1507.0,78.66000000000001,189.67000000000002,49.83,30.8
63977.0,22.0,2.0,170.2,73.4,25.3,86.4,1.0,2.0,180.0,2.0,1.0,2926.0,66.67999999999999,347.1,144.64,35.7
63983.0,31.0,1.0,172.0,80.0,27.0,101.5,2.0,2.0,960.0,1.0,5.397605346934028e-79,1159.0,26.0,207.02999999999997,26.89,31.4
63984.0,24.0,1.0,177.9,75.9,24.0,81.1,2.0,2.0,480.0,1.0,5.0,3585.0,116.52000000000001,427.16,161.56,21.2
63990.0,17.0,1.0,169.4,55.3,19.3,74.3,1.0,1.0,480.0,1.0,1.0,1546.0,48.169999999999995,245.21000000000004,43.400000000000006,26.1
63992.0,44.0,1.0,191.0,146.1,40.0,137.5,2.0,2.0,480.0,5.0,2.0,2254.0,96.37999999999998,256.06999999999994,95.39,35.6
63996.0,35.0,1.0,177.0,78.7,25.1,82.1,1.0,2.0,120.0,2.0,2.0,4623.0,192.68,436.18000000000006,244.65,16.8
63998.0,48.0,2.0,166.9,54.8,19.7,79.4,1.0,1.0,360.0,2.0,2.0,2120.0,135.03,274.61,57.529999999999994,29.7
64000.0,31.0,1.0,176.5,99.1,31.8,109.2,2.0,1.0,60.0,5.397605346934028e-79,1.0,1060.0,32.88,169.97,17.83,31.3
64005.0,12.0,2.0,167.0,67.1,24.1,90.8,1.0,1.0,30.0,5.397605346934028e-79,2.0,1020.0,13.67,195.99999999999997,21.800000000000004,39.8
64012.0,16.0,2.0,154.7,49.1,20.5,72.5,2.0,1.0,480.0,3.0,1.0,2528.0,111.74999999999999,284.34000000000003,105.00999999999999,32.0
64014.0,20.0,2.0,173.5,57.7,19.2,72.1,2.0,2.0,600.0,5.397605346934028e-79,1.0,1828.0,50.959999999999994,280.62,59.86,26.0
64015.0,32.0,1.0,168.5,82.3,29.0,95.5,2.0,2.0,240.0,4.0,5.397605346934028e-79,2624.0,80.49000000000001,418.99,67.27999999999999,27.3
64017.0,24.0,2.0,178.7,78.2,24.5,86.7,1.0,2.0,540.0,3.0,3.0,1816.0,49.36000000000001,323.4,39.099999999999994,40.7
64018.0,35.0,1.0,181.5,71.8,21.8,77.2,2.0,2.0,240.0,2.0,1.0,2640.0,126.82000000000001,392.19,68.12,13.5
64020.0,17.0,2.0,158.1,52.3,20.9,69.1,2.0,1.0,720.0,1.0,2.0,1896.0,77.66,274.55000000000007,54.72,34.1
64025.0,31.0,1.0,181.7,87.5,26.5,93.7,1.0,1.0,480.0,5.397605346934028e-79,2.0,1526.0,108.62,138.4,60.980000000000004,24.1
64029.0,22.0,1.0,176.8,99.9,32.0,105.4,1.0,1.0,360.0,5.397605346934028e-79,5.397605346934028e-79,623.0,4.24,97.97,24.62,33.3
64032.0,46.0,1.0,184.5,91.1,26.8,99.0,1.0,1.0,120.0,2.0,2.0,3139.0,146.82,385.44,115.17000000000002,23.5
64037.0,28.0,1.0,179.5,93.6,29.1,97.2,2.0,1.0,720.0,5.0,5.0,3467.0,193.77000000000007,363.87,139.88,25.8
64040.0,31.0,1.0,171.5,97.2,33.0,108.0,1.0,1.0,60.0,5.397605346934028e-79,5.397605346934028e-79,1048.0,13.45,241.59,6.779999999999999,37.6
64042.0,39.0,1.0,175.3,82.6,26.9,92.5,1.0,2.0,300.0,5.0,5.397605346934028e-79,1215.0,67.67,121.42,40.77,22.4
64043.0,14.0,1.0,183.3,68.1,20.3,73.8,1.0,2.0,480.0,5.0,3.0,2643.0,110.67000000000002,320.59,99.53,13.2
64046.0,39.0,2.0,170.9,92.8,31.8,112.1,2.0,2.0,1200.0,5.0,5.397605346934028e-79,1064.0,44.290000000000006,133.04999999999998,44.160000000000004,41.9
64047.0,34.0,2.0,162.4,83.1,31.5,95.0,1.0,2.0,480.0,4.0,1.0,1197.0,44.57999999999999,141.95,49.39,48.5
64048.0,54.0,2.0,160.6,67.5,26.2,90.0,2.0,2.0,900.0,5.397605346934028e-79,5.397605346934028e-79,2735.0,77.03,295.57,140.45,39.4
64049.0,16.0,2.0,160.9,74.2,28.7,89.3,2.0,2.0,480.0,3.0,8.0,1010.0,58.12,88.1,46.709999999999994,44.1
64051.0,21.0,1.0,165.6,81.0,29.5,102.3,1.0,2.0,240.0,5.0,3.0,1476.0,123.78000000000002,137.45000000000002,48.63,36.2
64054.0,19.0,2.0,164.8,61.5,22.6,77.6,2.0,2.0,180.0,4.0,5.0,1202.0,40.550000000000004,141.76,41.59,32.5
64055.0,59.0,2.0,154.8,93.7,39.1,116.1,2.0,1.0,420.0,5.0,8.0,1588.0,60.379999999999995,226.67,49.6,43.8
64056.0,18.0,1.0,188.5,88.1,24.8,89.7,1.0,2.0,360.0,2.0,5.397605346934028e-79,2009.0,123.01,321.21999999999997,30.790000000000003,21.9
64064.0,46.0,2.0,148.2,49.7,22.6,77.9,1.0,1.0,600.0,2.0,2.0,897.0,34.12,102.68,32.06,28.4
64065.0,46.0,1.0,185.6,101.0,29.3,105.6,1.0,2.0,600.0,3.0,1.0,4761.0,136.66,699.69,164.67000000000002,33.6
64069.0,39.0,2.0,178.4,81.5,25.6,104.3,2.0,2.0,600.0,5.0,5.397605346934028e-79,3916.0,93.36,581.03,142.32000000000002,36.5
64075.0,22.0,1.0,173.7,69.9,23.2,77.5,2.0,1.0,120.0,5.397605346934028e-79,8.0,4239.0,105.2,540.6700000000001,194.18,18.6
64077.0,45.0,1.0,177.9,84.3,26.6,93.9,1.0,2.0,360.0,8.0,2.0,3291.0,75.16,634.0299999999999,71.55,25.3
64078.0,17.0,1.0,173.9,78.9,26.1,83.3,1.0,2.0,600.0,4.0,5.397605346934028e-79,2794.0,74.36000000000001,324.0899999999999,134.86,24.3
64079.0,25.0,2.0,158.7,86.2,34.2,112.0,2.0,1.0,300.0,8.0,1.0,1211.0,32.4,214.39000000000004,27.559999999999995,43.0
64085.0,13.0,2.0,158.3,45.3,18.1,65.8,1.0,1.0,480.0,1.0,5.397605346934028e-79,1870.0,108.38000000000002,210.26,67.66,29.7
64086.0,45.0,2.0,163.4,56.5,21.2,74.8,2.0,1.0,300.0,5.397605346934028e-79,5.0,1601.0,89.28,193.38999999999996,57.230000000000004,29.6
64089.0,54.0,2.0,163.4,87.7,32.8,114.3,2.0,1.0,480.0,2.0,4.0,1420.0,34.56,179.47,64.67999999999999,46.9
64090.0,18.0,1.0,179.6,178.1,55.2,129.6,2.0,2.0,480.0,4.0,5.0,1180.0,57.12,100.35000000000001,61.08,43.6
64095.0,37.0,1.0,185.7,107.4,31.1,106.2,1.0,1.0,480.0,2.0,2.0,2763.0,107.03999999999999,324.64000000000004,119.19,27.4
64098.0,54.0,1.0,171.7,76.7,26.0,95.2,2.0,2.0,480.0,1.0,5.0,1123.0,47.73,173.57000000000002,26.22,24.1
64103.0,12.0,2.0,152.5,44.5,19.1,68.5,1.0,2.0,600.0,1.0,5.397605346934028e-79,2877.0,75.86999999999999,406.91999999999996,105.92999999999999,26.6
64106.0,34.0,1.0,191.3,77.4,21.2,82.5,1.0,2.0,240.0,8.0,5.397605346934028e-79,3342.0,110.07000000000001,446.02,76.69,20.1
64111.0,33.0,2.0,170.2,95.8,33.1,112.0,2.0,2.0,720.0,5.0,8.0,13687.0,387.37000000000006,1815.0199999999988,553.79,41.3
64112.0,14.0,1.0,163.0,51.7,19.5,74.2,1.0,2.0,720.0,1.0,1.0,2293.0,76.89,217.78000000000006,123.91,22.8
64116.0,23.0,1.0,177.9,91.1,28.8,97.9,2.0,1.0,600.0,1.0,5.0,2187.0,56.32,323.54,76.31,35.1
64117.0,16.0,2.0,173.3,72.3,24.1,84.6,1.0,2.0,480.0,5.397605346934028e-79,3.0,2434.0,87.02,353.86000000000007,80.33,35.8
64121.0,34.0,2.0,152.4,71.0,30.6,103.8,2.0,2.0,480.0,3.0,2.0,657.0,49.099999999999994,68.86999999999999,22.58,44.0
64133.0,36.0,2.0,168.2,62.6,22.1,78.8,2.0,2.0,120.0,1.0,1.0,1654.0,34.79,293.39,42.190000000000005,38.9
64134.0,49.0,2.0,171.9,83.7,28.3,103.2,2.0,2.0,180.0,4.0,5.397605346934028e-79,1243.0,52.510000000000005,136.81,56.58,35.5
64138.0,36.0,1.0,179.0,75.3,23.5,88.0,1.0,2.0,780.0,5.397605346934028e-79,4.0,4136.0,99.02999999999997,465.47999999999996,203.95999999999998,22.6
64146.0,47.0,2.0,150.8,57.1,25.1,83.5,2.0,2.0,660.0,2.0,1.0,1919.0,84.30999999999999,225.08999999999997,76.13,40.5
64147.0,34.0,2.0,154.2,60.7,25.5,86.4,2.0,2.0,180.0,5.397605346934028e-79,8.0,3359.0,100.44000000000001,384.78000000000003,162.44,38.1
64149.0,29.0,1.0,188.0,122.8,34.7,125.9,2.0,2.0,6.0,2.0,5.0,1592.0,41.72,251.17,49.14,36.9
64152.0,14.0,1.0,162.2,47.2,17.9,63.6,1.0,2.0,240.0,3.0,1.0,2992.0,100.13,326.08000000000004,146.37,14.2
64158.0,27.0,1.0,189.1,93.3,26.1,92.5,1.0,1.0,660.0,3.0,1.0,4146.0,60.510000000000005,434.44999999999993,110.00999999999999,24.8
64160.0,13.0,1.0,151.3,49.7,21.7,70.6,1.0,2.0,540.0,3.0,5.397605346934028e-79,2625.0,80.05000000000001,368.29,94.72999999999999,25.5
64161.0,51.0,2.0,159.7,150.4,59.0,144.4,2.0,2.0,960.0,5.0,2.0,2122.0,70.53,182.20000000000002,127.38,53.5
64162.0,18.0,1.0,175.0,75.2,24.6,84.8,1.0,1.0,420.0,5.397605346934028e-79,5.397605346934028e-79,1211.0,52.06,141.13,49.81,27.8
64163.0,48.0,1.0,164.9,82.4,30.3,98.6,1.0,2.0,600.0,5.397605346934028e-79,1.0,2009.0,67.18,307.34000000000003,59.91000000000001,29.9
64167.0,21.0,2.0,167.0,47.7,17.1,65.6,2.0,1.0,360.0,8.0,1.0,2864.0,47.660000000000004,436.38000000000005,110.36999999999999,29.8
64168.0,31.0,1.0,169.7,101.1,35.1,113.9,2.0,2.0,240.0,4.0,3.0,2423.0,89.72,296.75,98.13000000000001,35.0
64169.0,17.0,1.0,172.5,107.1,36.0,121.2,2.0,2.0,480.0,4.0,4.0,1554.0,55.07999999999999,212.3,54.63,36.2
64170.0,22.0,2.0,160.2,90.2,35.1,104.6,2.0,2.0,240.0,5.0,5.397605346934028e-79,1586.0,48.56999999999999,229.75,54.68,43.8
64173.0,38.0,2.0,156.0,51.5,21.2,80.9,2.0,1.0,600.0,1.0,1.0,2089.0,103.74000000000001,278.49,63.25,33.4
64174.0,18.0,2.0,157.5,65.0,26.2,87.8,2.0,1.0,660.0,2.0,1.0,1761.0,87.87,169.44,84.72999999999999,38.4
64179.0,52.0,1.0,167.4,89.3,31.9,106.4,2.0,1.0,180.0,1.0,8.0,2351.0,87.42,353.7099999999999,68.24999999999999,27.5
64181.0,56.0,2.0,164.5,98.3,36.3,110.4,2.0,2.0,180.0,2.0,2.0,1541.0,76.21000000000001,127.35,85.90999999999998,47.9
64183.0,18.0,2.0,158.4,71.5,28.5,95.7,1.0,2.0,240.0,2.0,8.0,2628.0,92.82,331.94,108.68,37.7
64193.0,37.0,1.0,185.4,77.8,22.6,80.9,2.0,1.0,120.0,2.0,8.0,3795.0,94.27000000000001,379.96000000000004,118.91,16.0
64195.0,33.0,1.0,165.2,94.3,34.6,99.5,2.0,2.0,120.0,1.0,1.0,2422.0,106.33999999999999,170.06,159.1,31.2
64201.0,20.0,1.0,163.0,74.5,28.0,91.8,2.0,1.0,360.0,2.0,1.0,1809.0,129.93,195.20000000000002,56.75000000000001,29.3
64208.0,15.0,1.0,162.0,58.6,22.3,80.8,2.0,2.0,540.0,5.397605346934028e-79,8.0,1908.0,56.37,259.66,74.72,23.2
64214.0,18.0,1.0,166.1,51.5,18.7,71.0,1.0,2.0,480.0,5.0,5.397605346934028e-79,4233.0,207.95999999999998,363.64,195.07999999999998,19.0
64218.0,53.0,1.0,177.5,88.8,28.2,96.2,1.0,1.0,60.0,5.397605346934028e-79,2.0,2465.0,130.10999999999999,384.01,51.379999999999995,22.1
64220.0,24.0,2.0,169.4,58.5,20.4,74.8,2.0,2.0,540.0,1.0,5.397605346934028e-79,1121.0,39.82999999999999,129.47,51.87,32.1
64221.0,19.0,1.0,176.0,79.8,25.8,93.5,2.0,2.0,360.0,4.0,5.397605346934028e-79,1768.0,29.54,237.79000000000002,81.12,26.4
64222.0,39.0,1.0,178.4,79.4,24.9,92.1,1.0,1.0,180.0,1.0,5.397605346934028e-79,2434.0,112.21,215.7,130.75,22.9
64224.0,22.0,2.0,165.6,94.4,34.4,107.4,1.0,1.0,180.0,2.0,2.0,3963.0,148.35000000000005,367.15,136.77000000000004,40.9
64227.0,59.0,2.0,151.2,61.3,26.8,92.0,2.0,2.0,480.0,2.0,5.0,1347.0,43.41,210.5,38.55,42.5
64228.0,44.0,1.0,174.6,112.8,37.0,121.7,2.0,2.0,480.0,3.0,1.0,5072.0,182.5,616.7700000000002,210.42,28.0
64229.0,50.0,2.0,163.5,97.6,36.5,115.0,1.0,1.0,300.0,5.0,1.0,2063.0,48.36,313.69,70.45,38.4
64233.0,14.0,1.0,164.2,64.1,23.8,73.3,1.0,2.0,900.0,2.0,3.0,3672.0,86.09,463.22,166.28,16.4
64234.0,29.0,1.0,178.3,122.8,38.6,127.5,2.0,1.0,960.0,4.0,4.0,2217.0,169.86,244.70000000000002,62.31999999999999,40.5
64235.0,56.0,2.0,153.2,89.3,38.0,99.5,2.0,2.0,240.0,2.0,8.0,2602.0,63.660000000000004,415.38,78.04999999999998,44.5
64237.0,16.0,2.0,163.2,56.6,21.3,77.9,1.0,1.0,540.0,1.0,5.397605346934028e-79,3328.0,136.29999999999998,372.26000000000005,143.23,33.4
64240.0,19.0,1.0,169.0,75.9,26.6,92.9,1.0,1.0,480.0,3.0,8.0,3111.0,88.43999999999997,385.9999999999999,147.37000000000003,22.6
64244.0,40.0,2.0,171.6,69.3,23.5,80.2,2.0,2.0,900.0,2.0,2.0,2286.0,130.09000000000003,267.81,64.36999999999999,38.1
64245.0,51.0,1.0,160.2,60.7,23.7,83.5,2.0,2.0,180.0,2.0,2.0,2380.0,84.23,287.75000000000006,99.38000000000001,21.7
64247.0,42.0,1.0,161.5,64.4,24.7,85.4,2.0,2.0,180.0,5.0,2.0,1820.0,64.31,247.68,67.91999999999999,26.0
64253.0,13.0,1.0,165.2,48.4,17.7,69.0,1.0,2.0,360.0,3.0,2.0,2464.0,117.93999999999998,312.22,83.73,17.2
64255.0,23.0,1.0,171.2,64.7,22.1,78.1,2.0,1.0,540.0,3.0,2.0,1077.0,60.94,117.36999999999996,20.959999999999997,24.9
64257.0,23.0,2.0,162.3,69.9,26.5,90.9,2.0,2.0,480.0,5.397605346934028e-79,2.0,1686.0,43.66000000000001,262.78000000000003,55.07,38.5
64258.0,13.0,2.0,166.3,52.9,19.1,69.3,2.0,1.0,660.0,2.0,5.397605346934028e-79,2017.0,48.18,258.52,91.26,35.5
64259.0,35.0,2.0,157.1,66.6,27.0,91.6,2.0,2.0,300.0,2.0,1.0,3018.0,128.2,310.16999999999996,141.96,39.5
64260.0,17.0,2.0,161.8,63.3,24.2,78.3,2.0,2.0,420.0,1.0,8.0,1238.0,36.260000000000005,185.04000000000002,40.989999999999995,35.7
64264.0,14.0,1.0,178.1,61.5,19.4,69.9,1.0,2.0,540.0,3.0,5.397605346934028e-79,1548.0,47.51,179.21,71.88,15.0
64265.0,48.0,1.0,185.8,108.8,31.5,108.2,2.0,1.0,240.0,1.0,3.0,4973.0,175.10000000000002,578.0399999999998,222.16000000000003,29.1
64266.0,31.0,1.0,177.3,83.2,26.5,95.6,1.0,1.0,600.0,2.0,2.0,4276.0,150.43,451.53000000000003,118.56999999999996,25.8
64270.0,47.0,2.0,161.6,109.6,42.0,123.5,2.0,2.0,120.0,2.0,1.0,2036.0,73.46,254.68,78.97,43.3
64271.0,24.0,2.0,164.3,48.8,18.1,71.6,2.0,2.0,300.0,2.0,2.0,1540.0,37.16,205.73,66.49,33.5
64272.0,19.0,2.0,163.8,79.9,29.8,80.5,2.0,2.0,420.0,5.397605346934028e-79,3.0,315.0,14.25,45.019999999999996,8.23,44.6
64276.0,50.0,1.0,159.3,73.4,28.9,94.1,2.0,2.0,120.0,4.0,2.0,3145.0,103.42999999999999,451.64000000000004,107.47,27.8
64277.0,48.0,2.0,148.2,60.6,27.6,89.4,2.0,2.0,300.0,3.0,8.0,3002.0,98.78,488.04000000000013,81.75,40.6
64278.0,18.0,2.0,173.6,74.0,24.6,87.4,2.0,2.0,360.0,5.0,3.0,1815.0,85.21000000000001,244.05,60.900000000000006,43.0
64281.0,44.0,1.0,172.9,109.4,36.6,119.7,1.0,1.0,240.0,1.0,1.0,1919.0,115.0,222.70999999999998,62.00999999999999,34.7
64288.0,41.0,2.0,168.1,75.6,26.8,98.3,2.0,1.0,300.0,3.0,2.0,2000.0,93.51000000000002,174.26,77.47,39.0
64291.0,50.0,1.0,176.4,94.2,30.3,107.1,2.0,2.0,720.0,2.0,8.0,1037.0,78.29,126.85,24.08,30.3
64292.0,45.0,1.0,190.4,75.1,20.7,77.0,2.0,2.0,60.0,4.0,8.0,3313.0,88.05,469.24,123.82,14.5
64294.0,19.0,1.0,171.4,77.8,26.5,88.9,1.0,1.0,180.0,3.0,4.0,2706.0,122.14999999999999,390.03000000000003,75.32000000000001,25.2
64302.0,45.0,1.0,169.8,107.9,37.4,120.8,2.0,2.0,360.0,2.0,5.397605346934028e-79,1954.0,49.620000000000005,235.40999999999997,68.99000000000001,40.9
64305.0,41.0,2.0,165.4,85.5,31.3,114.9,2.0,1.0,420.0,3.0,3.0,1310.0,36.39,212.31,38.480000000000004,43.6
64307.0,24.0,2.0,159.5,81.0,31.8,91.5,2.0,2.0,180.0,1.0,2.0,1404.0,42.019999999999996,197.31,52.46999999999999,43.2
64308.0,31.0,2.0,155.8,67.8,27.9,85.4,2.0,2.0,120.0,2.0,8.0,1623.0,79.60999999999999,224.26000000000002,46.8,45.1
64311.0,54.0,1.0,176.5,97.9,31.4,110.1,2.0,1.0,480.0,5.0,3.0,1170.0,40.61000000000001,139.79,38.93000000000001,25.0
64315.0,52.0,2.0,160.9,64.5,24.9,91.0,2.0,1.0,60.0,5.397605346934028e-79,5.397605346934028e-79,912.0,46.459999999999994,120.42999999999998,29.13,39.5
64316.0,12.0,2.0,149.4,52.0,23.3,76.4,2.0,2.0,300.0,2.0,5.397605346934028e-79,1767.0,59.32000000000001,278.49999999999994,48.789999999999985,33.4
64317.0,18.0,2.0,163.7,52.2,19.5,72.6,1.0,1.0,480.0,5.397605346934028e-79,5.397605346934028e-79,2665.0,102.50999999999999,349.9700000000001,96.8,27.9
64318.0,14.0,2.0,154.3,46.5,19.5,74.0,2.0,1.0,600.0,2.0,1.0,1793.0,77.45,196.14,77.88,35.3
64320.0,14.0,1.0,172.0,110.5,37.4,114.7,1.0,2.0,420.0,1.0,1.0,957.0,29.249999999999996,182.34,11.88,39.9
64321.0,12.0,1.0,166.9,71.1,25.5,90.6,2.0,2.0,600.0,1.0,3.0,1357.0,47.540000000000006,209.77000000000004,37.65,33.7
64324.0,28.0,2.0,157.7,60.3,24.2,85.6,2.0,2.0,180.0,1.0,8.0,1047.0,48.510000000000005,146.75,32.43,29.1
64326.0,29.0,1.0,189.9,67.8,18.8,77.0,2.0,1.0,240.0,1.0,5.397605346934028e-79,2809.0,133.72000000000003,205.93,168.08,15.7
64330.0,43.0,1.0,177.7,81.1,25.7,89.5,1.0,2.0,480.0,3.0,1.0,2005.0,116.41,212.34,74.72999999999999,20.2
64331.0,16.0,1.0,176.0,79.3,25.6,94.1,1.0,1.0,480.0,5.397605346934028e-79,5.397605346934028e-79,2186.0,65.19999999999999,363.65000000000003,55.769999999999996,26.5
64333.0,46.0,1.0,161.8,69.1,26.4,86.3,2.0,2.0,360.0,3.0,5.397605346934028e-79,1658.0,109.97,161.69,63.11999999999999,24.8
64336.0,31.0,1.0,179.6,98.5,30.5,112.0,2.0,2.0,240.0,2.0,1.0,2476.0,74.17,299.57,109.93999999999998,31.3
64337.0,21.0,1.0,181.7,94.7,28.7,101.1,2.0,1.0,240.0,3.0,2.0,4755.0,197.98,468.6,240.31,27.4
64341.0,51.0,2.0,161.8,102.8,39.3,111.4,2.0,1.0,180.0,1.0,2.0,1246.0,30.370000000000005,224.84000000000003,28.94,46.6
64342.0,12.0,1.0,162.3,47.9,18.2,64.9,1.0,1.0,480.0,5.397605346934028e-79,5.397605346934028e-79,3126.0,78.14,450.58,114.64,16.9
64344.0,37.0,1.0,180.5,167.0,51.3,145.9,1.0,1.0,480.0,4.0,4.0,1594.0,62.67,248.89000000000004,43.91,38.2
64345.0,21.0,1.0,173.6,62.1,20.6,80.7,1.0,1.0,420.0,1.0,5.0,2727.0,145.59,247.41000000000003,106.14,19.0
64347.0,50.0,1.0,179.5,153.7,47.7,141.7,2.0,2.0,360.0,3.0,4.0,1806.0,119.55,177.63000000000002,69.96000000000001,38.2
64348.0,13.0,2.0,155.5,49.8,20.6,75.4,2.0,1.0,540.0,2.0,5.397605346934028e-79,1376.0,41.59,149.20999999999998,70.08,34.5
64349.0,24.0,2.0,170.4,54.6,18.8,72.9,2.0,2.0,360.0,1.0,4.0,1640.0,78.58,233.51,47.35999999999999,28.3
64350.0,12.0,1.0,157.1,41.4,16.8,62.5,1.0,1.0,480.0,2.0,8.0,1658.0,51.19,231.32999999999998,59.029999999999994,15.6
64351.0,32.0,1.0,173.3,118.0,39.3,124.0,2.0,1.0,600.0,3.0,5.0,3709.0,123.92,481.38,117.76,36.4
64356.0,20.0,1.0,174.9,53.7,17.6,70.3,2.0,2.0,120.0,2.0,8.0,3132.0,121.89999999999999,347.01,139.82,19.9
64360.0,54.0,2.0,147.7,70.1,32.1,102.7,2.0,2.0,180.0,5.397605346934028e-79,8.0,820.0,63.71000000000001,91.11999999999999,22.28,38.7
64363.0,22.0,1.0,168.5,89.2,31.4,102.3,2.0,2.0,240.0,2.0,2.0,2428.0,117.04000000000002,242.56,111.12,24.7
64367.0,39.0,2.0,152.6,54.2,23.3,79.8,1.0,1.0,360.0,4.0,1.0,1260.0,48.64,129.41,60.92999999999999,40.5
64369.0,51.0,1.0,173.7,69.7,23.1,81.0,1.0,2.0,300.0,2.0,5.397605346934028e-79,3904.0,138.49,474.3400000000001,163.74999999999997,18.2
64370.0,25.0,1.0,167.4,60.6,21.6,75.9,2.0,2.0,300.0,5.397605346934028e-79,5.0,3188.0,104.47,471.96999999999997,101.08,20.5
64372.0,19.0,2.0,168.0,64.5,22.9,73.2,1.0,2.0,600.0,5.0,5.0,1847.0,90.94000000000001,218.18,70.25999999999999,25.0
64375.0,14.0,2.0,162.3,51.0,19.4,70.3,2.0,2.0,300.0,5.397605346934028e-79,3.0,1786.0,43.839999999999996,246.92000000000002,71.03,27.3
64377.0,54.0,2.0,158.7,72.4,28.7,92.7,2.0,2.0,360.0,3.0,2.0,1645.0,54.580000000000005,213.56000000000006,64.86,43.6
64378.0,27.0,1.0,174.5,68.2,22.4,84.5,1.0,1.0,600.0,1.0,2.0,1089.0,39.150000000000006,116.25999999999996,54.32000000000001,21.3
64379.0,20.0,2.0,160.1,64.0,25.0,77.7,2.0,2.0,1080.0,5.0,5.0,3210.0,76.04,487.60000000000014,110.17999999999999,30.3
64382.0,24.0,1.0,174.5,54.3,17.8,68.2,2.0,1.0,180.0,5.397605346934028e-79,8.0,1586.0,102.33,160.70000000000002,59.68,17.2
64390.0,45.0,2.0,164.8,92.8,34.2,100.9,2.0,2.0,60.0,5.397605346934028e-79,5.397605346934028e-79,1642.0,50.26,248.81,54.38999999999999,44.1
64391.0,26.0,2.0,177.8,68.6,21.7,78.2,1.0,1.0,300.0,3.0,3.0,3644.0,123.93,408.05000000000007,142.09000000000003,24.6
64393.0,16.0,2.0,169.1,92.4,32.3,107.0,2.0,2.0,480.0,5.397605346934028e-79,5.397605346934028e-79,973.0,51.67999999999999,118.83999999999999,32.27,41.4
64396.0,51.0,2.0,172.1,85.9,29.0,93.4,2.0,2.0,300.0,4.0,5.397605346934028e-79,4350.0,150.81,478.53000000000003,212.07999999999998,37.2
64397.0,54.0,2.0,152.5,82.8,35.6,106.7,1.0,1.0,720.0,3.0,5.397605346934028e-79,1959.0,79.19999999999999,241.73000000000002,84.09,38.9
64402.0,48.0,1.0,152.1,70.6,30.5,98.5,2.0,2.0,60.0,4.0,8.0,2165.0,98.57000000000001,279.22,76.10999999999999,31.6
64403.0,40.0,1.0,177.6,104.0,33.0,109.2,2.0,2.0,480.0,5.0,1.0,1956.0,88.78999999999999,255.73,70.02000000000001,30.8
64404.0,33.0,1.0,180.7,101.7,31.1,108.8,1.0,1.0,840.0,4.0,4.0,3495.0,101.63999999999999,407.97999999999996,162.43,30.4
64406.0,18.0,1.0,175.4,63.9,20.8,77.0,2.0,1.0,480.0,5.397605346934028e-79,3.0,921.0,51.580000000000005,98.66,35.300000000000004,23.8
64408.0,15.0,2.0,168.4,105.6,37.2,115.9,2.0,2.0,720.0,1.0,4.0,218.0,4.03,37.8,6.6899999999999995,49.4
64410.0,13.0,2.0,143.4,48.1,23.4,74.0,2.0,2.0,420.0,5.397605346934028e-79,5.397605346934028e-79,1401.0,43.949999999999996,200.32,48.919999999999995,34.6
64412.0,54.0,2.0,168.9,92.6,32.5,109.4,2.0,2.0,360.0,5.0,5.0,1760.0,52.16,219.11,76.66,45.9
64413.0,48.0,2.0,166.8,89.0,32.0,101.0,2.0,2.0,60.0,1.0,8.0,2796.0,85.06,425.52,88.55,38.1
64417.0,20.0,2.0,167.7,61.7,21.9,77.8,1.0,2.0,180.0,1.0,8.0,2859.0,87.69999999999999,251.33000000000004,159.14,30.0
64418.0,17.0,2.0,165.0,54.4,20.0,70.0,2.0,1.0,480.0,2.0,5.397605346934028e-79,2465.0,69.63,385.46,77.68,30.9
64420.0,54.0,2.0,157.7,92.5,37.2,111.3,2.0,2.0,240.0,2.0,5.397605346934028e-79,2040.0,54.91,215.35000000000002,110.25999999999998,44.9
64422.0,16.0,1.0,173.7,64.9,21.5,70.0,1.0,2.0,660.0,2.0,4.0,3478.0,91.49999999999999,392.83000000000004,177.95,21.0
64423.0,12.0,2.0,143.3,47.7,23.2,67.1,1.0,1.0,540.0,5.397605346934028e-79,1.0,3213.0,102.65,371.83,147.92999999999998,28.8
64427.0,37.0,1.0,184.3,123.9,36.5,121.2,1.0,1.0,120.0,5.397605346934028e-79,5.397605346934028e-79,3155.0,178.56000000000003,289.46000000000004,141.34,34.6
64431.0,32.0,2.0,153.1,109.0,46.5,117.5,2.0,1.0,300.0,1.0,2.0,3047.0,121.63,360.38,124.35999999999999,44.2
64432.0,12.0,2.0,149.3,43.7,19.6,66.6,2.0,2.0,660.0,3.0,5.0,2024.0,54.63,258.02,86.78999999999999,26.3
64436.0,34.0,2.0,161.9,74.5,28.4,95.2,2.0,1.0,600.0,5.0,2.0,1127.0,39.29,148.19,42.38999999999999,39.5
64438.0,44.0,2.0,165.8,111.2,40.5,117.0,2.0,1.0,360.0,8.0,1.0,1935.0,80.30000000000001,231.18,79.23,42.6
64439.0,53.0,1.0,182.3,87.4,26.3,97.3,2.0,2.0,300.0,1.0,1.0,2392.0,112.89999999999998,269.8,99.8,28.0
64440.0,40.0,1.0,178.0,83.0,26.2,95.5,1.0,1.0,180.0,2.0,1.0,2087.0,54.730000000000004,345.11999999999995,59.39999999999999,32.3
64444.0,18.0,1.0,185.9,75.4,21.8,78.0,1.0,1.0,420.0,3.0,1.0,4801.0,123.07,665.09,175.21,19.8
64447.0,41.0,2.0,173.2,74.1,24.7,85.0,2.0,2.0,360.0,2.0,8.0,1396.0,68.11,167.19,49.900000000000006,35.0
64449.0,18.0,2.0,170.7,60.2,20.7,73.4,2.0,1.0,600.0,1.0,1.0,1307.0,36.339999999999996,200.73999999999998,41.2,33.4
64451.0,32.0,1.0,176.2,86.0,27.7,95.1,2.0,2.0,120.0,2.0,1.0,1688.0,108.08,203.24,48.419999999999995,27.8
64456.0,31.0,2.0,159.4,72.5,28.5,99.5,1.0,1.0,360.0,3.0,1.0,2074.0,83.12,209.32,101.16999999999999,38.3
64459.0,55.0,2.0,174.9,133.4,43.6,138.5,2.0,1.0,600.0,5.0,5.397605346934028e-79,1194.0,59.19000000000001,105.00000000000001,59.72,48.5
64461.0,34.0,2.0,159.8,92.4,36.2,115.0,1.0,2.0,300.0,5.397605346934028e-79,5.397605346934028e-79,2782.0,71.44,355.03999999999996,123.99999999999999,39.9
64465.0,32.0,2.0,155.6,56.7,23.4,68.5,2.0,2.0,600.0,1.0,3.0,647.0,34.31,68.66000000000001,25.76,36.3
64466.0,23.0,2.0,170.3,86.3,29.8,101.8,2.0,1.0,360.0,2.0,8.0,801.0,19.749999999999996,79.28999999999999,45.51,44.1
64468.0,12.0,2.0,153.8,52.1,22.0,75.8,2.0,1.0,180.0,3.0,2.0,1442.0,71.22,179.14,49.59,37.4
64469.0,47.0,1.0,178.8,84.8,26.5,95.3,1.0,1.0,540.0,2.0,5.0,2538.0,92.41000000000001,306.18000000000006,90.63999999999999,26.3
64470.0,20.0,2.0,174.0,58.2,19.2,71.2,2.0,2.0,300.0,4.0,5.0,1588.0,41.86,208.55999999999997,67.47,28.5
64472.0,50.0,2.0,163.3,107.0,40.1,114.5,2.0,2.0,30.0,5.0,8.0,953.0,29.540000000000003,165.32999999999998,22.950000000000003,43.5
64479.0,17.0,2.0,157.9,59.5,23.9,83.5,2.0,2.0,480.0,2.0,8.0,2533.0,94.89999999999999,319.39,99.30000000000001,36.1
64481.0,19.0,2.0,164.0,60.4,22.5,82.0,2.0,2.0,300.0,5.397605346934028e-79,5.397605346934028e-79,2097.0,39.97,354.31999999999994,60.03,33.4
64485.0,32.0,1.0,177.2,111.3,35.4,111.5,2.0,1.0,180.0,3.0,8.0,1849.0,87.43,268.56,49.35,30.8
64491.0,29.0,1.0,182.2,83.3,25.1,92.0,2.0,2.0,840.0,5.0,5.0,831.0,48.809999999999995,101.63000000000001,26.61,35.8
64493.0,17.0,1.0,176.4,80.4,25.8,78.0,1.0,2.0,360.0,1.0,8.0,2262.0,93.66,223.53,111.96000000000002,17.9
64494.0,39.0,2.0,158.5,97.3,38.7,109.1,2.0,2.0,480.0,2.0,2.0,3431.0,102.46999999999998,473.8599999999999,127.3,40.0
64495.0,55.0,2.0,159.3,138.3,54.5,134.0,2.0,2.0,540.0,1.0,2.0,1754.0,80.3,167.23999999999998,84.81000000000002,47.5
64498.0,47.0,2.0,155.3,50.1,20.8,79.2,1.0,1.0,240.0,4.0,2.0,1565.0,53.50999999999999,213.36,57.849999999999994,33.4
64500.0,29.0,2.0,160.1,57.6,22.5,72.3,1.0,1.0,600.0,5.0,5.0,2436.0,84.09,280.56,66.55,29.4
64502.0,14.0,1.0,164.5,58.9,21.8,68.0,1.0,2.0,540.0,2.0,3.0,1140.0,58.12999999999999,111.74999999999999,50.419999999999995,15.6
64504.0,57.0,2.0,162.1,66.4,25.3,84.5,2.0,1.0,480.0,1.0,5.397605346934028e-79,1757.0,61.769999999999996,295.69,40.260000000000005,37.8
64508.0,14.0,1.0,173.2,61.4,20.5,69.8,1.0,1.0,360.0,1.0,2.0,3901.0,130.04999999999998,434.43999999999994,191.69000000000003,17.2
64509.0,24.0,2.0,161.5,88.2,33.8,92.8,1.0,2.0,180.0,1.0,5.397605346934028e-79,2043.0,52.75999999999999,204.20999999999998,78.13000000000001,47.8
64514.0,31.0,2.0,153.9,53.0,22.4,79.0,2.0,2.0,240.0,3.0,5.397605346934028e-79,1498.0,50.1,277.67,20.830000000000002,36.5
64518.0,14.0,1.0,171.6,72.3,24.6,82.6,1.0,2.0,600.0,2.0,1.0,4726.0,155.46,507.67,235.71,30.8
64522.0,13.0,1.0,163.9,57.9,21.6,75.7,2.0,1.0,600.0,1.0,2.0,4424.0,176.30000000000004,464.5499999999999,209.62,22.4
64524.0,28.0,1.0,184.6,70.2,20.6,79.2,1.0,2.0,600.0,1.0,2.0,4227.0,178.88,322.96,192.95000000000002,18.1
64525.0,21.0,2.0,158.6,50.0,19.9,70.0,2.0,1.0,960.0,3.0,5.0,2200.0,71.28,297.93,81.85,28.7
64529.0,18.0,1.0,188.4,71.7,20.2,82.3,2.0,2.0,240.0,3.0,4.0,2122.0,63.370000000000005,370.65000000000003,48.7,19.0
64530.0,53.0,1.0,184.9,140.1,41.0,134.1,2.0,2.0,480.0,4.0,1.0,3773.0,121.95000000000002,366.14999999999986,207.47000000000003,35.7
64545.0,15.0,1.0,176.3,73.6,23.7,94.3,1.0,2.0,600.0,2.0,3.0,6002.0,214.09000000000003,701.5700000000002,268.12,33.6
64548.0,59.0,2.0,162.9,72.3,27.2,101.6,2.0,2.0,480.0,3.0,5.397605346934028e-79,1335.0,43.5,185.72999999999996,49.15999999999999,50.4
64549.0,44.0,1.0,175.6,130.0,42.2,130.2,2.0,1.0,360.0,2.0,5.397605346934028e-79,1696.0,75.05000000000001,253.42000000000002,48.459999999999994,39.2
64562.0,20.0,1.0,164.9,62.6,23.0,79.0,1.0,2.0,420.0,4.0,3.0,3815.0,125.70000000000002,488.87000000000006,154.48,19.8
64564.0,54.0,2.0,157.0,59.1,24.0,84.5,2.0,2.0,240.0,1.0,8.0,2332.0,109.86999999999999,254.26999999999998,87.05999999999999,33.8
64567.0,37.0,1.0,182.5,76.9,23.1,91.0,2.0,1.0,180.0,5.397605346934028e-79,5.397605346934028e-79,2371.0,79.27,313.65,92.77,22.5
64571.0,26.0,1.0,181.6,105.3,31.9,111.1,2.0,2.0,180.0,8.0,2.0,5177.0,136.69999999999996,594.14,256.24999999999994,28.1
64572.0,50.0,1.0,170.3,67.3,23.2,84.8,1.0,2.0,120.0,1.0,2.0,1720.0,64.06,260.36999999999995,48.41,30.0
64574.0,17.0,1.0,179.9,58.4,18.0,73.5,2.0,1.0,120.0,2.0,3.0,2879.0,73.43,484.59000000000003,75.05000000000001,17.4
64581.0,31.0,2.0,165.8,59.7,21.7,78.4,1.0,1.0,420.0,1.0,5.397605346934028e-79,1228.0,70.72999999999999,165.29000000000002,29.040000000000003,34.1
64582.0,59.0,1.0,168.2,66.6,23.5,91.5,2.0,2.0,240.0,4.0,8.0,2332.0,92.42999999999999,316.2,40.760000000000005,24.8
64583.0,16.0,1.0,172.2,71.7,24.2,86.9,1.0,1.0,360.0,8.0,2.0,2255.0,110.56,321.49,58.17,25.4
64587.0,19.0,1.0,180.1,72.6,22.4,70.8,1.0,1.0,360.0,5.0,2.0,2986.0,144.55,345.40999999999997,105.79999999999998,13.2
64589.0,13.0,1.0,159.3,75.0,29.6,90.2,2.0,2.0,600.0,5.0,1.0,1187.0,33.309999999999995,167.44000000000003,43.76,30.9
64591.0,51.0,1.0,170.7,76.9,26.4,92.4,2.0,2.0,240.0,4.0,8.0,1997.0,78.38,258.35,75.53999999999999,23.5
64592.0,29.0,2.0,152.0,75.4,32.6,97.7,2.0,2.0,180.0,3.0,4.0,2402.0,86.22,349.40000000000003,72.8,38.3
64594.0,24.0,1.0,183.0,120.3,35.9,116.4,2.0,2.0,300.0,2.0,5.0,2459.0,134.81,245.06999999999994,107.02000000000001,38.8
64596.0,12.0,2.0,157.0,59.0,23.9,86.0,2.0,2.0,600.0,2.0,5.397605346934028e-79,972.0,46.099999999999994,124.31,34.42,37.6
64600.0,14.0,2.0,163.2,55.7,20.9,67.2,2.0,2.0,600.0,5.397605346934028e-79,5.0,1806.0,73.52,223.59000000000003,68.30000000000001,26.8
64602.0,59.0,2.0,141.2,46.4,23.3,84.3,2.0,1.0,300.0,5.0,3.0,1749.0,52.419999999999995,233.04000000000002,70.23,46.6
64606.0,59.0,2.0,169.1,114.9,40.2,129.3,2.0,2.0,480.0,1.0,8.0,1667.0,74.5,237.05000000000004,44.959999999999994,46.7
64607.0,42.0,2.0,166.3,103.8,37.5,107.5,2.0,2.0,480.0,5.0,3.0,2424.0,106.63,301.76,90.44999999999999,41.2
64608.0,22.0,1.0,172.5,65.7,22.1,87.4,2.0,2.0,540.0,4.0,4.0,1173.0,27.189999999999998,185.73,37.23,26.9
64610.0,54.0,1.0,179.8,87.7,27.1,104.0,2.0,2.0,360.0,3.0,1.0,2914.0,92.59,375.93,119.89000000000001,28.8
64611.0,50.0,1.0,173.8,138.4,45.8,137.0,2.0,1.0,240.0,2.0,1.0,2207.0,63.18000000000001,293.02000000000004,90.17999999999999,37.0
64613.0,25.0,1.0,184.6,83.9,24.6,90.8,1.0,2.0,300.0,1.0,1.0,4187.0,145.02999999999997,452.67,160.36999999999998,24.0
64615.0,14.0,2.0,153.4,52.9,22.5,74.9,1.0,1.0,300.0,4.0,5.397605346934028e-79,698.0,20.67,104.12,25.019999999999996,38.0
64616.0,21.0,1.0,170.4,82.2,28.3,89.2,1.0,1.0,240.0,3.0,3.0,2294.0,54.29999999999999,347.71999999999997,79.78999999999998,23.9
64619.0,16.0,1.0,169.1,79.9,27.9,86.3,1.0,2.0,480.0,2.0,2.0,672.0,44.089999999999996,62.42999999999999,27.72,27.9
64621.0,38.0,1.0,174.2,81.7,26.9,104.0,1.0,2.0,720.0,2.0,5.0,2748.0,91.61999999999999,465.83,67.27000000000001,32.7
64622.0,13.0,1.0,163.8,45.7,17.0,64.2,1.0,1.0,420.0,3.0,5.397605346934028e-79,2559.0,90.25,302.33000000000004,111.07000000000001,19.2
64627.0,17.0,2.0,154.9,84.9,35.4,102.5,2.0,2.0,180.0,1.0,1.0,3727.0,169.56,362.70000000000005,179.06000000000003,43.1
64628.0,45.0,2.0,154.5,72.8,30.5,106.0,2.0,1.0,360.0,3.0,2.0,942.0,27.56,211.24999999999997,5.4,43.6
64632.0,21.0,1.0,181.9,101.2,30.6,101.6,1.0,1.0,240.0,1.0,1.0,2631.0,105.64000000000001,324.34999999999997,103.13000000000001,26.8
64633.0,27.0,1.0,176.9,81.9,26.2,94.2,2.0,1.0,240.0,1.0,2.0,2252.0,97.69,215.74,88.96000000000001,23.4
64635.0,29.0,1.0,178.8,89.5,28.0,94.2,1.0,1.0,240.0,5.397605346934028e-79,4.0,2818.0,163.06,393.35,63.75999999999999,21.2
64636.0,20.0,1.0,181.4,80.3,24.4,77.5,2.0,2.0,360.0,2.0,1.0,1055.0,34.42,167.85999999999999,27.500000000000004,14.2
64642.0,15.0,1.0,165.4,41.7,15.2,63.0,1.0,2.0,900.0,5.0,3.0,1974.0,73.82,275.58,66.55,19.1
64643.0,52.0,2.0,156.8,47.4,19.3,66.2,2.0,1.0,300.0,2.0,2.0,2297.0,85.39000000000001,272.47999999999996,100.27999999999999,35.0
64644.0,35.0,2.0,170.2,67.1,23.2,78.8,1.0,1.0,540.0,1.0,1.0,2315.0,84.31,265.04,77.40000000000002,29.7
64648.0,36.0,1.0,172.8,61.2,20.5,74.2,1.0,1.0,480.0,5.397605346934028e-79,1.0,3999.0,175.99000000000004,405.7299999999999,191.81000000000003,18.8
64654.0,44.0,1.0,181.7,104.2,31.6,119.2,2.0,1.0,240.0,5.0,1.0,5165.0,155.25000000000003,630.56,240.49,29.6
64661.0,29.0,1.0,171.0,68.9,23.6,85.5,1.0,2.0,600.0,5.0,5.397605346934028e-79,2053.0,71.35,212.06000000000003,101.39999999999999,24.6
64664.0,48.0,2.0,161.6,94.9,36.3,105.0,2.0,1.0,180.0,2.0,2.0,2696.0,138.42000000000002,323.8299999999999,94.88000000000001,44.0
64667.0,58.0,1.0,174.4,76.4,25.1,90.6,2.0,2.0,240.0,3.0,5.397605346934028e-79,930.0,21.349999999999998,121.13,40.96,18.8
64671.0,13.0,2.0,161.9,47.8,18.2,68.8,1.0,1.0,420.0,2.0,1.0,627.0,25.380000000000003,113.32,8.49,22.0
64672.0,22.0,1.0,169.7,76.6,26.6,79.6,1.0,1.0,240.0,4.0,3.0,1267.0,141.52,149.16000000000003,15.81,13.6
64673.0,12.0,1.0,150.4,41.1,18.2,64.0,1.0,2.0,420.0,3.0,2.0,1431.0,50.92,186.70999999999998,53.44,19.1
64675.0,46.0,1.0,184.9,77.3,22.6,80.5,1.0,1.0,600.0,5.397605346934028e-79,1.0,3459.0,110.19999999999997,450.85999999999996,139.26999999999998,17.4
64676.0,56.0,2.0,153.5,55.9,23.7,87.7,2.0,2.0,180.0,2.0,5.397605346934028e-79,1390.0,44.199999999999996,188.70000000000002,52.39,40.6
64677.0,56.0,2.0,156.9,79.3,32.2,99.2,1.0,1.0,300.0,5.397605346934028e-79,2.0,884.0,65.03,57.589999999999996,42.72,40.0
64679.0,38.0,2.0,152.3,58.1,25.0,77.0,1.0,1.0,120.0,5.397605346934028e-79,2.0,1503.0,89.49,199.14999999999998,36.72,34.1
64680.0,35.0,2.0,143.9,49.8,24.0,79.9,2.0,2.0,360.0,2.0,3.0,1649.0,73.92,244.45999999999992,48.8,43.6
64681.0,15.0,1.0,167.9,51.7,18.3,67.8,1.0,1.0,360.0,5.397605346934028e-79,5.397605346934028e-79,2012.0,98.57,315.78,44.51,16.2
64682.0,42.0,1.0,175.2,99.7,32.5,107.2,1.0,2.0,180.0,3.0,1.0,3661.0,151.17,293.65,192.01,28.1
64684.0,25.0,1.0,179.5,56.0,17.4,71.2,2.0,2.0,300.0,2.0,2.0,1253.0,52.95,130.99999999999997,56.89000000000001,16.5
64687.0,24.0,2.0,173.0,77.2,25.8,86.8,2.0,2.0,180.0,3.0,3.0,2777.0,87.95,278.5200000000001,90.5,32.4
64694.0,23.0,1.0,179.6,105.2,32.6,107.8,1.0,1.0,480.0,5.397605346934028e-79,1.0,1756.0,80.99000000000001,221.02999999999994,60.64999999999999,28.4
64698.0,13.0,1.0,146.0,43.4,20.4,68.6,1.0,2.0,480.0,5.397605346934028e-79,1.0,1416.0,32.05,195.37999999999997,58.14000000000001,23.7
64699.0,16.0,1.0,170.4,84.2,29.0,93.2,1.0,1.0,720.0,1.0,8.0,1581.0,54.790000000000006,191.26,66.97,20.8
64703.0,22.0,2.0,172.0,74.9,25.3,90.0,1.0,1.0,120.0,3.0,4.0,2814.0,80.06000000000002,392.97999999999996,106.69000000000001,39.9
64706.0,20.0,2.0,167.1,90.8,32.5,100.0,2.0,2.0,240.0,2.0,2.0,1337.0,75.08000000000001,153.37,46.279999999999994,42.3
64711.0,35.0,2.0,168.7,56.8,20.0,77.8,2.0,2.0,720.0,2.0,2.0,2125.0,92.37999999999998,294.58000000000004,62.779999999999994,35.8
64713.0,50.0,2.0,161.9,59.6,22.7,80.6,2.0,2.0,240.0,1.0,2.0,2099.0,71.68,282.78999999999996,77.41,41.1
64714.0,17.0,2.0,167.4,83.2,29.7,99.5,1.0,2.0,600.0,3.0,1.0,1073.0,19.39,167.5,39.39000000000001,39.1
64719.0,39.0,2.0,163.3,71.9,27.0,89.1,1.0,2.0,780.0,3.0,2.0,2637.0,88.91,277.00999999999993,107.61999999999998,37.7
64720.0,29.0,1.0,173.8,62.3,20.6,74.2,2.0,1.0,240.0,3.0,5.397605346934028e-79,3830.0,148.64999999999998,337.46999999999997,204.43,14.6
64721.0,56.0,1.0,176.0,97.2,31.4,114.1,2.0,2.0,540.0,5.0,5.397605346934028e-79,1312.0,42.73,148.54,45.839999999999996,32.5
64722.0,33.0,2.0,151.8,57.5,25.0,75.0,2.0,2.0,420.0,1.0,8.0,3381.0,89.72999999999999,532.48,106.17,37.7
64725.0,39.0,2.0,164.2,92.6,34.3,110.4,1.0,1.0,480.0,5.397605346934028e-79,5.0,1286.0,66.09,192.92,45.550000000000004,42.9
64727.0,50.0,1.0,169.8,83.1,28.8,97.8,2.0,2.0,240.0,5.397605346934028e-79,8.0,1893.0,100.11999999999999,258.45,51.55,23.5
64732.0,17.0,1.0,160.3,49.9,19.4,67.2,1.0,2.0,180.0,2.0,5.397605346934028e-79,1229.0,34.08,175.07999999999998,44.160000000000004,14.8
64733.0,30.0,2.0,159.0,72.7,28.8,90.6,1.0,2.0,540.0,4.0,1.0,2155.0,67.32,325.53999999999996,66.11000000000001,45.3
64737.0,19.0,1.0,176.7,71.7,23.0,78.2,1.0,1.0,300.0,3.0,5.0,2960.0,55.46,464.92,100.30999999999999,13.4
64738.0,15.0,1.0,181.7,76.3,23.1,83.2,2.0,2.0,480.0,5.397605346934028e-79,5.0,2488.0,59.65,338.07000000000005,104.74000000000001,20.2
64740.0,45.0,1.0,176.9,78.5,25.1,95.5,2.0,1.0,120.0,5.397605346934028e-79,5.397605346934028e-79,2919.0,139.17000000000002,229.22,103.29000000000002,23.0
64742.0,56.0,1.0,172.6,113.1,38.0,116.8,1.0,1.0,120.0,3.0,5.397605346934028e-79,3582.0,150.92000000000004,406.22999999999985,161.84000000000003,30.2
64745.0,51.0,1.0,186.3,85.2,24.5,91.0,2.0,2.0,180.0,5.0,8.0,3889.0,114.27,540.41,146.72,21.6
64746.0,29.0,1.0,176.1,93.8,30.2,102.3,1.0,1.0,60.0,5.397605346934028e-79,8.0,1763.0,38.5,282.4,59.47,30.0
64750.0,18.0,1.0,172.3,68.5,23.1,75.2,2.0,1.0,120.0,5.397605346934028e-79,5.397605346934028e-79,3370.0,80.32000000000001,479.45000000000005,129.35,18.5
64754.0,36.0,1.0,176.7,90.9,29.1,104.1,2.0,2.0,360.0,5.0,1.0,2318.0,67.81,360.67999999999995,68.54,27.2
64758.0,33.0,1.0,173.6,70.8,23.5,87.8,2.0,1.0,480.0,3.0,5.0,2124.0,90.22999999999999,303.23999999999995,61.01,29.7
64761.0,25.0,1.0,176.3,105.6,34.0,110.5,2.0,1.0,480.0,2.0,4.0,2173.0,76.67000000000003,338.12,59.27,36.8
64762.0,17.0,1.0,188.5,77.1,21.7,78.0,2.0,2.0,480.0,2.0,2.0,2103.0,65.02000000000001,268.98,88.26,17.2
64764.0,36.0,1.0,171.9,88.7,30.0,100.2,2.0,2.0,120.0,2.0,1.0,1560.0,94.5,187.57000000000002,46.52,27.6
64768.0,27.0,1.0,178.7,74.6,23.4,81.9,2.0,2.0,240.0,2.0,5.397605346934028e-79,3607.0,178.16000000000003,422.72999999999996,103.01000000000002,12.9
64769.0,51.0,1.0,180.6,84.7,26.0,90.1,1.0,2.0,240.0,2.0,8.0,2076.0,114.80000000000001,255.89999999999992,68.46,19.2
64773.0,16.0,2.0,168.1,58.6,20.7,76.3,1.0,1.0,480.0,3.0,1.0,1215.0,52.09,157.51,44.77,34.0
64777.0,52.0,2.0,153.4,70.9,30.1,95.2,2.0,1.0,240.0,5.397605346934028e-79,5.397605346934028e-79,1628.0,98.68999999999998,161.64000000000001,67.48,40.8
64779.0,30.0,2.0,163.4,129.2,48.4,129.2,2.0,1.0,420.0,4.0,5.0,1716.0,49.19,283.45,45.07,42.8
64781.0,15.0,1.0,175.1,82.9,27.0,91.0,1.0,2.0,540.0,1.0,2.0,1479.0,70.16999999999999,190.56,45.38000000000001,34.0
64782.0,50.0,1.0,175.6,64.8,21.0,80.5,2.0,2.0,360.0,3.0,3.0,6195.0,167.45,861.5799999999999,249.98000000000002,20.8
64784.0,21.0,1.0,171.8,77.3,26.2,79.2,1.0,2.0,720.0,2.0,5.0,3618.0,86.56,503.51,143.84000000000003,16.0
64786.0,46.0,2.0,174.1,112.4,37.1,118.0,2.0,2.0,600.0,2.0,5.397605346934028e-79,2140.0,70.04000000000002,308.09999999999997,74.44,45.9
64791.0,26.0,2.0,160.8,62.5,24.2,85.5,1.0,1.0,300.0,5.397605346934028e-79,8.0,1486.0,50.67,228.14,46.010000000000005,34.6
64792.0,40.0,2.0,160.3,62.6,24.4,92.2,2.0,2.0,480.0,4.0,8.0,1593.0,70.13999999999997,170.50999999999993,71.88999999999999,40.8
64793.0,14.0,2.0,164.6,57.1,21.1,69.2,2.0,2.0,480.0,2.0,3.0,5242.0,119.10999999999999,606.1400000000001,275.65,36.8
64799.0,28.0,1.0,164.4,80.0,29.6,100.7,2.0,2.0,60.0,1.0,8.0,2044.0,53.29,244.77,86.86999999999999,27.6
64800.0,52.0,2.0,159.6,57.7,22.7,83.3,2.0,2.0,360.0,1.0,1.0,1905.0,36.0,337.40999999999997,48.550000000000004,34.1
64801.0,50.0,2.0,158.2,104.2,41.6,123.4,2.0,2.0,600.0,5.0,5.0,1732.0,36.9,287.27,53.34,43.3
64802.0,42.0,1.0,182.3,72.9,21.9,82.0,1.0,2.0,300.0,2.0,5.397605346934028e-79,4092.0,137.87,568.08,143.46,16.5
64803.0,35.0,1.0,185.1,99.7,29.1,104.8,2.0,2.0,240.0,2.0,3.0,3958.0,112.81999999999998,524.58,164.17000000000002,25.5
64805.0,38.0,1.0,171.1,140.6,48.0,142.0,2.0,2.0,120.0,2.0,8.0,4186.0,139.82000000000002,559.85,158.32999999999998,39.7
64807.0,35.0,2.0,165.4,73.0,26.7,88.5,1.0,2.0,720.0,1.0,5.397605346934028e-79,2066.0,68.99999999999999,245.70999999999998,90.71999999999998,42.3
64808.0,44.0,1.0,173.3,72.1,24.0,96.5,2.0,1.0,600.0,1.0,2.0,2554.0,59.74999999999999,463.72,52.63,32.8
64811.0,16.0,2.0,151.0,60.0,26.3,83.5,2.0,1.0,300.0,8.0,2.0,2913.0,80.38,360.4599999999999,135.3,40.2
64812.0,17.0,2.0,172.3,86.5,29.1,97.3,2.0,2.0,600.0,5.0,2.0,2660.0,104.06,301.5,116.97,45.3
64813.0,55.0,2.0,159.9,73.8,28.9,97.4,2.0,2.0,960.0,5.0,3.0,691.0,19.57,127.64,13.23,38.8
64816.0,21.0,1.0,171.7,65.1,22.1,85.0,2.0,1.0,360.0,3.0,2.0,2503.0,104.06,219.62,103.74000000000001,20.6
64822.0,53.0,1.0,172.9,57.4,19.2,75.3,2.0,1.0,180.0,8.0,8.0,2905.0,88.85,350.4599999999999,131.54999999999998,16.2
64823.0,43.0,2.0,167.8,84.3,29.9,87.5,1.0,1.0,360.0,1.0,2.0,2216.0,99.50999999999999,244.05,100.69000000000001,40.8
64825.0,52.0,2.0,168.0,71.9,25.5,92.5,2.0,1.0,480.0,4.0,2.0,1551.0,74.56000000000002,182.76999999999998,62.53,44.4
64828.0,58.0,2.0,144.6,55.4,26.5,92.1,2.0,2.0,300.0,2.0,5.397605346934028e-79,949.0,59.37,120.92,27.02,44.9
64830.0,15.0,1.0,165.2,61.9,22.7,79.7,1.0,2.0,720.0,3.0,2.0,1480.0,65.99000000000001,122.64999999999999,81.28000000000002,29.4
64831.0,24.0,1.0,177.5,84.4,26.8,87.0,1.0,1.0,360.0,1.0,5.397605346934028e-79,2738.0,221.36,238.47000000000003,100.14,22.1
64832.0,32.0,1.0,168.6,86.6,30.5,103.0,1.0,1.0,120.0,5.397605346934028e-79,5.397605346934028e-79,2754.0,117.89999999999998,290.08000000000004,127.39999999999999,27.3
64833.0,37.0,2.0,152.4,86.5,37.2,108.9,2.0,1.0,240.0,3.0,3.0,1985.0,93.68,171.37,104.05,44.2
64835.0,39.0,1.0,171.0,54.5,18.6,78.5,2.0,1.0,45.0,3.0,8.0,1911.0,82.83,177.60000000000002,96.41,28.4
64839.0,37.0,1.0,175.3,98.3,32.0,103.6,2.0,1.0,240.0,1.0,1.0,3163.0,115.72,389.02000000000004,133.70999999999998,30.5
64850.0,19.0,1.0,181.3,59.6,18.1,74.5,2.0,2.0,300.0,2.0,8.0,4838.0,217.49000000000004,385.04,173.66999999999996,16.3
64859.0,46.0,2.0,160.6,68.4,26.5,96.0,2.0,2.0,540.0,5.0,8.0,577.0,21.789999999999996,88.45,14.95,38.5
64860.0,50.0,1.0,164.9,65.1,23.9,86.4,1.0,2.0,120.0,2.0,2.0,4396.0,153.48999999999998,412.85,238.26,23.1
64864.0,12.0,1.0,156.9,41.3,16.8,61.8,1.0,1.0,600.0,2.0,5.397605346934028e-79,1222.0,42.800000000000004,141.18,56.279999999999994,17.4
64866.0,25.0,2.0,155.7,61.3,25.3,84.4,2.0,2.0,720.0,5.0,5.0,1260.0,66.38000000000001,148.49,45.72999999999999,34.4
64871.0,49.0,2.0,167.7,65.0,23.1,86.0,1.0,2.0,240.0,3.0,1.0,1724.0,59.23,172.26000000000005,68.94999999999999,36.1
64875.0,34.0,2.0,171.8,63.4,21.5,79.4,1.0,1.0,480.0,3.0,1.0,2266.0,98.60000000000001,271.08,87.48,33.7
64876.0,47.0,1.0,185.6,81.5,23.7,93.5,1.0,1.0,180.0,5.397605346934028e-79,5.397605346934028e-79,4444.0,122.14000000000001,518.2000000000002,138.45,22.5
64877.0,46.0,1.0,182.0,107.6,32.5,111.5,1.0,1.0,60.0,1.0,5.397605346934028e-79,2820.0,84.01,379.54,97.95,27.8
64878.0,12.0,1.0,173.9,59.7,19.7,76.0,2.0,1.0,420.0,2.0,5.397605346934028e-79,2233.0,60.92000000000001,331.67,76.16,20.4
64881.0,33.0,1.0,173.3,100.2,33.4,107.1,2.0,2.0,240.0,5.0,4.0,3301.0,180.92000000000002,532.75,49.17,24.9
64883.0,18.0,1.0,162.6,68.0,25.7,86.8,1.0,1.0,120.0,1.0,5.397605346934028e-79,1441.0,75.64,183.99999999999997,39.78,25.8
64886.0,59.0,2.0,145.1,80.3,38.1,117.2,2.0,2.0,480.0,2.0,8.0,1593.0,90.39,226.58,40.92999999999999,40.0
64887.0,13.0,1.0,157.7,48.4,19.5,69.0,2.0,2.0,480.0,2.0,5.397605346934028e-79,829.0,18.63,152.4,18.009999999999998,22.0
64889.0,51.0,2.0,157.5,76.7,30.9,102.3,2.0,2.0,780.0,5.0,5.397605346934028e-79,1460.0,36.620000000000005,192.67999999999995,64.39999999999999,42.3
64890.0,29.0,1.0,183.4,90.1,26.8,98.9,2.0,2.0,720.0,2.0,5.397605346934028e-79,3756.0,97.03999999999999,431.72,150.87,23.3
64892.0,21.0,1.0,185.4,86.4,25.1,81.3,1.0,1.0,360.0,2.0,2.0,2688.0,118.48,326.83000000000004,89.69999999999999,15.2
64893.0,23.0,2.0,179.7,61.1,18.9,71.3,2.0,2.0,360.0,4.0,5.397605346934028e-79,2203.0,84.56,309.63999999999993,71.69999999999997,26.9
64897.0,42.0,1.0,173.7,61.0,20.2,82.2,1.0,2.0,120.0,1.0,8.0,1434.0,39.56,209.10999999999996,53.49,23.2
64899.0,13.0,2.0,157.6,46.3,18.6,65.7,2.0,2.0,480.0,2.0,1.0,1019.0,54.94,144.18999999999997,26.909999999999997,30.2
64900.0,25.0,1.0,177.1,83.1,26.5,92.2,2.0,1.0,240.0,5.397605346934028e-79,5.397605346934028e-79,2657.0,165.99999999999997,308.12,87.08000000000001,25.7
64901.0,18.0,2.0,158.0,61.8,24.8,84.1,1.0,1.0,180.0,2.0,5.397605346934028e-79,2291.0,77.81000000000002,298.07,90.55000000000001,36.9
64902.0,31.0,1.0,175.2,93.9,30.6,105.0,1.0,1.0,300.0,3.0,8.0,3532.0,132.65,440.38,149.81,30.6
64903.0,35.0,1.0,163.2,68.5,25.7,82.6,2.0,2.0,480.0,4.0,5.0,272.0,8.1,41.790000000000006,8.01,19.8
64910.0,15.0,2.0,163.8,51.6,19.2,76.2,2.0,1.0,420.0,2.0,1.0,2061.0,123.99999999999999,179.3,95.69999999999999,32.9
64911.0,15.0,2.0,158.6,54.1,21.5,71.3,1.0,2.0,480.0,5.397605346934028e-79,3.0,1984.0,76.11999999999999,264.02000000000004,72.72,30.3
64914.0,31.0,1.0,163.5,50.5,18.9,74.7,2.0,2.0,240.0,5.397605346934028e-79,2.0,1846.0,85.46000000000001,275.59999999999997,46.25,23.4
64916.0,31.0,1.0,172.8,86.8,29.1,97.0,2.0,1.0,240.0,4.0,5.397605346934028e-79,1134.0,67.99000000000001,97.01999999999998,52.46,25.8
64921.0,16.0,2.0,156.5,54.3,22.2,68.8,1.0,2.0,660.0,2.0,1.0,1670.0,58.190000000000005,294.77,35.11,30.6
64926.0,14.0,1.0,174.7,112.2,36.8,101.3,2.0,1.0,540.0,5.397605346934028e-79,5.397605346934028e-79,604.0,25.229999999999997,81.92,19.8,38.8
64929.0,19.0,1.0,188.0,139.0,39.3,126.2,2.0,1.0,300.0,5.0,5.0,2516.0,70.28,278.09,82.47,39.2
64931.0,59.0,2.0,174.4,70.5,23.2,87.0,2.0,1.0,480.0,3.0,5.0,928.0,49.6,123.44999999999999,30.090000000000003,31.7
64934.0,16.0,2.0,157.5,46.8,18.9,68.8,2.0,2.0,480.0,2.0,2.0,1823.0,64.07000000000001,247.85000000000002,65.67999999999999,28.2
64935.0,25.0,2.0,164.4,70.3,26.0,90.3,1.0,1.0,240.0,1.0,8.0,1097.0,42.12,184.85,23.009999999999998,43.7
64938.0,40.0,1.0,174.4,70.8,23.3,83.5,1.0,1.0,360.0,4.0,2.0,2889.0,145.42,375.47,91.36,23.6
64939.0,19.0,1.0,183.7,88.9,26.3,85.0,1.0,2.0,240.0,1.0,2.0,1813.0,87.78000000000002,220.53,64.7,16.7
64949.0,26.0,2.0,166.1,100.5,36.4,115.3,2.0,2.0,600.0,1.0,5.0,3614.0,117.07000000000001,413.16,156.45,44.0
64951.0,22.0,1.0,183.4,97.2,28.9,100.0,2.0,2.0,360.0,3.0,3.0,3160.0,129.61999999999998,418.21,112.57000000000001,31.3
64953.0,44.0,2.0,169.3,54.7,19.1,70.2,2.0,1.0,120.0,2.0,5.397605346934028e-79,2093.0,70.32999999999998,230.24999999999997,103.27000000000001,30.3
64956.0,35.0,1.0,179.0,93.9,29.3,102.5,2.0,1.0,180.0,3.0,2.0,3571.0,101.24000000000001,392.00999999999993,132.46999999999997,26.1
64961.0,56.0,1.0,174.3,92.8,30.5,111.9,2.0,2.0,840.0,3.0,5.397605346934028e-79,3201.0,171.19000000000003,352.3299999999999,129.88000000000002,30.6
64962.0,32.0,2.0,162.0,91.1,34.7,105.0,2.0,1.0,840.0,1.0,5.0,1093.0,34.13,215.03999999999996,12.219999999999999,38.9
64963.0,55.0,1.0,180.4,146.3,45.0,146.7,2.0,2.0,660.0,2.0,5.397605346934028e-79,5401.0,173.41000000000005,649.2900000000001,175.35000000000002,36.5
64965.0,26.0,1.0,160.0,82.6,32.3,101.5,2.0,2.0,480.0,4.0,5.397605346934028e-79,1564.0,43.330000000000005,250.06000000000003,46.95,27.3
64968.0,50.0,2.0,168.7,61.9,21.8,79.2,1.0,2.0,720.0,1.0,2.0,2604.0,70.74000000000001,298.08000000000004,106.07000000000002,35.0
64969.0,18.0,1.0,179.7,105.8,32.8,112.2,2.0,2.0,600.0,2.0,5.397605346934028e-79,1381.0,65.53,174.10000000000002,48.34000000000001,34.4
64970.0,12.0,1.0,159.3,45.3,17.9,65.6,1.0,1.0,480.0,1.0,1.0,2809.0,119.72,315.6,118.85000000000001,18.4
64974.0,42.0,2.0,167.1,118.0,42.3,128.1,2.0,2.0,720.0,5.0,8.0,3317.0,95.16,320.22,186.14,42.4
64979.0,47.0,2.0,156.0,104.4,42.9,113.1,2.0,1.0,480.0,5.397605346934028e-79,8.0,1306.0,65.16000000000001,135.28000000000003,56.99000000000001,47.0
64981.0,46.0,1.0,172.5,81.5,27.4,101.3,2.0,1.0,120.0,5.397605346934028e-79,5.397605346934028e-79,1572.0,69.21000000000001,203.99,54.11,24.9
64982.0,16.0,1.0,186.5,81.0,23.3,84.8,1.0,1.0,600.0,4.0,5.397605346934028e-79,1895.0,43.32000000000001,311.19,55.26,24.7
64984.0,17.0,2.0,165.5,68.3,24.9,90.0,1.0,1.0,600.0,1.0,3.0,2157.0,76.91,285.85,81.8,34.0
64987.0,17.0,1.0,175.4,80.2,26.1,77.1,1.0,2.0,420.0,3.0,2.0,2096.0,63.129999999999995,309.64,68.7,13.1
64994.0,27.0,1.0,171.5,70.4,23.9,83.0,1.0,2.0,240.0,1.0,2.0,4121.0,149.68000000000004,481.46999999999986,138.29,23.4
64997.0,15.0,2.0,157.2,59.4,24.0,88.0,2.0,1.0,480.0,4.0,2.0,2206.0,89.9,333.62000000000006,60.32000000000001,34.8
64998.0,54.0,1.0,190.8,120.4,33.1,116.8,2.0,1.0,600.0,3.0,5.397605346934028e-79,3538.0,196.29000000000002,274.53,163.37,33.9
64999.0,32.0,1.0,178.8,91.1,28.5,93.1,2.0,2.0,30.0,1.0,5.397605346934028e-79,3754.0,107.96000000000001,496.11999999999995,151.16,19.7
65006.0,47.0,2.0,164.1,79.1,29.4,97.3,1.0,2.0,45.0,5.397605346934028e-79,8.0,1462.0,49.230000000000004,163.37,74.05,29.9
65009.0,51.0,2.0,169.8,160.9,55.8,155.9,1.0,1.0,600.0,5.0,8.0,1065.0,82.10000000000001,61.67,49.11,53.2
65014.0,59.0,2.0,155.2,81.1,33.7,109.5,2.0,1.0,360.0,5.0,5.397605346934028e-79,3461.0,121.28,339.91999999999996,181.26,38.9
65015.0,19.0,1.0,177.5,72.7,23.1,81.0,1.0,2.0,480.0,3.0,2.0,2665.0,91.96000000000001,371.43,93.53,15.7
65018.0,14.0,2.0,155.3,67.9,28.2,87.0,2.0,1.0,540.0,3.0,3.0,1506.0,32.37,217.31,58.28000000000001,43.2
65021.0,36.0,2.0,169.8,116.5,40.4,131.2,2.0,2.0,60.0,5.397605346934028e-79,5.397605346934028e-79,1237.0,94.74,118.12000000000002,42.35000000000001,47.0
65023.0,13.0,2.0,152.0,47.4,20.5,68.3,1.0,2.0,420.0,2.0,3.0,1051.0,47.519999999999996,144.08,32.94,22.5
65025.0,38.0,1.0,178.1,78.5,24.7,93.3,2.0,2.0,720.0,3.0,4.0,2722.0,115.75,316.19000000000005,55.690000000000005,29.1
65027.0,23.0,2.0,156.0,62.5,25.7,79.8,2.0,2.0,240.0,5.397605346934028e-79,8.0,277.0,17.130000000000003,31.72,8.94,42.7
65031.0,16.0,1.0,171.5,64.7,22.0,77.0,1.0,1.0,600.0,2.0,5.397605346934028e-79,1174.0,61.870000000000005,148.13,39.260000000000005,19.3
65034.0,16.0,2.0,162.5,59.2,22.4,79.9,2.0,2.0,600.0,2.0,5.0,1947.0,65.6,239.38,81.08,35.6
65038.0,13.0,1.0,156.5,57.5,23.5,81.0,1.0,1.0,600.0,3.0,1.0,2334.0,91.83000000000001,296.46,88.58,34.0
65040.0,58.0,2.0,161.7,65.5,25.1,92.7,2.0,1.0,720.0,5.0,5.397605346934028e-79,1540.0,60.519999999999996,145.22,80.14,38.3
65042.0,14.0,1.0,171.3,96.8,33.0,107.5,2.0,2.0,1140.0,2.0,8.0,3961.0,98.93,449.25999999999993,201.21,38.0
65044.0,15.0,2.0,172.7,63.7,21.4,77.5,1.0,2.0,720.0,1.0,2.0,1968.0,72.95,172.02,112.18,34.6
65047.0,42.0,1.0,174.1,104.4,34.4,112.5,2.0,2.0,240.0,4.0,5.397605346934028e-79,4024.0,161.49,554.63,132.16000000000003,29.2
65049.0,24.0,1.0,174.3,72.0,23.7,80.7,1.0,2.0,240.0,5.0,4.0,3497.0,168.57999999999998,410.57000000000005,143.25,14.8
65052.0,42.0,1.0,170.5,80.6,27.7,96.8,2.0,1.0,600.0,5.397605346934028e-79,1.0,3373.0,147.67000000000004,414.72,130.92,30.1
65061.0,38.0,1.0,179.4,95.5,29.7,104.8,2.0,1.0,600.0,5.397605346934028e-79,2.0,1365.0,41.99,195.41,44.95,32.7
65063.0,28.0,1.0,173.4,79.5,26.4,89.8,2.0,2.0,720.0,5.0,1.0,4499.0,190.38000000000002,414.17999999999995,126.71,21.2
65066.0,45.0,1.0,176.6,62.4,20.0,81.5,2.0,2.0,600.0,4.0,8.0,2413.0,61.44,376.53,79.96,19.1
65067.0,42.0,2.0,158.4,52.6,21.0,74.0,2.0,1.0,900.0,5.397605346934028e-79,5.0,1228.0,43.21999999999999,158.37000000000003,33.870000000000005,34.4
65072.0,27.0,2.0,157.3,67.8,27.4,85.5,2.0,2.0,480.0,2.0,4.0,2108.0,92.3,285.10999999999996,69.78999999999999,41.0
65075.0,45.0,2.0,154.9,68.7,28.6,95.9,2.0,1.0,540.0,1.0,5.397605346934028e-79,1173.0,40.53999999999999,91.97,42.79999999999999,43.2
65076.0,50.0,2.0,154.3,63.3,26.6,83.2,2.0,2.0,300.0,1.0,5.397605346934028e-79,3344.0,84.48,429.98,145.15999999999997,39.3
65079.0,35.0,2.0,168.8,94.4,33.1,110.8,2.0,1.0,120.0,1.0,8.0,1392.0,34.07,213.82999999999996,45.66,43.1
65082.0,14.0,2.0,162.9,83.5,31.5,97.0,1.0,1.0,480.0,2.0,1.0,2330.0,77.2,345.60999999999996,73.33,36.5
65084.0,26.0,2.0,159.4,71.9,28.3,90.3,1.0,2.0,240.0,2.0,2.0,2560.0,105.42999999999999,374.59999999999997,74.31,39.1
65088.0,37.0,2.0,176.7,93.5,29.9,94.5,2.0,2.0,480.0,5.397605346934028e-79,3.0,1378.0,65.3,189.48,41.64,41.4
65090.0,18.0,2.0,173.7,75.3,25.0,93.0,2.0,2.0,300.0,1.0,1.0,812.0,32.480000000000004,114.25999999999999,26.559999999999995,39.0
65091.0,33.0,1.0,171.9,81.2,27.5,93.3,2.0,1.0,240.0,3.0,3.0,1540.0,42.59,255.82,41.349999999999994,24.4
65093.0,22.0,2.0,154.9,76.1,31.7,93.9,2.0,1.0,360.0,5.0,8.0,1723.0,35.24,231.74,30.64,32.1
65102.0,35.0,2.0,169.4,108.7,37.9,116.1,2.0,1.0,360.0,5.0,1.0,2111.0,117.66000000000003,265.80999999999995,71.94000000000001,44.4
65103.0,12.0,1.0,170.3,63.7,22.0,78.8,1.0,1.0,840.0,5.0,5.397605346934028e-79,2108.0,62.89,302.97,72.37,28.7
65106.0,32.0,1.0,183.5,81.6,24.2,82.0,2.0,2.0,360.0,2.0,1.0,2066.0,83.60000000000001,270.87,54.940000000000005,16.6
65107.0,14.0,1.0,162.8,62.2,23.5,82.3,1.0,2.0,600.0,1.0,5.397605346934028e-79,1260.0,46.67000000000001,198.01999999999995,33.9,29.0
65111.0,14.0,1.0,177.6,71.3,22.6,80.8,2.0,1.0,540.0,1.0,1.0,1642.0,41.75,295.16999999999996,36.12,28.1
65115.0,19.0,2.0,165.9,65.3,23.7,77.8,2.0,2.0,360.0,5.397605346934028e-79,5.0,1683.0,55.46999999999999,213.16,59.989999999999995,32.8
65117.0,16.0,1.0,179.1,79.4,24.8,80.2,1.0,1.0,540.0,5.0,4.0,3168.0,138.6,400.06,119.34,15.7
65119.0,31.0,2.0,167.6,76.0,27.1,92.8,2.0,2.0,60.0,5.397605346934028e-79,2.0,989.0,31.17,151.01000000000002,30.57,37.6
65122.0,24.0,2.0,159.7,100.6,39.4,111.5,1.0,1.0,180.0,1.0,1.0,2148.0,82.35,290.9599999999999,75.91,44.5
65123.0,13.0,2.0,171.1,58.6,20.0,75.4,2.0,2.0,480.0,5.397605346934028e-79,2.0,1173.0,48.35000000000001,148.48,43.84,27.4
65125.0,40.0,2.0,149.2,61.8,27.8,86.1,2.0,2.0,180.0,3.0,8.0,1493.0,67.91000000000001,233.83000000000004,33.440000000000005,38.1
65131.0,24.0,1.0,173.6,89.3,29.6,107.7,2.0,2.0,600.0,5.397605346934028e-79,5.0,1930.0,52.43000000000001,322.68,52.720000000000006,36.8
65135.0,55.0,1.0,172.5,82.0,27.6,96.8,2.0,1.0,840.0,1.0,1.0,1847.0,67.05,216.95000000000002,81.22999999999999,31.6
65142.0,23.0,1.0,174.3,111.5,36.7,117.0,2.0,2.0,180.0,2.0,5.397605346934028e-79,2325.0,55.11000000000001,372.20000000000005,72.18,30.9
65144.0,48.0,1.0,180.2,66.5,20.5,85.5,2.0,1.0,120.0,8.0,2.0,1357.0,49.68,232.82000000000002,29.19,28.9
65145.0,57.0,2.0,155.8,53.2,21.9,80.3,2.0,2.0,240.0,3.0,2.0,1358.0,57.25000000000001,188.13,42.290000000000006,34.8
65146.0,14.0,1.0,169.8,109.2,37.9,117.0,2.0,1.0,660.0,8.0,2.0,1751.0,84.91,131.13,99.03999999999999,43.8
65148.0,12.0,2.0,149.9,69.6,31.0,95.0,2.0,1.0,480.0,1.0,5.397605346934028e-79,1197.0,60.519999999999996,139.17,46.38,44.9
65149.0,31.0,1.0,178.4,94.2,29.6,98.0,2.0,1.0,300.0,5.0,8.0,3792.0,137.65,348.24,155.93,24.2
65150.0,53.0,2.0,153.4,77.5,32.9,101.4,2.0,1.0,240.0,5.0,2.0,1313.0,39.13,185.82,47.75,40.0
65151.0,26.0,2.0,160.5,94.1,36.5,112.9,2.0,1.0,360.0,5.0,5.0,1530.0,79.69999999999999,165.71,63.21000000000001,43.7
65152.0,13.0,1.0,173.2,52.7,17.6,69.2,2.0,1.0,240.0,3.0,2.0,2341.0,104.77,276.41,92.14,21.3
65154.0,22.0,1.0,177.6,78.0,24.7,84.8,1.0,2.0,360.0,1.0,2.0,2173.0,70.4,210.02999999999997,117.92999999999999,19.9
65156.0,44.0,1.0,179.4,70.9,22.0,83.5,2.0,2.0,300.0,2.0,8.0,4313.0,180.87999999999997,435.27000000000004,173.09000000000003,15.1
65164.0,42.0,1.0,164.8,115.4,42.5,137.2,2.0,2.0,360.0,8.0,8.0,2605.0,50.910000000000004,285.25,117.11000000000001,35.0
65166.0,17.0,1.0,166.6,74.4,26.8,81.3,2.0,1.0,420.0,5.397605346934028e-79,8.0,1135.0,58.61,113.73,52.09,28.5
65167.0,17.0,2.0,155.5,48.6,20.1,66.5,2.0,1.0,360.0,1.0,3.0,1931.0,93.65,177.51999999999998,93.06,25.9
65168.0,16.0,1.0,170.5,57.7,19.8,71.2,1.0,2.0,480.0,5.397605346934028e-79,1.0,2416.0,142.82,264.69,91.18,19.6
65169.0,59.0,2.0,153.3,51.3,21.8,81.3,2.0,1.0,180.0,4.0,3.0,1229.0,42.41,232.68,19.110000000000003,40.5
65171.0,13.0,2.0,156.4,39.7,16.2,59.4,1.0,1.0,480.0,1.0,5.397605346934028e-79,1155.0,68.3,144.47,34.79,20.8
65173.0,41.0,2.0,158.1,71.6,28.6,92.8,2.0,1.0,300.0,2.0,5.397605346934028e-79,1729.0,64.72000000000001,231.57,61.569999999999986,37.9
65174.0,31.0,2.0,161.6,77.6,29.7,102.6,1.0,1.0,600.0,2.0,1.0,2492.0,75.35,265.62,60.44,41.8
65175.0,50.0,2.0,163.2,113.4,42.6,119.8,1.0,1.0,180.0,5.0,5.397605346934028e-79,2180.0,100.33000000000001,257.85999999999996,77.92,46.9
65176.0,45.0,2.0,155.0,104.8,43.6,114.6,2.0,2.0,780.0,2.0,2.0,843.0,47.99,91.10000000000001,33.349999999999994,48.1
65177.0,22.0,1.0,179.6,73.5,22.8,80.3,1.0,1.0,120.0,5.397605346934028e-79,2.0,5642.0,180.72999999999996,745.26,231.13,15.9
65179.0,48.0,1.0,174.9,89.3,29.2,101.7,2.0,1.0,720.0,2.0,8.0,1670.0,65.3,212.12,63.769999999999996,33.0
65180.0,14.0,2.0,168.7,103.8,36.5,111.1,2.0,2.0,9999.0,2.0,1.0,921.0,37.72,147.29,23.4,46.3
65182.0,45.0,1.0,170.3,71.6,24.7,87.9,2.0,1.0,300.0,5.397605346934028e-79,8.0,613.0,19.049999999999997,83.65,23.169999999999998,23.9
65184.0,50.0,2.0,155.6,55.7,23.0,81.4,2.0,2.0,300.0,3.0,8.0,1438.0,67.46,197.61,44.07,36.9
65188.0,59.0,2.0,167.5,72.1,25.7,91.5,2.0,1.0,120.0,1.0,8.0,1076.0,59.0,125.00999999999999,38.980000000000004,41.0
65191.0,30.0,2.0,161.0,47.2,18.2,73.9,2.0,2.0,300.0,5.397605346934028e-79,2.0,1328.0,30.66,220.39,37.510000000000005,34.4
65192.0,52.0,2.0,157.7,64.9,26.1,88.2,1.0,1.0,420.0,2.0,8.0,2224.0,64.83999999999999,338.90000000000003,74.88,39.9
65194.0,31.0,1.0,180.4,73.2,22.5,83.0,1.0,1.0,120.0,2.0,4.0,2097.0,136.67000000000002,168.45,95.36,22.9
65195.0,43.0,1.0,183.5,132.8,39.4,125.1,2.0,1.0,120.0,4.0,2.0,3076.0,201.04,399.51,75.87,30.6
65198.0,32.0,1.0,167.7,63.2,22.5,77.2,2.0,1.0,240.0,2.0,8.0,4076.0,256.19,509.53999999999996,112.53999999999998,17.2
65199.0,51.0,2.0,154.9,59.1,24.6,87.2,1.0,2.0,120.0,1.0,5.397605346934028e-79,2298.0,100.63000000000001,203.23,91.06,41.7
65202.0,45.0,1.0,167.7,72.1,25.6,87.0,1.0,1.0,120.0,8.0,8.0,2229.0,86.85,299.77000000000004,82.5,25.0
65204.0,15.0,1.0,173.7,68.2,22.6,72.5,1.0,2.0,420.0,5.397605346934028e-79,8.0,1638.0,43.89,262.36000000000007,48.54,13.6
65205.0,56.0,1.0,176.4,71.1,22.8,85.2,2.0,2.0,120.0,1.0,2.0,1798.0,36.150000000000006,231.83000000000004,58.71,23.5
65212.0,14.0,1.0,166.6,67.6,24.4,86.7,2.0,1.0,600.0,1.0,4.0,2177.0,97.41,281.26,73.12,27.8
65214.0,38.0,2.0,172.0,94.5,31.9,100.3,2.0,2.0,600.0,1.0,1.0,2286.0,79.88000000000001,248.59,114.13000000000002,44.6
65217.0,22.0,2.0,158.7,47.3,18.8,64.5,1.0,1.0,540.0,1.0,5.0,4265.0,155.13,570.6799999999998,153.72000000000003,28.1
65223.0,20.0,1.0,173.1,113.3,37.8,109.8,1.0,2.0,55.0,5.397605346934028e-79,5.397605346934028e-79,3736.0,121.69999999999999,477.1200000000001,137.71,25.0
65225.0,34.0,2.0,158.9,69.0,27.3,85.8,2.0,1.0,660.0,1.0,2.0,2616.0,120.72000000000001,205.23000000000002,144.82999999999996,34.3
65227.0,30.0,2.0,164.0,101.3,37.7,105.5,2.0,2.0,480.0,4.0,8.0,3339.0,75.46,491.07000000000005,126.24,46.2
65229.0,31.0,1.0,178.4,78.8,24.8,88.5,1.0,1.0,720.0,4.0,3.0,3796.0,356.25999999999993,482.6699999999999,48.60000000000001,19.0
65231.0,31.0,1.0,168.9,131.1,46.0,134.4,2.0,2.0,360.0,5.0,2.0,3570.0,181.81,337.34000000000003,92.60000000000001,38.3
65233.0,30.0,1.0,172.0,79.5,26.9,84.0,1.0,1.0,240.0,4.0,5.397605346934028e-79,3153.0,96.19000000000001,472.7800000000001,102.74,14.4
65237.0,25.0,2.0,154.6,64.9,27.2,72.0,2.0,1.0,120.0,5.397605346934028e-79,5.397605346934028e-79,1700.0,103.13999999999999,187.58,60.14,43.4
65238.0,19.0,1.0,171.4,76.2,25.9,84.5,1.0,1.0,180.0,3.0,8.0,3866.0,125.47999999999999,423.9,188.65,20.5
65241.0,42.0,2.0,163.8,59.4,22.1,87.5,2.0,2.0,120.0,5.397605346934028e-79,5.397605346934028e-79,1027.0,52.46,154.55,23.689999999999998,38.4
65249.0,23.0,2.0,164.9,62.3,22.9,82.6,1.0,1.0,360.0,2.0,2.0,1342.0,65.14,125.61,66.13000000000001,28.9
65250.0,41.0,1.0,186.5,88.1,25.3,108.4,2.0,1.0,480.0,5.0,8.0,2442.0,61.24000000000001,321.02000000000004,68.59,29.6
65255.0,52.0,1.0,171.5,92.0,31.3,109.3,2.0,1.0,720.0,2.0,2.0,4201.0,127.76000000000002,470.39000000000004,197.53999999999996,24.1
65256.0,36.0,2.0,163.8,57.2,21.3,71.5,1.0,1.0,360.0,1.0,5.397605346934028e-79,1196.0,43.12,115.71999999999998,47.36,30.4
65257.0,13.0,1.0,173.2,94.7,31.6,104.9,1.0,1.0,540.0,2.0,8.0,1361.0,51.61,204.9,42.08,34.6
65260.0,58.0,2.0,150.4,55.4,24.5,85.7,2.0,2.0,240.0,5.397605346934028e-79,8.0,848.0,43.97,103.98999999999998,23.669999999999998,42.6
65261.0,41.0,2.0,158.9,113.4,44.9,124.5,2.0,2.0,480.0,5.0,4.0,3051.0,81.4,354.98999999999995,146.83,45.7
65262.0,35.0,1.0,167.1,63.7,22.8,88.6,2.0,2.0,300.0,3.0,3.0,2573.0,120.09,226.49,94.23,28.2
65263.0,13.0,2.0,153.5,54.1,23.0,81.2,1.0,1.0,600.0,1.0,8.0,1095.0,25.029999999999998,186.68000000000004,28.810000000000002,37.2
65264.0,40.0,1.0,184.8,92.2,27.0,99.4,1.0,2.0,300.0,3.0,5.397605346934028e-79,2598.0,123.97,421.75,51.83,22.9
65265.0,56.0,1.0,175.1,87.8,28.6,102.7,2.0,2.0,120.0,2.0,8.0,3266.0,139.85999999999999,466.1200000000001,100.24000000000001,26.0
65266.0,55.0,2.0,159.0,65.8,26.0,88.5,2.0,1.0,240.0,4.0,8.0,2703.0,78.44000000000001,268.48,150.68000000000004,37.0
65267.0,37.0,2.0,177.2,59.9,19.1,72.8,2.0,1.0,720.0,1.0,3.0,3747.0,136.8,443.08,161.71,23.5
65268.0,20.0,2.0,156.6,48.3,19.7,70.5,1.0,1.0,480.0,2.0,2.0,993.0,19.97,178.48,24.61,34.2
65269.0,24.0,1.0,174.2,90.2,29.7,97.0,2.0,2.0,240.0,4.0,1.0,2695.0,95.4,359.43999999999994,99.78,24.7
65270.0,24.0,1.0,175.7,94.0,30.4,103.0,1.0,1.0,360.0,2.0,2.0,2928.0,130.48999999999998,313.79,129.61999999999998,25.2
65271.0,27.0,2.0,166.5,88.2,31.8,96.4,2.0,1.0,660.0,1.0,5.397605346934028e-79,2434.0,63.87,305.46999999999997,108.44999999999999,42.8
65278.0,13.0,2.0,157.4,47.8,19.3,63.8,2.0,2.0,780.0,4.0,4.0,1682.0,33.81,258.61,63.06999999999999,27.0
65285.0,44.0,1.0,170.7,70.6,24.2,89.2,2.0,2.0,480.0,2.0,2.0,2575.0,167.55999999999997,239.20000000000002,106.68,24.0
65286.0,30.0,1.0,161.9,57.5,21.9,75.7,2.0,1.0,300.0,3.0,3.0,2360.0,87.57,281.73,82.53,18.4
65288.0,41.0,2.0,164.9,66.8,24.6,88.0,1.0,2.0,480.0,1.0,1.0,2728.0,129.35,239.69,120.4,32.7
65291.0,29.0,1.0,165.4,86.4,31.6,102.3,2.0,2.0,240.0,1.0,8.0,1839.0,53.129999999999995,262.15000000000003,67.86,30.5
65294.0,15.0,2.0,167.1,61.7,22.1,79.2,2.0,2.0,300.0,3.0,5.397605346934028e-79,1886.0,39.8,274.31,72.48,27.4
65295.0,17.0,2.0,156.8,44.8,18.2,67.8,1.0,1.0,720.0,2.0,8.0,1054.0,52.24,112.4,44.60000000000001,27.9
65299.0,29.0,1.0,184.7,77.5,22.7,82.8,1.0,1.0,420.0,2.0,5.397605346934028e-79,3468.0,91.82,395.29999999999995,153.52,22.0
65303.0,19.0,2.0,162.7,46.5,17.6,71.5,2.0,1.0,480.0,4.0,5.397605346934028e-79,2664.0,80.83,363.15,100.77000000000001,34.8
65306.0,30.0,2.0,158.5,60.1,23.9,82.8,1.0,1.0,300.0,8.0,3.0,3008.0,85.30000000000001,471.8999999999999,89.83999999999999,28.8
65308.0,54.0,2.0,150.9,60.6,26.6,91.0,2.0,2.0,180.0,3.0,8.0,1673.0,61.72,254.86999999999998,35.66,39.5
65310.0,40.0,1.0,174.3,137.3,45.2,137.5,2.0,2.0,360.0,2.0,1.0,2374.0,66.07,282.90000000000003,56.01,38.1
65314.0,16.0,2.0,161.2,45.2,17.4,65.7,2.0,1.0,420.0,2.0,1.0,1998.0,55.65,276.0,76.91999999999999,24.0
65316.0,54.0,1.0,177.6,94.6,30.0,103.8,2.0,1.0,600.0,1.0,1.0,2997.0,140.64999999999998,213.57999999999998,184.32999999999998,26.3
65317.0,26.0,2.0,167.4,134.9,48.1,145.9,1.0,1.0,180.0,5.397605346934028e-79,1.0,1336.0,55.74999999999999,166.43,49.449999999999996,45.0
65320.0,39.0,1.0,183.9,93.2,27.6,98.4,2.0,2.0,240.0,3.0,5.397605346934028e-79,2281.0,44.93000000000001,338.51,84.95,23.1
65322.0,23.0,2.0,154.9,68.9,28.7,81.5,2.0,2.0,300.0,3.0,3.0,1257.0,39.959999999999994,143.21,52.870000000000005,40.3
65327.0,38.0,1.0,175.8,93.7,30.3,102.8,1.0,2.0,420.0,5.397605346934028e-79,1.0,2542.0,130.5,294.47,78.34,25.7
65331.0,54.0,2.0,177.9,114.8,36.3,116.9,2.0,2.0,360.0,2.0,5.397605346934028e-79,2622.0,114.1,289.65,114.96000000000001,45.2
65335.0,55.0,1.0,176.3,91.1,29.3,107.0,2.0,2.0,540.0,2.0,1.0,2221.0,166.51000000000005,180.96999999999997,91.6,29.9
65336.0,20.0,2.0,163.6,46.8,17.5,67.3,2.0,2.0,600.0,1.0,4.0,3888.0,108.4,522.52,161.62,31.4
65338.0,22.0,2.0,162.6,58.7,22.2,77.5,1.0,1.0,300.0,1.0,1.0,1514.0,39.95,138.85,22.49,33.8
65340.0,25.0,2.0,164.3,59.6,22.1,74.4,2.0,2.0,360.0,2.0,2.0,1425.0,69.25,184.6,48.25,35.5
65341.0,42.0,1.0,180.4,74.5,22.9,91.1,2.0,1.0,480.0,3.0,5.397605346934028e-79,3028.0,121.42,346.75999999999993,134.85,23.4
65346.0,49.0,2.0,155.1,62.5,26.0,77.5,1.0,1.0,480.0,1.0,1.0,959.0,32.74,176.51,17.459999999999997,40.7
65347.0,30.0,2.0,152.8,59.8,25.6,82.3,1.0,1.0,420.0,5.397605346934028e-79,5.397605346934028e-79,1182.0,51.230000000000004,153.62000000000003,44.379999999999995,37.0
65348.0,45.0,2.0,160.8,76.2,29.5,100.4,2.0,1.0,840.0,2.0,1.0,2638.0,97.33000000000001,219.26999999999995,89.07000000000002,40.1
65349.0,19.0,1.0,171.0,65.1,22.3,79.3,1.0,2.0,300.0,3.0,4.0,3327.0,183.37,404.11,107.24999999999999,20.4
65353.0,42.0,2.0,169.7,83.3,28.9,95.4,2.0,2.0,60.0,2.0,5.397605346934028e-79,1954.0,86.36999999999999,238.84,73.79,41.6
65354.0,13.0,1.0,170.9,55.2,18.9,71.2,1.0,1.0,480.0,3.0,1.0,1902.0,100.64,195.26,78.52,18.0
65355.0,37.0,1.0,174.5,92.7,30.4,103.3,2.0,2.0,120.0,2.0,4.0,1822.0,130.15,213.05,35.18,30.9
65358.0,45.0,2.0,154.1,66.9,28.2,95.5,1.0,1.0,300.0,2.0,1.0,1386.0,48.10999999999999,182.42999999999998,57.15,39.6
65359.0,14.0,1.0,165.6,48.2,17.6,64.7,2.0,2.0,480.0,2.0,5.397605346934028e-79,1099.0,27.43,175.93000000000004,33.64,17.1
65360.0,17.0,2.0,168.3,86.4,30.5,101.1,2.0,2.0,480.0,1.0,5.397605346934028e-79,1542.0,27.82,256.84,46.81,37.1
65365.0,17.0,2.0,159.4,52.2,20.5,70.3,2.0,2.0,600.0,5.0,5.0,4490.0,129.93,624.81,168.79,25.2
65368.0,23.0,1.0,166.2,46.2,16.7,65.8,2.0,2.0,120.0,1.0,8.0,5679.0,167.01,877.1800000000001,181.76000000000002,12.9
65373.0,45.0,2.0,174.7,79.7,26.1,97.6,2.0,1.0,720.0,2.0,5.397605346934028e-79,2009.0,76.63,258.03999999999996,64.75,38.3
65375.0,52.0,2.0,146.4,58.7,27.4,83.0,1.0,1.0,300.0,5.397605346934028e-79,5.397605346934028e-79,960.0,34.34,134.73,33.25,43.8
65377.0,19.0,1.0,165.8,78.3,28.5,96.8,2.0,2.0,120.0,2.0,5.397605346934028e-79,3081.0,135.96999999999997,409.78000000000003,100.76,30.5
65379.0,12.0,2.0,158.1,73.3,29.3,89.5,1.0,1.0,720.0,2.0,1.0,1627.0,60.91,239.54999999999998,48.35,39.6
65380.0,17.0,2.0,157.8,58.5,23.5,72.7,2.0,1.0,480.0,4.0,4.0,1639.0,70.48,184.32,70.87,38.7
65385.0,12.0,2.0,145.3,38.3,18.1,70.0,1.0,1.0,600.0,2.0,5.397605346934028e-79,2280.0,48.989999999999995,320.28999999999996,94.02,34.9
65392.0,40.0,2.0,163.4,67.6,25.3,91.6,2.0,2.0,240.0,1.0,1.0,2859.0,117.12999999999998,299.00000000000006,133.99999999999997,36.8
65396.0,54.0,1.0,169.1,81.1,28.4,104.4,2.0,2.0,180.0,2.0,8.0,2801.0,98.87,294.3499999999999,125.08,31.5
65399.0,59.0,1.0,165.7,68.0,24.8,90.4,2.0,2.0,30.0,4.0,5.397605346934028e-79,1656.0,76.15999999999998,215.09000000000003,44.17,26.3
65400.0,16.0,1.0,152.7,94.3,40.4,122.4,1.0,2.0,660.0,3.0,5.397605346934028e-79,2013.0,71.42999999999999,294.49,64.06,41.9
65401.0,55.0,1.0,173.1,73.2,24.4,103.8,2.0,1.0,360.0,2.0,5.397605346934028e-79,1874.0,53.57,218.79,67.3,31.3
65404.0,27.0,2.0,151.4,42.9,18.7,64.8,1.0,1.0,600.0,8.0,5.397605346934028e-79,822.0,15.810000000000002,144.57,21.709999999999997,30.1
65405.0,17.0,1.0,173.0,76.5,25.6,77.5,1.0,2.0,420.0,3.0,1.0,2115.0,79.58999999999999,275.79,81.69,18.5
65406.0,20.0,1.0,173.1,69.0,23.0,78.6,1.0,1.0,420.0,8.0,2.0,2693.0,91.78,363.07000000000005,104.24000000000002,18.6
65407.0,46.0,1.0,180.7,80.0,24.5,95.4,1.0,2.0,480.0,4.0,5.397605346934028e-79,3389.0,107.73000000000002,438.87000000000006,135.56,25.7
65411.0,16.0,2.0,155.0,48.6,20.2,68.1,1.0,1.0,660.0,3.0,2.0,1589.0,53.540000000000006,277.21000000000004,34.669999999999995,32.0
65416.0,23.0,1.0,171.7,67.4,22.9,76.2,1.0,1.0,480.0,1.0,5.397605346934028e-79,1911.0,54.28000000000001,288.74000000000007,61.48,16.1
65419.0,19.0,1.0,174.9,76.0,24.8,79.7,1.0,1.0,300.0,3.0,1.0,1927.0,129.72,241.75,46.879999999999995,18.3
65420.0,24.0,2.0,167.0,100.7,36.1,114.8,2.0,1.0,240.0,3.0,4.0,2240.0,47.29,320.89,89.49,45.3
65423.0,50.0,1.0,170.1,86.1,29.8,107.4,2.0,2.0,360.0,2.0,8.0,2487.0,142.58,207.81,51.49,27.9
65429.0,17.0,1.0,175.0,75.6,24.7,80.8,2.0,1.0,180.0,5.397605346934028e-79,3.0,1839.0,73.23000000000002,242.18999999999997,66.84,18.5
65430.0,34.0,2.0,157.6,83.0,33.4,98.2,2.0,2.0,360.0,3.0,8.0,1965.0,68.23,289.83,65.53000000000002,47.2
65434.0,34.0,2.0,152.7,52.1,22.3,77.0,2.0,2.0,840.0,5.397605346934028e-79,3.0,969.0,77.57,108.47999999999999,25.82,37.3
65439.0,15.0,2.0,150.0,64.1,28.5,86.5,1.0,1.0,600.0,1.0,3.0,903.0,46.94,127.77999999999999,23.78,41.6
65447.0,44.0,1.0,178.4,95.5,30.0,108.4,2.0,2.0,180.0,5.0,1.0,1201.0,54.47,132.73999999999998,51.160000000000004,29.9
65450.0,49.0,2.0,158.4,62.1,24.8,83.6,2.0,1.0,60.0,5.0,8.0,1973.0,78.89000000000001,242.61,78.02000000000001,39.6
65451.0,33.0,2.0,170.6,84.6,29.1,97.2,2.0,1.0,540.0,2.0,1.0,1270.0,57.75000000000001,160.74,45.15,41.5
65452.0,16.0,2.0,168.9,57.5,20.2,70.8,1.0,1.0,540.0,1.0,8.0,1251.0,55.730000000000004,132.96,57.44,26.6
65454.0,36.0,2.0,162.5,56.7,21.5,75.9,2.0,1.0,300.0,1.0,5.397605346934028e-79,2418.0,91.85000000000001,276.64,105.32,30.0
65455.0,14.0,2.0,160.3,71.6,27.9,88.4,2.0,1.0,660.0,2.0,5.397605346934028e-79,1719.0,62.28,229.97,64.51,35.0
65456.0,12.0,2.0,151.7,62.6,27.2,86.0,2.0,2.0,480.0,1.0,1.0,1166.0,74.61,125.75,41.04,39.1
65457.0,25.0,1.0,174.6,75.8,24.9,90.3,2.0,1.0,720.0,5.397605346934028e-79,5.0,1118.0,59.279999999999994,94.07,57.89999999999999,31.8
65461.0,50.0,1.0,171.3,85.7,29.2,108.0,2.0,2.0,600.0,5.0,8.0,4379.0,108.62,642.73,160.64000000000001,32.4
65462.0,49.0,2.0,164.5,61.1,22.6,82.0,2.0,2.0,780.0,5.397605346934028e-79,5.397605346934028e-79,1393.0,47.42,185.84,55.199999999999996,36.6
65469.0,58.0,1.0,170.0,127.8,44.2,140.8,2.0,2.0,900.0,5.0,8.0,2948.0,103.04,256.51,167.98,37.0
65475.0,44.0,2.0,165.1,128.0,47.0,149.5,1.0,1.0,420.0,5.397605346934028e-79,5.397605346934028e-79,3281.0,99.4,396.2,146.46,49.7
65476.0,32.0,2.0,167.6,149.1,53.1,135.5,2.0,1.0,480.0,1.0,4.0,3104.0,97.53999999999999,355.53000000000003,146.66,49.0
65479.0,51.0,1.0,188.9,174.6,48.9,151.1,1.0,1.0,600.0,5.397605346934028e-79,5.397605346934028e-79,1936.0,79.79,172.26,110.33000000000003,37.6
65485.0,42.0,1.0,173.6,118.8,39.4,124.9,2.0,2.0,420.0,1.0,3.0,3533.0,117.08999999999999,518.61,125.05,34.0
65488.0,38.0,1.0,182.1,77.2,23.3,89.6,2.0,1.0,300.0,1.0,5.397605346934028e-79,3037.0,160.88000000000002,299.24,124.63999999999999,26.4
65489.0,18.0,1.0,173.5,88.3,29.3,90.5,2.0,1.0,300.0,2.0,8.0,1598.0,76.86,119.95999999999998,92.11,25.8
65491.0,25.0,2.0,167.0,97.1,34.8,106.7,2.0,2.0,540.0,4.0,2.0,2432.0,47.23999999999999,285.08,79.16999999999999,44.6
65498.0,39.0,2.0,163.0,89.6,33.7,103.2,2.0,1.0,180.0,5.397605346934028e-79,1.0,1895.0,42.72,243.93,88.36,39.0
65499.0,19.0,1.0,172.3,60.2,20.3,72.5,1.0,2.0,120.0,2.0,5.397605346934028e-79,3571.0,140.23,351.0,179.14,13.9
65500.0,46.0,1.0,173.1,94.6,31.6,98.6,1.0,1.0,180.0,2.0,8.0,3702.0,98.61999999999999,523.73,141.61999999999995,22.2
65501.0,24.0,2.0,155.0,54.8,22.8,75.0,1.0,2.0,300.0,5.397605346934028e-79,2.0,1540.0,57.06,264.69,36.489999999999995,31.0
65503.0,44.0,2.0,158.0,106.8,42.8,124.6,2.0,2.0,480.0,4.0,8.0,2948.0,99.39999999999999,435.8999999999999,100.35999999999999,38.3
65505.0,55.0,1.0,172.3,66.5,22.4,87.0,2.0,2.0,240.0,1.0,3.0,1784.0,77.14,276.84999999999997,32.45,22.7
65507.0,13.0,2.0,149.3,37.9,17.0,59.6,2.0,1.0,540.0,3.0,5.397605346934028e-79,1661.0,42.029999999999994,283.14,42.88,27.0
65508.0,31.0,1.0,174.1,85.8,28.3,94.6,2.0,1.0,360.0,2.0,8.0,2478.0,97.1,290.05,104.71,30.5
65513.0,32.0,1.0,177.9,134.9,42.6,134.9,1.0,1.0,90.0,1.0,1.0,1849.0,80.63000000000001,254.48999999999998,59.400000000000006,36.8
65517.0,25.0,2.0,151.8,60.8,26.4,94.8,2.0,2.0,240.0,2.0,1.0,2216.0,83.77000000000001,352.48,44.55999999999999,44.5
65519.0,13.0,1.0,157.1,56.5,22.9,74.0,2.0,2.0,360.0,1.0,2.0,4231.0,132.57,685.8900000000001,112.39000000000001,24.0
65520.0,36.0,2.0,163.4,104.6,39.2,117.0,2.0,1.0,540.0,1.0,2.0,2218.0,60.0,236.50000000000003,119.65,45.0
65521.0,17.0,1.0,165.7,68.9,25.1,86.8,2.0,2.0,480.0,2.0,8.0,2500.0,90.25,325.84999999999997,95.02000000000001,26.1
65532.0,18.0,1.0,175.6,67.1,21.8,79.0,1.0,1.0,960.0,3.0,1.0,2583.0,71.19,355.26,104.78,18.3
65534.0,31.0,2.0,161.6,80.7,30.9,93.8,2.0,1.0,60.0,8.0,1.0,1115.0,23.28,116.35000000000001,63.86999999999999,37.1
65537.0,21.0,1.0,173.2,170.5,56.8,137.6,2.0,1.0,600.0,3.0,5.0,5701.0,228.60999999999999,639.56,245.75,48.9
65539.0,27.0,1.0,170.5,78.8,27.1,98.2,1.0,1.0,480.0,5.0,4.0,2554.0,119.99000000000001,235.75,122.72,32.0
65543.0,23.0,1.0,168.2,70.3,24.8,87.0,1.0,1.0,480.0,5.0,5.0,2962.0,54.72,527.42,75.25999999999999,27.0
65544.0,19.0,2.0,170.7,57.2,19.6,71.6,2.0,1.0,180.0,2.0,5.397605346934028e-79,1310.0,28.189999999999998,85.71000000000001,22.23,21.4
65545.0,28.0,1.0,171.4,62.7,21.3,78.0,2.0,2.0,420.0,2.0,1.0,2972.0,109.24999999999999,325.10999999999996,142.33,18.9
65546.0,22.0,2.0,169.4,74.1,25.8,95.8,2.0,1.0,240.0,2.0,1.0,1432.0,64.89,184.00000000000003,49.61000000000001,42.9
65548.0,47.0,2.0,172.2,138.6,46.7,127.4,2.0,2.0,480.0,3.0,5.397605346934028e-79,2326.0,67.08,294.7000000000001,104.98,46.9
65550.0,31.0,1.0,175.7,117.8,38.2,131.3,2.0,2.0,240.0,3.0,8.0,6688.0,198.13,778.7900000000001,198.71,33.7
65552.0,13.0,2.0,151.9,36.1,15.6,62.2,2.0,2.0,600.0,1.0,1.0,1669.0,59.5,261.90999999999997,43.940000000000005,31.0
65553.0,42.0,2.0,153.8,56.0,23.7,80.1,2.0,2.0,180.0,1.0,8.0,1340.0,48.410000000000004,207.79,36.03,36.8
65554.0,47.0,1.0,174.6,95.5,31.3,108.3,2.0,2.0,180.0,3.0,1.0,3310.0,140.87,393.82,130.19,28.3
65558.0,36.0,2.0,180.9,113.6,34.7,116.3,2.0,1.0,480.0,4.0,1.0,2062.0,118.85000000000001,219.76,79.41999999999999,39.1
65563.0,25.0,1.0,173.5,68.1,22.6,79.0,2.0,2.0,360.0,3.0,1.0,1924.0,73.13000000000001,254.94,70.56,22.7
65565.0,27.0,1.0,174.7,88.4,29.0,100.5,1.0,2.0,180.0,1.0,3.0,2045.0,85.02,280.55000000000007,63.65,30.1
65566.0,30.0,2.0,172.1,87.7,29.6,96.4,2.0,1.0,240.0,2.0,5.397605346934028e-79,1038.0,49.6,145.38000000000002,32.19,39.1
65567.0,20.0,1.0,182.1,78.3,23.6,91.5,1.0,1.0,300.0,5.0,8.0,2046.0,26.779999999999998,380.08,49.970000000000006,25.8
65569.0,16.0,2.0,160.2,69.5,27.1,91.8,2.0,2.0,480.0,4.0,8.0,1708.0,61.989999999999995,250.96000000000004,50.92000000000001,35.8
65570.0,16.0,1.0,178.7,77.0,24.1,85.0,2.0,2.0,300.0,5.0,5.0,2758.0,89.33000000000001,366.87,105.35000000000001,26.5
65573.0,44.0,1.0,181.2,140.5,42.8,140.1,2.0,1.0,900.0,2.0,8.0,1749.0,74.99,202.10000000000002,69.83,36.8
65575.0,28.0,1.0,163.1,57.3,21.5,81.8,2.0,1.0,180.0,8.0,8.0,1734.0,68.75,320.0,24.559999999999995,24.6
65576.0,27.0,2.0,171.3,56.6,19.3,74.7,2.0,2.0,600.0,2.0,3.0,2581.0,108.61999999999999,336.0,88.88,28.7
65577.0,54.0,1.0,161.4,106.7,41.0,123.5,2.0,2.0,180.0,1.0,5.397605346934028e-79,2243.0,96.91000000000001,312.12,69.32,32.1
65581.0,46.0,1.0,181.6,85.5,25.9,97.0,2.0,1.0,300.0,4.0,8.0,1715.0,51.75,199.69000000000003,70.32,28.1
65585.0,49.0,2.0,151.5,51.7,22.5,82.0,2.0,2.0,720.0,2.0,5.397605346934028e-79,1652.0,96.42999999999999,224.04,41.18,34.3
65586.0,35.0,2.0,162.4,103.1,39.1,119.2,2.0,2.0,420.0,5.0,1.0,1674.0,53.150000000000006,245.72,55.480000000000004,41.7
65588.0,15.0,2.0,156.3,61.5,25.2,80.0,2.0,1.0,660.0,4.0,2.0,1728.0,43.01999999999999,252.75000000000003,63.260000000000005,40.5
65590.0,43.0,2.0,160.9,85.6,33.1,96.5,2.0,1.0,420.0,5.0,2.0,3775.0,96.93999999999998,573.18,128.86999999999998,42.2
65593.0,51.0,2.0,159.5,86.4,34.0,101.0,1.0,1.0,120.0,1.0,1.0,1706.0,87.89999999999999,183.65999999999997,74.67999999999999,39.1
65597.0,19.0,2.0,170.0,52.6,18.2,68.0,1.0,2.0,420.0,3.0,2.0,1644.0,70.39,250.9,42.26,26.4
65599.0,56.0,2.0,171.0,128.2,43.8,134.4,1.0,1.0,300.0,3.0,8.0,1988.0,76.12,171.24999999999997,77.58,44.0
65601.0,15.0,1.0,169.6,42.5,14.8,66.7,1.0,1.0,480.0,1.0,1.0,2288.0,106.01999999999998,278.07,83.64999999999999,18.8
65604.0,29.0,1.0,173.2,71.1,23.7,89.6,2.0,1.0,420.0,4.0,5.397605346934028e-79,2258.0,92.8,203.52,79.86999999999999,25.0
65611.0,19.0,2.0,160.0,59.3,23.2,79.4,2.0,2.0,60.0,1.0,8.0,285.0,7.43,41.55,3.32,34.0
65613.0,53.0,2.0,165.2,65.5,24.0,92.5,1.0,1.0,600.0,1.0,5.397605346934028e-79,699.0,39.7,63.599999999999994,20.03,36.9
65617.0,41.0,1.0,168.4,69.0,24.3,81.0,2.0,2.0,480.0,4.0,1.0,2434.0,79.71000000000001,249.91999999999996,103.2,24.8
65620.0,25.0,2.0,160.7,57.4,22.2,77.3,2.0,1.0,660.0,5.397605346934028e-79,4.0,1267.0,36.629999999999995,188.97,43.42,32.1
65623.0,25.0,2.0,166.0,62.4,22.6,78.9,1.0,2.0,600.0,1.0,2.0,1860.0,58.78,191.29000000000002,50.69,33.6
65627.0,16.0,1.0,162.7,47.7,18.0,65.3,2.0,2.0,720.0,5.0,3.0,964.0,49.769999999999996,88.16,44.46000000000001,17.3
65631.0,24.0,1.0,173.0,61.0,20.4,70.1,1.0,1.0,300.0,5.0,1.0,2274.0,115.31,229.59,101.37000000000002,14.9
65632.0,42.0,2.0,164.0,77.3,28.7,95.0,2.0,1.0,480.0,2.0,2.0,2125.0,61.85,294.76,83.32,47.2
65633.0,57.0,1.0,166.4,74.1,26.8,96.9,2.0,1.0,300.0,8.0,3.0,1901.0,61.669999999999995,209.67000000000002,86.26000000000002,27.3
65636.0,51.0,2.0,165.8,79.4,28.9,97.0,2.0,2.0,600.0,2.0,2.0,2311.0,94.10999999999999,209.10999999999999,119.71,41.7
65638.0,12.0,1.0,161.0,64.2,24.8,77.1,1.0,1.0,600.0,1.0,1.0,2564.0,79.94000000000001,339.89000000000004,102.06,24.3
65641.0,33.0,2.0,160.8,89.2,34.5,113.5,2.0,2.0,540.0,1.0,1.0,887.0,38.27,97.89999999999999,38.2,39.5
65642.0,41.0,2.0,162.8,91.7,34.6,95.4,2.0,1.0,300.0,3.0,1.0,1836.0,75.97999999999999,188.26999999999998,90.89999999999999,48.2
65644.0,19.0,2.0,172.3,90.5,30.5,95.0,1.0,2.0,300.0,3.0,2.0,2735.0,41.99,376.34,127.32,44.2
65647.0,29.0,2.0,166.6,92.4,33.3,106.4,2.0,2.0,600.0,5.0,4.0,1490.0,45.489999999999995,198.48,61.199999999999996,42.6
65653.0,30.0,2.0,170.2,118.5,40.9,119.0,2.0,2.0,420.0,5.0,3.0,933.0,38.93,141.99,24.050000000000004,45.4
65655.0,54.0,2.0,157.6,65.4,26.3,96.5,2.0,2.0,420.0,5.0,8.0,1437.0,73.33000000000001,78.21,69.01,39.6
65658.0,49.0,2.0,170.1,90.7,31.3,100.3,1.0,2.0,900.0,3.0,5.0,1837.0,73.21999999999998,233.39,72.4,40.3
65662.0,31.0,2.0,148.6,91.8,41.6,115.5,2.0,2.0,240.0,2.0,5.397605346934028e-79,1477.0,51.92,211.70999999999998,49.28,49.4
65665.0,19.0,1.0,171.9,68.3,23.1,75.0,1.0,2.0,420.0,5.397605346934028e-79,2.0,1329.0,43.84,172.24,52.53,18.1
65670.0,13.0,1.0,162.4,77.0,29.2,107.2,2.0,2.0,480.0,2.0,2.0,2895.0,134.78999999999996,373.54,97.53,41.7
65672.0,22.0,2.0,156.1,57.2,23.5,76.7,1.0,2.0,900.0,3.0,5.0,2736.0,64.57,346.45000000000005,125.13999999999999,36.9
65676.0,35.0,2.0,174.1,68.4,22.6,84.4,2.0,1.0,240.0,2.0,5.0,723.0,19.19,84.64,35.07,36.1
65678.0,33.0,1.0,167.5,77.8,27.7,98.8,1.0,1.0,240.0,2.0,5.397605346934028e-79,1551.0,80.80999999999999,169.67000000000002,59.65,33.8
65680.0,44.0,2.0,159.2,60.7,23.9,82.0,1.0,1.0,180.0,5.397605346934028e-79,2.0,2025.0,72.66000000000001,313.31,60.25,33.8
65682.0,57.0,2.0,173.0,81.2,27.1,94.9,2.0,1.0,240.0,1.0,8.0,1282.0,57.23,162.93,45.04,37.8
65683.0,51.0,1.0,165.4,69.0,25.2,90.3,2.0,2.0,180.0,5.397605346934028e-79,4.0,1171.0,63.13,81.72,65.84,26.0
65684.0,14.0,1.0,158.2,41.5,16.6,66.5,1.0,1.0,420.0,3.0,5.397605346934028e-79,3299.0,98.77,436.72999999999996,131.19,18.7
65687.0,55.0,2.0,160.9,86.2,33.3,116.0,2.0,2.0,240.0,4.0,5.397605346934028e-79,1786.0,58.88000000000001,253.48,60.55,48.6
65688.0,54.0,2.0,160.9,64.8,25.0,88.5,2.0,1.0,600.0,1.0,1.0,1747.0,84.54999999999998,201.5,71.95,38.9
65689.0,19.0,1.0,174.3,112.7,37.1,107.6,1.0,2.0,480.0,5.0,5.0,1045.0,45.96,88.89,56.13,34.8
65690.0,16.0,1.0,177.4,57.9,18.4,71.1,1.0,1.0,540.0,5.397605346934028e-79,8.0,2035.0,56.42999999999999,280.43,80.00999999999999,18.2
65691.0,16.0,2.0,154.6,51.4,21.5,72.3,1.0,1.0,360.0,3.0,1.0,904.0,30.8,127.41999999999999,32.61,36.1
65692.0,14.0,1.0,172.5,62.5,21.0,78.8,1.0,1.0,420.0,2.0,2.0,3387.0,97.48,444.24,137.10000000000002,20.4
65697.0,16.0,1.0,176.2,115.4,37.2,125.2,2.0,2.0,480.0,2.0,4.0,2234.0,95.05999999999999,249.8,97.46000000000001,41.1
65699.0,50.0,1.0,183.9,104.9,31.0,113.7,2.0,1.0,480.0,1.0,5.397605346934028e-79,1444.0,50.03,146.43,73.01,32.5
65701.0,17.0,2.0,176.3,61.8,19.9,81.6,2.0,2.0,720.0,4.0,3.0,1052.0,42.5,134.13,38.13,33.1
65709.0,17.0,2.0,158.0,53.7,21.5,73.3,1.0,1.0,300.0,1.0,1.0,3062.0,77.73,487.6399999999999,95.10000000000001,29.2
65710.0,17.0,2.0,158.7,54.7,21.7,66.0,2.0,2.0,360.0,2.0,3.0,3050.0,79.84,425.68,116.05999999999999,27.5
65711.0,46.0,1.0,167.5,77.5,27.6,99.1,2.0,1.0,480.0,3.0,8.0,1578.0,105.92999999999999,210.99999999999997,36.15,27.8
65715.0,12.0,1.0,156.4,50.0,20.4,69.4,1.0,2.0,360.0,1.0,1.0,3133.0,121.16,330.68,147.76000000000002,23.1
65716.0,54.0,2.0,161.7,88.5,33.8,113.0,2.0,2.0,240.0,4.0,8.0,1010.0,35.7,124.0,40.83,42.4
65722.0,39.0,2.0,155.4,59.2,24.5,80.4,2.0,1.0,360.0,4.0,5.0,1849.0,53.58,284.8,58.77000000000001,32.4
65726.0,23.0,1.0,155.6,53.2,22.0,76.1,1.0,2.0,300.0,2.0,3.0,2728.0,77.58000000000001,456.25,68.35,26.1
65734.0,14.0,2.0,165.9,78.5,28.5,93.8,2.0,2.0,540.0,5.397605346934028e-79,5.397605346934028e-79,992.0,29.4,148.05,32.92,34.0
65737.0,53.0,2.0,160.4,72.5,28.2,102.4,2.0,2.0,480.0,4.0,1.0,2430.0,58.93,428.85999999999996,61.94,37.8
65738.0,35.0,1.0,175.5,83.0,26.9,91.3,2.0,2.0,480.0,3.0,1.0,4089.0,146.85,592.78,126.21999999999998,24.0
65741.0,26.0,1.0,160.1,80.2,31.3,98.8,2.0,2.0,180.0,1.0,1.0,1313.0,65.51,180.28,28.86,30.1
65742.0,30.0,1.0,163.8,63.5,23.7,87.0,2.0,2.0,120.0,1.0,8.0,2936.0,129.89000000000001,375.13,100.39999999999999,29.9
65745.0,27.0,1.0,180.0,90.9,28.1,102.1,1.0,1.0,480.0,3.0,8.0,1220.0,60.50000000000001,173.49,32.779999999999994,26.9
65746.0,19.0,1.0,178.3,73.6,23.2,79.3,1.0,1.0,300.0,1.0,2.0,5902.0,232.45,624.2399999999998,282.09999999999997,15.9
65751.0,54.0,1.0,171.5,77.2,26.2,100.0,2.0,2.0,480.0,2.0,8.0,3561.0,132.73999999999995,482.6000000000001,132.67,25.7
65752.0,21.0,1.0,174.0,68.1,22.5,79.5,1.0,1.0,540.0,2.0,3.0,5529.0,89.23,859.8499999999999,204.60000000000002,23.2
65753.0,30.0,2.0,158.7,93.9,37.3,106.3,2.0,2.0,240.0,4.0,2.0,697.0,20.72,97.10000000000001,25.660000000000004,51.2
65754.0,50.0,2.0,150.8,99.3,43.7,122.5,2.0,2.0,240.0,3.0,8.0,785.0,29.28,122.05999999999999,20.89,44.5
65757.0,45.0,2.0,152.9,83.7,35.8,107.5,2.0,2.0,180.0,1.0,3.0,2746.0,93.14,414.70000000000005,86.05999999999999,44.3
65760.0,41.0,1.0,165.5,79.1,28.9,96.4,2.0,1.0,360.0,1.0,8.0,1444.0,102.85,131.22,58.629999999999995,30.6
65761.0,31.0,1.0,183.2,77.7,23.2,89.2,1.0,1.0,720.0,2.0,5.397605346934028e-79,3661.0,144.85,429.92999999999995,147.89999999999998,18.5
65765.0,20.0,2.0,173.6,60.4,20.0,78.9,1.0,2.0,360.0,3.0,1.0,1325.0,36.93,193.19,48.79,33.6
65768.0,50.0,2.0,158.7,81.3,32.3,97.5,1.0,1.0,180.0,2.0,2.0,1409.0,66.39,195.34,42.91,41.4
65770.0,40.0,1.0,165.8,71.1,25.9,91.4,2.0,2.0,120.0,1.0,5.397605346934028e-79,2377.0,101.92,219.95,119.92999999999999,27.3
65771.0,55.0,1.0,183.8,97.8,28.9,103.1,2.0,1.0,420.0,5.0,8.0,2212.0,117.84,191.29000000000002,107.48,31.0
65774.0,24.0,1.0,178.3,110.8,34.9,110.7,2.0,2.0,1020.0,5.0,5.0,3400.0,343.64000000000004,147.23000000000002,112.63,29.6
65781.0,41.0,2.0,155.1,66.2,27.5,88.6,2.0,2.0,240.0,1.0,2.0,1057.0,62.46000000000001,166.46,15.43,38.0
65782.0,53.0,2.0,157.8,86.6,34.8,106.6,2.0,2.0,480.0,3.0,5.397605346934028e-79,1476.0,59.699999999999996,181.07,58.24999999999999,40.3
65783.0,25.0,1.0,183.9,83.9,24.8,93.2,1.0,1.0,540.0,1.0,5.0,1649.0,46.42,204.19,67.28,27.9
65784.0,57.0,2.0,164.2,69.7,25.9,79.1,2.0,2.0,180.0,3.0,8.0,2039.0,101.88,260.32,70.13000000000001,37.9
65787.0,39.0,1.0,168.4,80.6,28.4,95.4,2.0,2.0,240.0,4.0,5.397605346934028e-79,3692.0,134.66,452.91999999999996,150.78,27.3
65791.0,24.0,1.0,177.9,107.9,34.1,111.6,1.0,1.0,180.0,3.0,2.0,1681.0,31.06,290.73,44.7,32.5
65793.0,16.0,2.0,152.1,46.3,20.0,68.6,2.0,2.0,660.0,2.0,5.0,1327.0,36.739999999999995,189.25,49.480000000000004,32.0
65797.0,52.0,2.0,165.9,87.5,31.8,96.0,2.0,2.0,120.0,1.0,2.0,2406.0,72.61999999999999,329.21999999999997,92.39,38.7
65798.0,26.0,2.0,163.5,102.8,38.5,123.2,2.0,2.0,180.0,1.0,1.0,1261.0,41.36000000000001,187.70000000000002,40.44,50.3
65799.0,21.0,1.0,175.7,86.2,27.9,91.0,1.0,2.0,480.0,5.397605346934028e-79,4.0,2244.0,140.92,312.73,54.59,27.2
65803.0,15.0,2.0,156.1,46.5,19.1,69.4,2.0,2.0,360.0,5.397605346934028e-79,1.0,985.0,21.68,179.04,22.009999999999998,24.9
65804.0,59.0,1.0,173.7,95.4,31.6,111.0,1.0,1.0,600.0,5.0,1.0,2753.0,163.42,330.1000000000001,93.8,33.6
65807.0,49.0,1.0,175.0,96.9,31.6,102.1,2.0,2.0,240.0,2.0,1.0,4265.0,133.17000000000002,550.95,163.63,32.1
65812.0,30.0,1.0,178.7,69.9,21.9,79.7,2.0,1.0,480.0,4.0,5.0,2377.0,100.93000000000002,305.95,88.01000000000002,23.5
65817.0,19.0,2.0,169.4,61.5,21.4,82.0,1.0,2.0,600.0,3.0,5.397605346934028e-79,2146.0,77.10000000000001,226.51,107.18999999999998,32.2
65818.0,17.0,1.0,170.0,54.6,18.9,69.4,1.0,2.0,540.0,1.0,2.0,2379.0,96.25999999999999,336.59999999999997,74.96,19.3
65823.0,37.0,1.0,172.4,87.7,29.5,104.0,2.0,1.0,240.0,3.0,8.0,1779.0,124.19,158.17000000000002,59.129999999999995,30.3
65824.0,57.0,1.0,188.2,108.1,30.5,110.5,2.0,1.0,300.0,2.0,1.0,1808.0,71.77000000000001,104.51999999999998,103.09000000000002,27.9
65826.0,15.0,1.0,164.7,59.8,22.0,74.3,1.0,2.0,600.0,2.0,5.397605346934028e-79,3636.0,160.00000000000003,426.46000000000004,143.23,17.3
65827.0,42.0,1.0,176.1,90.0,29.0,105.3,2.0,2.0,180.0,2.0,5.397605346934028e-79,3273.0,105.03,449.99000000000007,123.86000000000003,30.4
65828.0,22.0,2.0,166.8,65.3,23.5,80.2,1.0,1.0,360.0,3.0,5.397605346934028e-79,1364.0,35.89,167.16,59.7,33.5
65835.0,18.0,1.0,168.5,74.2,26.1,94.6,2.0,2.0,600.0,4.0,3.0,1881.0,56.7,260.28000000000003,70.07,33.6
65836.0,18.0,2.0,168.9,60.1,21.1,73.2,1.0,1.0,180.0,5.397605346934028e-79,5.397605346934028e-79,1007.0,44.18,123.88999999999999,36.75,27.3
65840.0,21.0,1.0,173.8,82.0,27.1,95.0,1.0,2.0,180.0,5.0,3.0,840.0,51.14,117.69999999999999,18.77,32.2
65845.0,13.0,1.0,162.7,41.3,15.6,63.6,1.0,2.0,660.0,3.0,2.0,3108.0,145.59,448.36999999999995,81.7,17.4
65850.0,58.0,1.0,177.5,80.7,25.6,100.6,2.0,2.0,240.0,3.0,1.0,1149.0,83.57999999999998,98.60999999999999,47.87,32.1
65851.0,20.0,2.0,165.1,114.7,42.1,126.4,1.0,2.0,300.0,2.0,3.0,2689.0,83.39,362.44999999999993,103.11,43.0
65852.0,29.0,2.0,170.2,63.8,22.0,66.9,1.0,2.0,660.0,2.0,5.397605346934028e-79,1575.0,51.66,205.99,52.330000000000005,34.8
65853.0,14.0,2.0,166.5,53.3,19.2,73.7,1.0,1.0,480.0,1.0,3.0,2550.0,112.22999999999999,251.32,122.92999999999999,26.6
65854.0,56.0,1.0,167.3,68.5,24.5,89.6,2.0,2.0,480.0,1.0,8.0,1327.0,42.51,216.23,36.22,26.9
65862.0,54.0,1.0,175.5,88.2,28.6,100.7,2.0,1.0,300.0,3.0,8.0,5394.0,143.37,684.3300000000002,240.21,28.4
65863.0,33.0,2.0,162.7,52.1,19.7,78.0,1.0,2.0,480.0,1.0,4.0,1452.0,55.86,214.42000000000002,44.129999999999995,40.6
65874.0,43.0,2.0,164.2,68.8,25.5,91.3,2.0,2.0,480.0,2.0,3.0,1232.0,53.75,182.74000000000004,32.900000000000006,39.6
65876.0,36.0,1.0,170.2,133.2,46.0,137.5,2.0,2.0,60.0,2.0,1.0,3968.0,72.28999999999999,413.79,75.5,31.1
65879.0,32.0,2.0,160.2,66.4,25.9,87.6,2.0,1.0,480.0,4.0,2.0,1345.0,92.6,165.16000000000003,35.93000000000001,38.7
65880.0,26.0,2.0,161.6,67.3,25.8,83.1,2.0,1.0,600.0,5.0,5.0,3890.0,145.73000000000002,477.81000000000006,162.06000000000003,36.2
65889.0,30.0,1.0,170.7,98.9,33.9,103.4,1.0,2.0,300.0,2.0,1.0,2570.0,109.03999999999999,306.87,103.17999999999999,28.3
65893.0,55.0,2.0,150.4,79.6,35.2,114.5,2.0,1.0,240.0,2.0,8.0,2211.0,59.86,310.31,83.33,38.3
65894.0,12.0,1.0,164.4,75.4,27.9,88.0,1.0,2.0,540.0,2.0,5.397605346934028e-79,1941.0,76.32,269.42,61.47,30.5
65895.0,50.0,2.0,156.4,91.9,37.6,103.4,2.0,1.0,480.0,3.0,5.397605346934028e-79,904.0,30.72,115.08,36.76,40.0
65896.0,31.0,2.0,162.1,70.2,26.7,95.3,2.0,2.0,240.0,3.0,5.397605346934028e-79,4043.0,121.71999999999998,408.14,88.01999999999998,32.0
65897.0,13.0,1.0,153.6,44.5,18.9,64.7,2.0,1.0,900.0,5.397605346934028e-79,8.0,2059.0,65.68,274.65999999999997,82.35,20.7
65899.0,12.0,2.0,165.0,48.9,18.0,68.9,2.0,2.0,420.0,1.0,1.0,1034.0,43.54,155.31,27.410000000000004,37.5
65900.0,18.0,2.0,165.3,75.7,27.7,96.7,2.0,2.0,240.0,2.0,2.0,2170.0,85.44999999999999,272.69,80.13000000000001,43.1
65901.0,22.0,1.0,181.6,73.5,22.3,81.5,2.0,1.0,600.0,2.0,5.0,5554.0,251.35000000000002,444.32,224.95,22.5
65908.0,17.0,1.0,175.6,88.4,28.7,95.6,2.0,1.0,120.0,5.397605346934028e-79,2.0,1520.0,42.35,208.70000000000002,58.370000000000005,35.3
65909.0,35.0,1.0,164.8,51.6,19.0,78.1,2.0,1.0,360.0,1.0,1.0,3079.0,99.74999999999999,479.59000000000003,92.34000000000006,25.4
65910.0,36.0,1.0,173.9,94.1,31.1,109.2,1.0,1.0,600.0,2.0,5.397605346934028e-79,2320.0,68.11,343.03000000000003,74.28,32.1
65912.0,18.0,1.0,172.4,71.9,24.2,81.6,1.0,1.0,420.0,8.0,8.0,4637.0,175.92000000000002,528.8,205.2,24.8
65915.0,37.0,1.0,173.2,79.5,26.5,98.5,1.0,1.0,120.0,3.0,8.0,1537.0,64.8,211.67000000000002,50.259999999999984,28.7
65918.0,34.0,2.0,162.8,47.4,17.9,66.2,1.0,1.0,120.0,5.397605346934028e-79,1.0,1695.0,51.580000000000005,278.05999999999995,32.86,23.5
65924.0,19.0,2.0,165.4,54.2,19.8,72.4,1.0,2.0,540.0,3.0,5.397605346934028e-79,2672.0,119.74999999999999,246.83999999999997,134.21,32.7
65926.0,14.0,2.0,171.7,76.1,25.8,87.9,2.0,1.0,600.0,5.0,1.0,770.0,25.97,76.79,40.24,37.6
65928.0,39.0,2.0,173.9,89.1,29.5,104.7,2.0,2.0,600.0,5.0,8.0,1284.0,27.360000000000003,266.25,15.73,40.5
65931.0,22.0,1.0,180.0,59.1,18.2,74.6,2.0,2.0,480.0,8.0,4.0,2676.0,83.42,296.15,82.34,21.2
65935.0,18.0,1.0,175.2,66.2,21.6,72.3,1.0,2.0,300.0,1.0,1.0,2282.0,59.07000000000001,386.11,62.53,16.7
65939.0,20.0,2.0,160.7,70.5,27.3,85.2,2.0,2.0,360.0,3.0,8.0,1810.0,71.74999999999999,193.55999999999997,84.27,39.0
65940.0,24.0,2.0,155.6,52.6,21.7,75.9,1.0,1.0,240.0,5.397605346934028e-79,3.0,2643.0,102.16000000000001,357.12999999999994,73.42,31.8
65946.0,34.0,1.0,176.2,70.0,22.5,83.3,2.0,2.0,120.0,5.397605346934028e-79,4.0,2811.0,82.86,415.1,95.14,23.7
65951.0,50.0,2.0,173.2,99.4,33.1,107.7,2.0,2.0,480.0,2.0,5.397605346934028e-79,1656.0,70.27999999999999,205.52,64.83000000000001,44.1
65952.0,17.0,1.0,170.4,63.0,21.7,83.1,1.0,1.0,240.0,3.0,2.0,1474.0,45.59,234.56000000000006,42.0,25.2
65956.0,37.0,1.0,186.9,87.6,25.1,100.9,2.0,2.0,420.0,2.0,5.397605346934028e-79,1753.0,107.64999999999999,217.39999999999998,51.61,26.9
65957.0,47.0,2.0,171.3,97.4,33.2,111.1,2.0,1.0,240.0,1.0,5.397605346934028e-79,1734.0,73.55,204.31,52.04,41.9
65958.0,13.0,2.0,156.7,56.5,23.0,86.7,1.0,1.0,420.0,5.0,2.0,1315.0,47.58,146.73,60.81,35.8
65959.0,13.0,1.0,164.5,68.6,25.4,90.4,1.0,1.0,480.0,1.0,5.397605346934028e-79,2968.0,159.71,275.88000000000005,135.79000000000002,33.7
65962.0,56.0,2.0,168.4,94.4,33.3,108.5,2.0,2.0,40.0,5.0,8.0,2823.0,106.38,374.31999999999994,102.12,42.8
65964.0,13.0,1.0,169.5,64.0,22.3,78.1,1.0,2.0,480.0,4.0,3.0,1826.0,57.129999999999995,198.26999999999998,91.36,20.8
65966.0,19.0,1.0,172.5,78.7,26.4,89.5,2.0,1.0,180.0,5.397605346934028e-79,1.0,3216.0,111.71,373.93,145.18,20.5
65969.0,14.0,1.0,174.3,61.4,20.2,81.1,1.0,2.0,600.0,2.0,5.397605346934028e-79,2828.0,111.43,322.16,123.92999999999998,27.1
65970.0,22.0,1.0,170.1,71.7,24.8,87.4,1.0,2.0,420.0,5.0,2.0,1484.0,69.74,171.07999999999998,58.53,23.0
65971.0,30.0,1.0,176.5,77.1,24.7,88.8,2.0,2.0,240.0,2.0,2.0,3682.0,117.64999999999999,535.68,122.87000000000002,22.7
65975.0,30.0,2.0,170.1,72.8,25.2,87.0,2.0,2.0,300.0,4.0,5.397605346934028e-79,2047.0,107.48000000000002,246.62,60.26,33.9
65978.0,57.0,1.0,174.4,104.5,34.4,117.5,2.0,2.0,240.0,1.0,1.0,883.0,53.19,115.12999999999998,24.430000000000003,27.9
65980.0,38.0,1.0,172.2,86.5,29.2,102.9,2.0,2.0,240.0,2.0,5.397605346934028e-79,2057.0,90.14,205.19,85.25999999999999,25.5
65984.0,16.0,2.0,157.5,62.8,25.3,83.7,2.0,1.0,720.0,5.397605346934028e-79,2.0,2387.0,90.80000000000001,330.33000000000004,79.71,37.8
65986.0,45.0,1.0,171.2,86.4,29.5,106.4,2.0,1.0,480.0,1.0,5.397605346934028e-79,3502.0,73.77,518.2399999999999,99.71,29.8
65987.0,29.0,2.0,169.6,71.0,24.7,81.5,2.0,2.0,60.0,2.0,1.0,1709.0,61.800000000000004,242.36,57.75,38.2
65988.0,20.0,1.0,167.8,54.7,19.4,75.3,2.0,1.0,240.0,1.0,2.0,3387.0,102.57000000000001,314.55000000000007,144.46,18.9
65997.0,17.0,2.0,162.4,97.5,37.0,105.8,2.0,2.0,240.0,5.0,8.0,1557.0,56.059999999999995,193.87,63.42,51.1
66000.0,54.0,2.0,148.7,56.8,25.7,89.0,2.0,2.0,120.0,1.0,5.0,1998.0,101.39999999999999,190.37,94.42,41.2
66003.0,24.0,1.0,182.1,89.2,26.9,82.8,1.0,1.0,120.0,5.397605346934028e-79,3.0,3268.0,117.95000000000003,365.15,151.85000000000008,13.3
66005.0,18.0,2.0,160.4,41.0,15.9,65.0,2.0,2.0,300.0,3.0,8.0,601.0,18.28,78.28999999999999,24.26,22.9
66006.0,18.0,2.0,160.2,68.8,26.8,93.8,2.0,2.0,600.0,4.0,3.0,193.0,2.69,45.980000000000004,0.44,36.3
66008.0,43.0,2.0,166.5,86.8,31.3,106.7,2.0,1.0,360.0,1.0,1.0,1162.0,35.04,128.86999999999998,56.32,44.1
66010.0,40.0,2.0,166.5,50.3,18.1,72.7,2.0,1.0,120.0,5.397605346934028e-79,8.0,1926.0,154.20999999999998,139.19,82.07000000000001,34.0
66011.0,12.0,2.0,163.6,51.3,19.2,69.5,2.0,1.0,600.0,5.397605346934028e-79,5.397605346934028e-79,1913.0,49.68,254.09000000000006,80.30999999999999,27.2
66019.0,12.0,1.0,169.9,88.3,30.6,89.1,1.0,2.0,420.0,2.0,1.0,695.0,16.459999999999997,130.87,15.19,34.4
66021.0,33.0,1.0,173.6,79.1,26.2,85.8,1.0,2.0,840.0,5.0,5.0,2860.0,143.62,362.26,101.18999999999998,20.3
66028.0,30.0,2.0,169.0,98.8,34.6,112.2,2.0,2.0,300.0,8.0,1.0,1808.0,65.09,216.08999999999995,77.06,44.9
66029.0,25.0,1.0,176.9,71.7,22.9,87.5,1.0,2.0,480.0,2.0,2.0,2749.0,89.12,289.20999999999987,127.5,18.4
66030.0,13.0,1.0,175.2,95.5,31.1,109.0,2.0,1.0,720.0,4.0,8.0,1905.0,74.31,266.03,62.62,34.0
66032.0,36.0,1.0,170.5,84.3,29.0,96.7,2.0,1.0,360.0,3.0,2.0,959.0,36.870000000000005,162.76000000000002,20.47,29.4
66033.0,37.0,2.0,151.3,52.8,23.1,77.0,2.0,1.0,360.0,4.0,2.0,3699.0,121.25,374.5900000000001,125.74,34.3
66034.0,29.0,1.0,164.1,78.4,29.1,96.1,2.0,1.0,720.0,4.0,5.0,1598.0,20.75,302.29,39.83,34.2
66037.0,14.0,2.0,164.5,115.6,42.7,108.0,1.0,1.0,660.0,2.0,5.397605346934028e-79,1444.0,51.029999999999994,189.46,59.05,43.0
66040.0,24.0,2.0,153.3,61.5,26.2,77.8,1.0,1.0,600.0,5.0,5.0,1519.0,53.65,199.44,60.18,40.3
66041.0,58.0,1.0,173.8,101.9,33.7,119.4,1.0,2.0,180.0,2.0,5.397605346934028e-79,3750.0,143.67000000000002,469.87,146.76999999999998,32.9
66042.0,15.0,1.0,173.3,96.2,32.0,99.0,1.0,2.0,480.0,4.0,4.0,1786.0,97.64999999999999,268.16,40.64,33.3
66044.0,14.0,1.0,179.2,82.3,25.6,84.7,1.0,1.0,600.0,2.0,5.397605346934028e-79,2137.0,88.15,272.31,82.16999999999999,26.2
66051.0,40.0,1.0,177.9,122.4,38.7,126.7,2.0,1.0,240.0,4.0,4.0,2973.0,75.3,312.73,170.74,39.8
66056.0,57.0,2.0,175.1,65.8,21.5,77.9,1.0,1.0,240.0,3.0,1.0,1346.0,41.81000000000001,136.11,73.77,33.3
66076.0,17.0,1.0,171.6,50.9,17.3,66.4,1.0,2.0,300.0,1.0,1.0,1978.0,39.41,286.15,80.25999999999999,20.7
66079.0,54.0,1.0,165.2,92.2,33.8,110.9,2.0,2.0,3.0,2.0,8.0,1850.0,82.03,229.82999999999998,67.15,29.7
66083.0,21.0,1.0,172.4,66.4,22.3,81.0,2.0,2.0,480.0,2.0,5.397605346934028e-79,2973.0,103.93,404.48,103.64000000000001,23.2
66089.0,34.0,1.0,178.4,74.6,23.4,91.7,2.0,2.0,480.0,5.397605346934028e-79,1.0,7833.0,227.60999999999999,860.93,399.8500000000001,26.0
66093.0,41.0,2.0,161.5,101.8,39.0,114.5,2.0,2.0,960.0,2.0,2.0,2443.0,94.16,301.65999999999997,97.14,41.6
66094.0,25.0,1.0,177.8,65.7,20.8,78.7,1.0,1.0,240.0,5.397605346934028e-79,4.0,1637.0,66.75,241.74,47.92,16.7
66096.0,26.0,2.0,157.4,71.4,28.8,92.0,2.0,1.0,300.0,1.0,5.0,2161.0,96.44000000000001,270.56,68.52000000000001,41.1
66099.0,15.0,1.0,167.4,70.4,25.1,87.7,2.0,1.0,720.0,5.397605346934028e-79,5.0,1725.0,60.57,285.7,43.36,26.6
66101.0,20.0,2.0,162.0,65.7,25.0,90.7,2.0,2.0,300.0,3.0,1.0,1210.0,17.48,257.58000000000004,18.419999999999998,35.9
66103.0,25.0,1.0,169.7,107.2,37.2,124.7,1.0,2.0,720.0,1.0,3.0,2709.0,116.78999999999999,450.41,49.97999999999999,45.0
66104.0,50.0,2.0,158.9,51.8,20.5,81.0,2.0,2.0,240.0,4.0,3.0,1602.0,48.059999999999995,281.61999999999995,36.489999999999995,34.9
66107.0,16.0,1.0,166.6,60.3,21.7,70.0,1.0,2.0,300.0,3.0,1.0,1581.0,61.14,220.25999999999996,52.59,21.7
66109.0,32.0,1.0,183.0,126.4,37.7,127.7,2.0,2.0,240.0,2.0,1.0,1592.0,48.54,182.09999999999997,77.51999999999998,35.2
66111.0,26.0,2.0,165.8,66.6,24.2,81.9,1.0,2.0,300.0,5.0,1.0,1783.0,74.96000000000001,274.2800000000001,43.74,37.2
66113.0,40.0,1.0,184.3,143.6,42.3,132.7,2.0,1.0,240.0,2.0,1.0,4291.0,181.46999999999994,320.25,190.95999999999998,35.3
66114.0,39.0,2.0,169.4,99.7,34.7,121.3,2.0,1.0,180.0,4.0,8.0,935.0,23.529999999999998,138.2,29.309999999999995,40.7
66115.0,59.0,2.0,173.2,64.5,21.5,82.2,2.0,1.0,360.0,1.0,5.397605346934028e-79,2176.0,74.38,262.08,85.09,31.9
66116.0,47.0,1.0,169.5,159.0,55.3,158.2,2.0,2.0,120.0,2.0,1.0,1727.0,109.6,140.6,81.88999999999999,38.8
66117.0,16.0,2.0,165.4,50.0,18.3,69.7,2.0,1.0,720.0,4.0,5.0,1666.0,41.45,232.24999999999997,64.4,29.1
66119.0,14.0,1.0,165.7,55.1,20.1,72.0,1.0,2.0,420.0,5.397605346934028e-79,8.0,1746.0,43.39,293.95,46.13999999999999,22.4
66121.0,47.0,1.0,163.2,70.9,26.6,86.5,1.0,1.0,780.0,2.0,1.0,2336.0,135.72,187.09,117.24000000000001,22.5
66123.0,29.0,2.0,165.6,126.0,45.9,126.5,2.0,2.0,480.0,4.0,5.397605346934028e-79,1701.0,47.64,254.25,58.43,46.2
66124.0,37.0,2.0,163.8,63.8,23.8,87.9,2.0,2.0,120.0,2.0,8.0,2004.0,66.06,261.61,81.11999999999999,37.2
66125.0,46.0,2.0,161.9,110.3,42.1,130.6,2.0,1.0,480.0,2.0,5.397605346934028e-79,2799.0,79.60000000000002,368.78999999999996,116.88999999999999,47.8
66131.0,36.0,2.0,168.9,71.7,25.1,96.4,2.0,1.0,240.0,5.397605346934028e-79,8.0,1724.0,42.17,276.58000000000004,51.53,33.9
66133.0,40.0,1.0,185.1,86.5,25.2,87.3,2.0,2.0,420.0,4.0,1.0,3371.0,149.79000000000002,338.35,123.91999999999999,16.9
66136.0,27.0,1.0,175.9,70.6,22.8,86.0,1.0,1.0,360.0,5.397605346934028e-79,5.397605346934028e-79,2339.0,78.67000000000002,325.65,87.72999999999999,17.1
66137.0,20.0,1.0,170.4,74.4,25.6,82.1,1.0,1.0,480.0,2.0,5.397605346934028e-79,1585.0,63.769999999999996,211.49,56.190000000000005,26.6
66139.0,47.0,1.0,171.4,64.9,22.1,79.3,2.0,1.0,180.0,1.0,8.0,2965.0,84.19,235.91000000000003,114.85999999999999,18.4
66142.0,21.0,1.0,173.8,117.8,39.0,113.0,2.0,2.0,360.0,5.0,5.0,3480.0,129.62,455.74,127.74,34.7
66147.0,57.0,2.0,160.4,76.7,29.8,104.8,2.0,2.0,300.0,5.397605346934028e-79,5.397605346934028e-79,846.0,34.99,125.92,21.439999999999998,41.0
66149.0,18.0,1.0,178.9,79.1,24.7,85.0,1.0,2.0,300.0,1.0,2.0,2022.0,85.04,220.31,92.2,18.7
66152.0,58.0,2.0,162.7,46.6,17.6,70.5,2.0,2.0,420.0,5.0,8.0,3190.0,164.35,259.32,163.17999999999998,25.8
66155.0,19.0,2.0,157.5,81.9,33.0,107.3,2.0,1.0,120.0,1.0,5.397605346934028e-79,2066.0,36.66,311.08,79.51999999999998,40.7
66156.0,15.0,2.0,163.4,55.7,20.9,67.3,1.0,2.0,480.0,1.0,2.0,3338.0,120.92999999999999,424.2999999999999,132.68,24.4
66163.0,12.0,1.0,157.0,45.6,18.5,71.4,1.0,2.0,420.0,2.0,5.397605346934028e-79,2380.0,87.91,311.72999999999996,90.42,22.5
66165.0,24.0,1.0,184.7,129.4,37.9,128.2,2.0,2.0,180.0,1.0,1.0,3520.0,120.22999999999999,396.79999999999995,164.73,36.2
66167.0,23.0,2.0,160.0,64.0,25.0,83.7,2.0,2.0,480.0,5.397605346934028e-79,5.0,2526.0,79.55,296.2800000000001,80.41000000000003,35.1
66172.0,20.0,2.0,169.7,102.0,35.4,108.3,1.0,1.0,300.0,4.0,1.0,2119.0,77.5,285.21,74.92,39.4
66173.0,32.0,2.0,155.0,63.4,26.4,95.1,2.0,2.0,60.0,5.397605346934028e-79,5.397605346934028e-79,2404.0,96.32,294.92,95.47000000000001,41.9
66175.0,13.0,1.0,154.1,40.0,16.8,63.0,2.0,2.0,600.0,5.397605346934028e-79,1.0,2509.0,92.43000000000002,296.36,107.78000000000002,23.1
66177.0,44.0,1.0,171.3,77.5,26.4,85.7,1.0,2.0,120.0,2.0,5.397605346934028e-79,3962.0,175.18999999999997,532.03,127.41000000000001,17.1
66179.0,23.0,2.0,154.2,42.3,17.8,63.1,2.0,2.0,420.0,2.0,5.0,93.0,4.14,12.500000000000002,0.9,32.5
66180.0,15.0,2.0,156.7,55.5,22.6,71.2,1.0,1.0,900.0,2.0,8.0,2122.0,79.74000000000001,212.89000000000004,106.95,28.5
66184.0,24.0,1.0,172.6,74.5,25.0,82.9,1.0,2.0,480.0,4.0,2.0,1133.0,50.339999999999996,174.76999999999998,17.019999999999996,20.8
66187.0,24.0,1.0,171.1,83.2,28.4,98.6,2.0,1.0,240.0,2.0,8.0,4669.0,106.53999999999999,385.25999999999993,90.5,28.2
66189.0,47.0,1.0,164.5,66.5,24.6,89.3,2.0,2.0,120.0,1.0,8.0,3114.0,144.09,351.20000000000005,131.26,24.8
66191.0,56.0,2.0,170.2,81.8,28.2,100.5,2.0,2.0,420.0,5.0,5.397605346934028e-79,1293.0,94.95000000000002,155.95,32.449999999999996,42.9
66199.0,58.0,2.0,153.8,70.2,29.7,100.7,2.0,2.0,480.0,2.0,8.0,2944.0,130.51,312.72,129.75,41.5
66201.0,45.0,1.0,180.4,94.8,29.1,101.2,1.0,1.0,180.0,2.0,5.397605346934028e-79,993.0,21.849999999999998,162.91,32.599999999999994,25.3
66203.0,17.0,1.0,176.7,82.6,26.5,82.1,1.0,1.0,600.0,5.0,2.0,2423.0,67.09,417.58000000000004,54.41,21.3
66204.0,33.0,2.0,167.4,126.2,45.0,133.2,2.0,1.0,480.0,3.0,5.397605346934028e-79,1742.0,60.0,201.25000000000003,78.64,47.4
66208.0,53.0,1.0,171.3,80.0,27.3,99.0,2.0,2.0,180.0,2.0,8.0,2767.0,57.94,465.59000000000003,83.50999999999999,26.0
66209.0,15.0,1.0,185.9,84.2,24.4,80.7,1.0,1.0,540.0,5.0,3.0,1744.0,59.940000000000005,213.33999999999997,73.93,14.8
66215.0,47.0,1.0,173.2,131.5,43.8,142.6,2.0,2.0,720.0,5.0,5.397605346934028e-79,3672.0,127.71,408.17,169.26999999999998,38.6
66219.0,46.0,2.0,172.7,75.4,25.3,98.2,2.0,2.0,360.0,5.0,5.0,1926.0,94.46000000000001,207.68000000000006,80.13999999999999,42.5
66220.0,19.0,1.0,183.9,86.5,25.6,93.8,1.0,1.0,720.0,5.0,5.397605346934028e-79,3433.0,99.13000000000001,489.48,123.62000000000002,30.4
66221.0,59.0,2.0,149.5,59.7,26.7,84.1,2.0,2.0,300.0,3.0,8.0,568.0,40.739999999999995,34.46,29.23,38.1
66222.0,47.0,1.0,175.3,67.0,21.8,81.8,2.0,2.0,480.0,5.0,8.0,2544.0,138.01999999999998,315.38,87.96,16.7
66228.0,28.0,1.0,176.8,69.5,22.2,90.0,1.0,1.0,540.0,1.0,5.397605346934028e-79,2160.0,47.89999999999999,202.57000000000002,99.39000000000001,26.2
66232.0,17.0,2.0,156.3,43.1,17.6,66.1,2.0,2.0,600.0,2.0,5.0,1908.0,72.21000000000001,275.4,60.58,31.4
66234.0,26.0,1.0,178.6,99.3,31.1,101.5,2.0,2.0,240.0,2.0,2.0,2345.0,93.92,325.89,78.94000000000001,25.4
66235.0,33.0,2.0,160.4,58.7,22.8,83.2,1.0,1.0,240.0,2.0,1.0,2295.0,104.69999999999999,270.36999999999995,65.60000000000001,28.0
66240.0,47.0,1.0,168.3,73.0,25.8,86.7,1.0,1.0,240.0,2.0,2.0,2616.0,109.49999999999999,332.79999999999995,95.19000000000001,24.7
66241.0,50.0,2.0,176.9,92.6,29.6,114.0,2.0,2.0,120.0,1.0,8.0,1682.0,58.58,246.77000000000004,53.0,45.8
66242.0,14.0,2.0,164.7,99.7,36.8,112.3,1.0,2.0,600.0,4.0,5.397605346934028e-79,3236.0,112.55,470.69,102.00999999999999,43.3
66243.0,39.0,2.0,164.6,78.2,28.9,96.2,2.0,2.0,240.0,5.0,5.397605346934028e-79,1583.0,59.43,214.18,56.52000000000001,38.4
66249.0,27.0,2.0,172.8,57.1,19.1,77.8,2.0,2.0,240.0,2.0,4.0,1777.0,132.51,73.21,102.84,32.5
66253.0,38.0,2.0,173.8,85.8,28.4,103.8,2.0,1.0,360.0,2.0,5.397605346934028e-79,3073.0,96.01,393.46,129.73999999999998,37.6
66255.0,12.0,1.0,144.2,56.3,27.1,83.1,1.0,1.0,480.0,1.0,1.0,3633.0,110.70999999999998,461.4,151.19000000000003,36.8
66256.0,49.0,2.0,145.1,74.4,35.3,105.8,2.0,2.0,300.0,5.397605346934028e-79,8.0,1310.0,36.74,192.62,46.279999999999994,42.0
66257.0,15.0,1.0,165.4,57.3,20.9,70.1,2.0,2.0,480.0,2.0,1.0,1052.0,33.82,146.95,38.89,20.4
66258.0,14.0,1.0,166.0,46.0,16.7,61.8,2.0,1.0,540.0,2.0,2.0,2803.0,124.28999999999999,344.65,103.69,19.8
66259.0,45.0,1.0,162.0,61.0,23.2,80.1,1.0,1.0,240.0,3.0,8.0,1732.0,49.830000000000005,255.2,59.72999999999999,28.1
66261.0,52.0,1.0,171.2,83.0,28.3,94.4,1.0,2.0,480.0,5.397605346934028e-79,5.397605346934028e-79,2169.0,125.55000000000001,212.66,89.75000000000001,27.0
66266.0,28.0,2.0,164.6,85.5,31.6,99.6,2.0,1.0,600.0,5.0,2.0,1806.0,92.0,160.91,89.17,44.3
66269.0,19.0,1.0,171.9,92.5,31.3,90.7,1.0,1.0,300.0,2.0,1.0,3065.0,107.3,378.25000000000006,132.29,20.9
66273.0,13.0,2.0,166.4,62.4,22.5,77.8,2.0,2.0,720.0,8.0,2.0,604.0,35.87,70.30000000000001,21.2,33.0
66275.0,20.0,2.0,158.1,61.6,24.6,79.3,2.0,2.0,120.0,3.0,1.0,2899.0,92.12,343.82,132.39,36.6
66276.0,47.0,2.0,155.0,63.5,26.4,83.8,2.0,2.0,600.0,2.0,5.0,852.0,39.949999999999996,118.78999999999999,26.290000000000003,37.7
66277.0,19.0,2.0,173.8,64.3,21.3,81.5,1.0,2.0,180.0,1.0,8.0,888.0,37.33,83.88999999999999,43.63,36.5
66278.0,36.0,2.0,145.0,77.6,36.9,106.2,2.0,1.0,180.0,1.0,8.0,1711.0,83.34,227.86999999999998,55.31,39.8
66281.0,51.0,2.0,165.3,68.2,25.0,84.5,2.0,2.0,300.0,3.0,1.0,2713.0,76.78,357.15,117.69,37.3
66283.0,33.0,2.0,168.2,113.7,40.2,119.6,2.0,2.0,360.0,2.0,2.0,3734.0,103.10000000000001,503.71,127.55000000000001,44.2
66284.0,12.0,1.0,156.2,60.4,24.8,83.2,2.0,1.0,480.0,3.0,8.0,1854.0,119.19999999999999,114.18,99.35000000000001,38.2
66287.0,47.0,1.0,169.0,70.6,24.7,86.1,2.0,2.0,360.0,1.0,1.0,2383.0,99.84000000000002,273.9800000000001,99.24999999999999,22.4
66289.0,41.0,1.0,171.4,101.3,34.5,108.4,2.0,1.0,120.0,1.0,2.0,1193.0,29.680000000000003,157.78,49.519999999999996,34.4
66291.0,33.0,2.0,167.2,107.2,38.3,115.5,1.0,1.0,720.0,4.0,2.0,3429.0,123.37,362.86000000000007,148.73,47.7
66293.0,33.0,1.0,172.0,63.9,21.6,76.8,1.0,1.0,180.0,5.397605346934028e-79,5.397605346934028e-79,3510.0,139.09999999999997,476.91999999999996,127.31999999999998,24.5
66296.0,43.0,1.0,176.6,87.0,27.9,94.5,2.0,1.0,180.0,2.0,2.0,3681.0,137.38,338.44000000000005,163.32999999999998,22.4
66299.0,22.0,2.0,160.8,67.0,25.9,87.7,2.0,2.0,600.0,4.0,5.0,3067.0,203.78,232.20999999999998,150.46,42.6
66300.0,35.0,2.0,159.6,90.2,35.4,104.6,2.0,2.0,120.0,3.0,2.0,3269.0,124.74,400.93,134.06999999999996,45.2
66301.0,12.0,1.0,164.7,56.1,20.7,70.1,1.0,2.0,540.0,2.0,5.397605346934028e-79,2489.0,94.03,356.2,75.93999999999998,21.7
66302.0,45.0,2.0,157.8,58.1,23.3,83.3,2.0,2.0,180.0,2.0,2.0,2230.0,59.809999999999995,361.56,47.11,33.2
66303.0,24.0,2.0,164.4,66.8,24.7,83.8,1.0,1.0,300.0,4.0,1.0,3969.0,111.29,486.52,176.54,28.9
66304.0,30.0,1.0,185.5,101.9,29.6,99.9,2.0,1.0,420.0,2.0,3.0,3511.0,96.06000000000002,322.1000000000001,129.29999999999995,21.8
66305.0,13.0,2.0,154.9,77.7,32.4,104.6,2.0,2.0,780.0,5.0,2.0,2372.0,58.43,370.1700000000001,78.19,42.3
66307.0,44.0,1.0,174.2,80.0,26.4,89.8,2.0,2.0,120.0,2.0,1.0,4735.0,164.22000000000008,593.71,197.10000000000002,28.7
66309.0,30.0,2.0,159.6,55.0,21.6,72.7,2.0,2.0,60.0,2.0,8.0,4373.0,121.79,500.54999999999995,193.95999999999998,29.7
66311.0,39.0,1.0,167.6,64.6,23.0,92.4,1.0,2.0,300.0,2.0,2.0,1073.0,65.88,100.89,44.18000000000001,31.5
66317.0,43.0,1.0,186.6,91.7,26.3,97.0,2.0,1.0,720.0,1.0,2.0,2413.0,101.92999999999998,261.99999999999994,108.59999999999997,25.8
66320.0,21.0,1.0,182.4,88.7,26.7,83.0,1.0,2.0,180.0,1.0,5.397605346934028e-79,2669.0,116.53000000000002,304.3999999999999,109.37,21.3
66325.0,24.0,2.0,178.2,57.6,18.1,77.0,2.0,2.0,480.0,5.0,2.0,2521.0,78.53,299.46000000000004,116.72000000000001,29.2
66326.0,47.0,1.0,171.5,79.5,27.0,100.0,2.0,1.0,9999.0,3.0,8.0,1253.0,33.27,174.94,50.470000000000006,28.2
66328.0,12.0,2.0,156.2,40.4,16.6,63.3,1.0,2.0,600.0,2.0,1.0,2509.0,63.61000000000001,331.91999999999996,108.44999999999999,24.4
66339.0,18.0,1.0,175.7,65.8,21.3,77.0,2.0,1.0,120.0,1.0,5.397605346934028e-79,3334.0,103.88,347.78000000000003,119.66,17.0
66341.0,51.0,1.0,170.7,81.6,28.0,95.5,2.0,2.0,480.0,2.0,5.397605346934028e-79,1746.0,69.74,221.8,72.52,22.7
66342.0,32.0,2.0,161.9,66.2,25.3,96.5,2.0,2.0,360.0,2.0,5.397605346934028e-79,1001.0,28.55,188.93,18.76,36.3
66343.0,20.0,2.0,167.9,97.5,34.6,118.4,2.0,2.0,300.0,2.0,5.397605346934028e-79,1218.0,52.08,127.38,59.42,41.2
66346.0,17.0,2.0,172.0,60.6,20.5,77.2,1.0,2.0,420.0,5.397605346934028e-79,5.397605346934028e-79,2750.0,85.01000000000002,372.33000000000004,107.56,31.0
66348.0,13.0,2.0,166.3,61.6,22.3,75.2,1.0,1.0,480.0,5.397605346934028e-79,2.0,1380.0,55.449999999999996,210.89000000000001,36.57000000000001,33.2
66349.0,24.0,2.0,158.1,76.3,30.5,93.0,2.0,1.0,180.0,1.0,3.0,1587.0,32.980000000000004,225.48000000000002,62.33,38.7
66350.0,14.0,1.0,170.1,79.4,27.4,94.0,1.0,1.0,540.0,2.0,5.397605346934028e-79,1408.0,39.46,200.61,51.95,35.3
66352.0,18.0,2.0,155.5,50.8,21.0,75.1,2.0,2.0,300.0,2.0,3.0,2665.0,106.76000000000002,211.26999999999998,162.01,34.3
66369.0,48.0,2.0,166.7,117.3,42.2,126.5,2.0,2.0,240.0,5.0,5.397605346934028e-79,1982.0,67.62,245.00000000000003,81.74000000000001,38.7
66378.0,59.0,2.0,163.3,87.8,32.9,115.0,2.0,2.0,420.0,2.0,5.397605346934028e-79,1728.0,64.06,193.88,80.53999999999999,47.9
66382.0,40.0,2.0,169.2,96.8,33.8,116.8,2.0,2.0,660.0,4.0,1.0,2746.0,121.66000000000003,270.06,136.48,36.2
66384.0,38.0,2.0,162.9,61.4,23.1,85.6,2.0,2.0,180.0,2.0,5.397605346934028e-79,1402.0,36.629999999999995,193.29,56.08000000000001,37.5
66389.0,55.0,1.0,178.7,97.3,30.5,120.9,2.0,2.0,600.0,3.0,1.0,2884.0,115.35999999999999,383.21999999999997,108.74,35.7
66391.0,28.0,2.0,160.0,54.8,21.4,79.5,2.0,2.0,480.0,2.0,4.0,2390.0,87.26999999999998,364.84999999999997,70.75000000000003,33.1
66392.0,14.0,1.0,169.5,81.3,28.3,97.8,2.0,2.0,360.0,1.0,2.0,1115.0,61.92999999999999,177.61999999999998,23.340000000000003,30.0
66393.0,43.0,2.0,162.6,63.5,24.0,84.2,2.0,2.0,480.0,3.0,3.0,1994.0,76.69,306.36,54.68,34.6
66395.0,41.0,2.0,152.0,44.6,19.3,72.6,2.0,2.0,240.0,2.0,8.0,1261.0,37.83,215.32999999999998,30.619999999999997,28.2
66396.0,46.0,2.0,161.3,107.1,41.2,128.1,2.0,2.0,360.0,3.0,3.0,1764.0,92.63000000000001,166.97000000000003,83.14999999999999,45.1
66404.0,35.0,2.0,159.8,71.1,27.8,98.6,2.0,1.0,180.0,5.397605346934028e-79,5.397605346934028e-79,3820.0,101.60000000000002,486.54999999999995,168.50999999999996,39.9
66412.0,41.0,2.0,152.2,79.8,34.4,95.9,2.0,2.0,480.0,3.0,2.0,1538.0,66.36,182.32999999999998,60.870000000000005,46.8
66420.0,12.0,1.0,166.7,88.2,31.7,99.9,2.0,1.0,420.0,2.0,1.0,1028.0,56.279999999999994,129.28,31.57,38.2
66422.0,33.0,2.0,160.2,145.0,56.5,142.2,2.0,1.0,480.0,5.0,2.0,2598.0,98.89999999999999,176.21000000000004,168.25,51.9
66424.0,14.0,2.0,155.2,44.8,18.6,69.8,1.0,2.0,720.0,3.0,1.0,375.0,21.75,54.14,7.76,31.6
66431.0,23.0,2.0,162.1,63.1,24.0,79.5,2.0,1.0,720.0,2.0,2.0,893.0,33.63,115.87000000000002,32.76,41.8
66434.0,17.0,2.0,153.2,52.3,22.3,72.9,1.0,1.0,480.0,4.0,2.0,2317.0,108.7,273.83,86.85999999999999,35.2
66438.0,44.0,1.0,173.2,91.9,30.6,109.6,2.0,2.0,240.0,3.0,8.0,1836.0,83.52,197.36999999999998,68.03,29.4
66439.0,48.0,2.0,159.3,90.1,35.5,98.4,2.0,2.0,120.0,4.0,8.0,2751.0,88.97,301.88,136.09,46.6
66447.0,27.0,1.0,175.9,74.9,24.2,83.6,1.0,2.0,120.0,2.0,8.0,1985.0,82.36999999999999,224.95999999999998,68.41,23.5
66451.0,52.0,2.0,157.8,74.6,30.0,97.0,1.0,1.0,180.0,4.0,1.0,2880.0,126.88000000000001,338.98999999999995,120.25999999999998,42.3
66453.0,22.0,2.0,147.9,41.5,19.0,67.3,2.0,2.0,120.0,2.0,5.397605346934028e-79,1544.0,49.59,116.97999999999999,99.11000000000001,25.4
66454.0,13.0,1.0,172.0,70.0,23.7,87.4,1.0,2.0,540.0,5.0,3.0,1785.0,51.86,261.74,60.22,37.1
66459.0,15.0,2.0,156.2,73.6,30.2,93.3,1.0,2.0,660.0,3.0,8.0,1146.0,43.86000000000001,163.28999999999996,37.129999999999995,41.5
66460.0,37.0,1.0,169.1,64.8,22.7,86.1,1.0,2.0,600.0,2.0,5.0,2772.0,104.5,242.51999999999998,158.86999999999998,23.7
66464.0,21.0,1.0,168.7,84.4,29.7,100.4,2.0,2.0,720.0,2.0,5.0,1682.0,39.059999999999995,323.74,35.120000000000005,29.0
66469.0,18.0,1.0,176.4,67.5,21.7,82.9,1.0,1.0,360.0,3.0,8.0,4314.0,103.82000000000001,683.6500000000001,136.32,20.5
66473.0,56.0,1.0,179.1,74.5,23.2,97.2,2.0,1.0,720.0,1.0,3.0,2592.0,75.32,382.84,87.32,29.7
66474.0,43.0,2.0,164.4,87.8,32.5,108.6,2.0,1.0,90.0,1.0,5.397605346934028e-79,1611.0,50.91,265.34999999999997,40.62,41.1
66478.0,14.0,1.0,166.9,64.7,23.2,78.5,1.0,1.0,11.0,3.0,5.397605346934028e-79,2917.0,122.5,402.09,94.39999999999999,26.5
66480.0,13.0,2.0,154.8,45.6,19.0,71.0,1.0,1.0,600.0,4.0,5.397605346934028e-79,4066.0,135.45,595.32,131.65999999999997,33.4
66481.0,12.0,1.0,132.9,27.7,15.7,58.2,1.0,1.0,540.0,1.0,8.0,2870.0,115.73,393.88000000000005,95.64000000000001,19.8
66485.0,33.0,2.0,165.3,116.1,42.5,123.6,2.0,2.0,480.0,2.0,3.0,2202.0,64.47,282.87,96.85,45.5
66487.0,31.0,1.0,176.3,110.1,35.4,112.8,1.0,2.0,180.0,2.0,1.0,821.0,44.3,94.32000000000001,29.32,30.7
66491.0,30.0,2.0,174.1,74.8,24.7,96.2,2.0,2.0,720.0,1.0,5.397605346934028e-79,1807.0,43.69,260.29,66.66,36.0
66492.0,13.0,1.0,159.9,47.5,18.6,68.2,1.0,2.0,480.0,1.0,1.0,3626.0,111.11,522.9499999999999,126.41000000000001,24.5
66493.0,19.0,2.0,161.1,50.2,19.3,69.0,2.0,2.0,240.0,3.0,5.397605346934028e-79,1690.0,78.28999999999999,215.76999999999998,58.940000000000005,28.1
66494.0,47.0,1.0,176.8,115.1,36.8,113.3,1.0,1.0,540.0,1.0,5.397605346934028e-79,4612.0,226.38000000000002,539.0999999999999,177.54999999999998,29.3
66497.0,25.0,2.0,152.0,77.2,33.4,93.9,2.0,1.0,180.0,1.0,8.0,1882.0,45.480000000000004,198.52,96.28,40.5
66498.0,14.0,2.0,168.0,82.9,29.4,97.4,1.0,1.0,540.0,3.0,1.0,923.0,33.45,149.79000000000002,24.119999999999997,38.9
66499.0,21.0,1.0,187.0,81.1,23.2,87.2,1.0,1.0,120.0,2.0,4.0,2513.0,76.80999999999999,333.0899999999999,98.73,22.3
66500.0,15.0,1.0,161.8,40.8,15.6,64.3,2.0,2.0,420.0,2.0,1.0,1520.0,48.3,207.7,59.68999999999999,21.5
66502.0,20.0,1.0,168.3,115.6,40.8,121.2,1.0,1.0,180.0,2.0,5.397605346934028e-79,1179.0,49.839999999999996,130.39999999999998,52.379999999999995,42.4
66503.0,50.0,1.0,169.1,91.8,32.1,103.6,2.0,2.0,540.0,5.397605346934028e-79,5.397605346934028e-79,1253.0,64.39999999999999,168.15999999999997,13.93,29.8
66505.0,34.0,1.0,171.2,67.4,23.0,83.2,2.0,2.0,240.0,2.0,3.0,3953.0,171.70000000000002,480.3400000000001,155.78,25.8
66506.0,25.0,2.0,169.0,50.0,17.5,61.9,1.0,1.0,60.0,2.0,2.0,996.0,57.71,146.27999999999997,24.46,28.3
66508.0,13.0,2.0,172.8,53.9,18.1,69.1,1.0,1.0,360.0,2.0,5.397605346934028e-79,3638.0,70.34,546.0199999999999,141.98,20.4
66511.0,52.0,2.0,146.3,62.8,29.3,89.6,2.0,2.0,240.0,1.0,8.0,1162.0,41.54,206.53,22.05,40.4
66520.0,54.0,2.0,166.0,113.1,41.0,127.0,1.0,1.0,720.0,1.0,1.0,1570.0,54.36,195.03,66.91999999999999,46.9
66522.0,46.0,2.0,162.6,71.3,27.0,77.8,2.0,1.0,240.0,2.0,2.0,2313.0,93.6,270.42,95.69,36.0
66524.0,51.0,1.0,174.1,78.9,26.0,99.6,2.0,1.0,360.0,3.0,8.0,1843.0,76.04,227.45,33.120000000000005,27.3
66525.0,47.0,1.0,175.0,88.1,28.8,106.6,2.0,2.0,300.0,2.0,8.0,3878.0,173.55999999999997,404.98999999999995,177.30999999999997,32.0
66528.0,13.0,2.0,141.6,33.8,16.9,64.5,1.0,2.0,480.0,1.0,2.0,1136.0,66.27,163.91,28.000000000000004,31.5
66531.0,57.0,2.0,163.2,76.2,28.6,99.2,1.0,1.0,300.0,4.0,3.0,1314.0,43.96,160.14,27.15,39.9
66532.0,48.0,1.0,163.8,71.0,26.5,96.1,1.0,2.0,720.0,5.397605346934028e-79,5.397605346934028e-79,1674.0,40.47999999999999,294.67999999999995,42.18,26.6
66535.0,23.0,1.0,183.1,72.3,21.6,76.8,2.0,2.0,60.0,1.0,1.0,1657.0,68.60999999999999,205.51,44.03,18.5
66536.0,52.0,2.0,152.2,52.4,22.6,81.1,2.0,2.0,480.0,2.0,1.0,2086.0,56.14999999999999,269.06,96.50999999999999,32.6
66537.0,15.0,1.0,176.1,70.7,22.8,79.6,1.0,1.0,540.0,1.0,5.397605346934028e-79,3040.0,86.78999999999999,483.74,89.64,17.5
66543.0,57.0,2.0,160.3,102.6,39.9,118.7,2.0,1.0,840.0,2.0,2.0,1456.0,51.050000000000004,172.67,52.48999999999999,47.6
66544.0,37.0,2.0,167.6,75.0,26.7,90.5,2.0,2.0,540.0,2.0,8.0,1908.0,67.32000000000001,246.16,72.52,39.6
66550.0,42.0,2.0,154.3,113.5,47.7,123.5,2.0,2.0,300.0,4.0,2.0,1671.0,57.820000000000014,177.52999999999997,82.57,46.5
66551.0,22.0,1.0,168.0,92.6,32.8,98.2,2.0,2.0,240.0,4.0,5.397605346934028e-79,3125.0,117.23,392.21000000000004,105.17999999999999,30.3
66552.0,45.0,1.0,174.5,80.6,26.5,101.5,2.0,2.0,120.0,4.0,5.0,1745.0,62.43,239.21,60.1,31.8
66557.0,13.0,1.0,157.3,75.3,30.4,103.6,2.0,2.0,480.0,5.0,2.0,4263.0,184.8,548.51,147.47000000000003,39.9
66558.0,54.0,2.0,164.5,60.8,22.5,92.4,1.0,2.0,480.0,2.0,5.397605346934028e-79,1070.0,22.98,177.75,32.839999999999996,37.6
66559.0,47.0,1.0,172.7,83.2,27.9,94.5,1.0,1.0,960.0,2.0,2.0,2634.0,121.09000000000002,314.78999999999996,83.35999999999999,24.0
66562.0,26.0,2.0,164.8,71.7,26.4,81.5,2.0,1.0,660.0,2.0,5.397605346934028e-79,1518.0,79.15000000000002,186.17,52.86,34.2
66566.0,17.0,1.0,158.9,49.3,19.5,71.7,2.0,2.0,120.0,2.0,5.397605346934028e-79,2003.0,59.23,384.17,24.93,20.3
66568.0,52.0,2.0,163.6,66.0,24.7,89.0,2.0,1.0,360.0,1.0,5.397605346934028e-79,2180.0,89.83,313.71,67.61999999999999,34.7
66571.0,13.0,1.0,175.9,57.3,18.5,71.7,1.0,1.0,420.0,5.397605346934028e-79,5.397605346934028e-79,3285.0,153.08,321.19,158.62,18.3
66576.0,15.0,1.0,174.4,67.4,22.2,74.9,1.0,2.0,780.0,5.0,2.0,1531.0,32.66,218.72,59.64,16.7
66578.0,18.0,2.0,168.0,90.9,32.2,107.9,1.0,1.0,300.0,1.0,1.0,4181.0,171.35000000000002,507.9599999999999,166.31999999999996,46.8
66581.0,17.0,2.0,152.5,53.1,22.8,67.7,1.0,2.0,420.0,1.0,3.0,1171.0,40.510000000000005,171.57,39.97,32.2
66582.0,55.0,1.0,171.4,59.4,20.2,75.5,1.0,1.0,720.0,8.0,8.0,2396.0,55.35,119.8,128.23,18.4
66584.0,44.0,1.0,179.9,74.5,23.0,89.6,2.0,1.0,480.0,5.397605346934028e-79,1.0,1713.0,93.68,170.21,60.89,22.5
66586.0,29.0,1.0,180.6,95.3,29.2,99.2,1.0,1.0,360.0,2.0,8.0,2401.0,163.63,204.60000000000005,73.39,30.5
66591.0,34.0,1.0,168.5,99.5,35.0,110.3,2.0,1.0,600.0,2.0,8.0,2392.0,114.59000000000002,168.06,122.9,30.1
66593.0,13.0,1.0,166.6,79.0,28.5,92.2,1.0,2.0,540.0,2.0,1.0,2542.0,127.44999999999997,289.96,102.33,38.1
66595.0,16.0,1.0,161.9,67.8,25.9,82.3,1.0,1.0,600.0,2.0,3.0,1197.0,77.44000000000001,125.25000000000001,39.69,28.3
66597.0,54.0,2.0,171.7,111.4,37.8,113.1,2.0,2.0,600.0,5.0,3.0,2803.0,111.00000000000001,272.03999999999996,143.10000000000002,41.8
66598.0,37.0,1.0,175.2,83.3,27.1,92.8,1.0,1.0,60.0,5.397605346934028e-79,8.0,4501.0,175.32000000000002,595.16,162.22,22.7
66599.0,31.0,2.0,169.1,110.5,38.6,127.7,2.0,2.0,300.0,2.0,5.397605346934028e-79,2601.0,49.62,429.7199999999999,82.06999999999998,45.9
66603.0,34.0,2.0,160.4,70.4,27.4,94.6,1.0,2.0,60.0,5.397605346934028e-79,5.397605346934028e-79,3016.0,132.9,296.17,147.7,35.9
66608.0,18.0,2.0,154.2,48.0,20.2,66.4,2.0,1.0,360.0,2.0,3.0,1738.0,88.08,236.83,48.88000000000001,28.1
66611.0,15.0,2.0,161.4,63.9,24.5,77.6,2.0,1.0,540.0,3.0,5.397605346934028e-79,2408.0,115.33000000000001,307.32,86.36,34.0
66615.0,16.0,2.0,157.7,52.5,21.1,74.5,2.0,1.0,720.0,1.0,2.0,1220.0,39.84,139.52,56.69,32.8
66627.0,17.0,1.0,180.1,83.3,25.7,83.8,1.0,1.0,360.0,2.0,2.0,2226.0,67.82,324.52,74.39000000000001,28.5
66628.0,41.0,2.0,153.5,80.7,34.2,100.5,2.0,1.0,840.0,3.0,1.0,1651.0,47.36,201.31,75.71,46.2
66630.0,58.0,1.0,158.7,78.6,31.2,101.3,2.0,2.0,600.0,8.0,8.0,1825.0,104.15,293.37,25.729999999999997,24.6
66632.0,58.0,1.0,178.2,69.0,21.7,92.4,2.0,2.0,300.0,5.0,2.0,2726.0,77.88,252.52000000000004,99.30000000000001,21.2
66633.0,41.0,1.0,171.0,75.4,25.8,87.6,2.0,1.0,360.0,2.0,1.0,4401.0,169.3,548.78,133.02,20.5
66636.0,19.0,2.0,162.9,45.2,17.0,66.4,2.0,2.0,180.0,4.0,2.0,2031.0,85.61000000000001,208.45999999999998,96.27,25.4
66640.0,32.0,2.0,156.9,95.0,38.6,112.0,1.0,1.0,300.0,1.0,5.397605346934028e-79,804.0,30.72,136.06,18.47,44.2
66642.0,41.0,1.0,177.9,89.3,28.2,101.1,2.0,2.0,420.0,3.0,5.397605346934028e-79,2650.0,88.5,392.82000000000005,70.16000000000001,30.9
66643.0,39.0,1.0,171.9,70.5,23.9,79.7,2.0,2.0,180.0,5.397605346934028e-79,5.397605346934028e-79,1328.0,39.07999999999999,232.69,25.709999999999997,14.5
66645.0,13.0,1.0,154.3,34.9,14.7,60.0,2.0,2.0,600.0,3.0,5.397605346934028e-79,1570.0,45.03,230.25000000000006,54.699999999999996,20.8
66647.0,19.0,1.0,178.3,55.7,17.5,72.0,2.0,1.0,600.0,3.0,1.0,3468.0,100.2,425.35999999999996,156.24999999999997,19.1
66652.0,17.0,1.0,174.7,65.3,21.4,71.8,1.0,2.0,240.0,8.0,2.0,1050.0,36.42999999999999,134.61,42.00000000000001,22.8
66653.0,42.0,1.0,173.4,77.5,25.8,95.7,2.0,1.0,300.0,2.0,5.397605346934028e-79,925.0,62.84,75.12,39.25,28.1
66654.0,47.0,1.0,155.5,67.1,27.7,86.5,2.0,2.0,360.0,4.0,1.0,2744.0,111.53000000000002,310.54999999999995,119.14,26.0
66657.0,16.0,2.0,156.3,78.2,32.0,92.7,1.0,2.0,480.0,2.0,1.0,2599.0,81.55999999999999,332.66999999999996,109.49000000000001,41.0
66658.0,14.0,2.0,151.7,46.1,20.0,70.1,2.0,1.0,600.0,5.0,5.0,1779.0,67.17999999999999,214.61999999999998,73.45,29.9
66660.0,37.0,1.0,182.8,86.4,25.9,97.0,2.0,2.0,180.0,5.0,5.0,2941.0,132.92,427.05000000000007,80.69999999999996,26.1
66662.0,36.0,1.0,180.4,75.9,23.3,91.0,2.0,2.0,480.0,2.0,5.397605346934028e-79,2428.0,62.160000000000004,346.40999999999997,91.76,25.1
66665.0,27.0,2.0,167.9,69.7,24.7,90.1,1.0,1.0,240.0,1.0,3.0,2260.0,77.56000000000002,257.64000000000004,79.36,32.8
66673.0,25.0,2.0,154.4,67.1,28.1,96.0,1.0,1.0,240.0,3.0,1.0,1615.0,64.75000000000001,270.15,35.59,42.3
66677.0,18.0,2.0,160.1,62.8,24.5,89.0,1.0,1.0,120.0,3.0,8.0,1084.0,48.379999999999995,150.59,33.09,44.2
66678.0,21.0,1.0,170.7,72.7,24.9,84.5,1.0,1.0,480.0,1.0,2.0,1879.0,64.64999999999999,254.48,68.22999999999999,25.0
66679.0,30.0,1.0,176.7,87.6,28.1,95.1,2.0,2.0,360.0,5.0,3.0,2688.0,53.44000000000001,391.71000000000004,102.17,27.8
66680.0,56.0,2.0,163.1,101.7,38.2,122.2,2.0,2.0,420.0,3.0,2.0,1713.0,34.08,245.43,69.46,42.1
66684.0,16.0,1.0,164.2,51.2,19.0,68.6,1.0,2.0,720.0,5.397605346934028e-79,5.0,1824.0,55.129999999999995,230.24,78.37,16.3
66685.0,29.0,1.0,173.2,97.1,32.4,114.0,2.0,2.0,180.0,2.0,8.0,2026.0,111.19,279.06,54.42,33.4
66693.0,18.0,1.0,186.9,96.0,27.5,88.6,1.0,2.0,240.0,5.397605346934028e-79,5.0,2428.0,84.44,357.54,74.31,20.7
66697.0,13.0,2.0,149.0,49.4,22.3,82.5,1.0,1.0,600.0,2.0,5.0,1226.0,47.43000000000001,170.07,41.330000000000005,37.8
66698.0,21.0,1.0,181.1,82.8,25.2,89.6,1.0,1.0,480.0,1.0,1.0,3029.0,71.24000000000001,329.91999999999996,146.54999999999995,24.7
66699.0,33.0,1.0,180.4,106.7,32.8,112.0,1.0,1.0,240.0,4.0,1.0,2590.0,93.48999999999998,332.0199999999999,99.42999999999999,30.7
66702.0,47.0,1.0,178.6,81.8,25.6,95.2,2.0,2.0,360.0,5.0,5.397605346934028e-79,3947.0,198.65,318.96000000000004,183.30999999999997,22.8
66707.0,13.0,1.0,173.1,83.0,27.7,93.1,1.0,1.0,480.0,3.0,3.0,2960.0,204.22,241.66,134.48999999999998,25.3
66708.0,55.0,2.0,172.7,84.3,28.3,106.8,1.0,2.0,480.0,3.0,1.0,1666.0,53.699999999999996,194.81000000000003,79.27000000000001,44.5
66712.0,31.0,1.0,186.0,89.6,25.9,98.5,2.0,1.0,480.0,2.0,1.0,3874.0,149.98,463.2399999999999,167.67000000000004,27.7
66714.0,21.0,2.0,163.4,50.8,19.0,74.2,2.0,2.0,540.0,2.0,2.0,3161.0,78.55999999999999,381.1799999999999,154.9,35.4
66716.0,30.0,1.0,176.5,86.1,27.6,86.7,1.0,2.0,180.0,4.0,1.0,2037.0,79.98,260.81000000000006,75.8,21.1
66718.0,56.0,2.0,154.6,61.9,25.9,90.1,2.0,2.0,480.0,5.0,1.0,2197.0,85.91999999999999,175.20000000000002,119.87,37.9
66720.0,58.0,1.0,182.0,96.3,29.1,103.9,2.0,2.0,180.0,2.0,5.397605346934028e-79,3433.0,57.38999999999999,479.28000000000003,156.76000000000002,22.9
66724.0,31.0,1.0,184.1,138.2,40.8,134.0,2.0,2.0,120.0,2.0,1.0,4136.0,139.38,539.12,162.1,34.7
66725.0,57.0,1.0,164.7,75.8,27.9,103.7,2.0,2.0,300.0,2.0,1.0,2961.0,132.65,349.15000000000003,117.24000000000002,27.7
66726.0,18.0,1.0,176.3,80.7,26.0,78.0,1.0,1.0,360.0,8.0,3.0,6291.0,344.99000000000007,699.23,242.43,14.3
66731.0,46.0,1.0,170.1,104.8,36.2,115.3,2.0,2.0,600.0,8.0,1.0,3484.0,130.57999999999998,470.96,127.52000000000001,24.3
66732.0,16.0,1.0,180.9,64.4,19.7,76.8,1.0,2.0,600.0,5.0,5.0,2630.0,104.81,285.08000000000004,117.03000000000002,15.0
66734.0,16.0,2.0,158.9,44.5,17.6,65.6,2.0,2.0,840.0,3.0,3.0,1642.0,51.260000000000005,255.5,48.42,26.8
66735.0,24.0,1.0,173.8,138.6,45.9,129.3,1.0,1.0,180.0,2.0,5.0,1846.0,30.1,349.84000000000003,42.129999999999995,42.4
66736.0,55.0,2.0,165.3,49.4,18.1,69.4,1.0,1.0,480.0,2.0,1.0,1271.0,26.400000000000002,157.04999999999998,58.68,27.0
66737.0,14.0,2.0,158.1,51.7,20.7,69.2,1.0,2.0,600.0,5.0,1.0,2513.0,88.2,351.17999999999995,86.99000000000001,32.1
66738.0,59.0,1.0,177.6,75.9,24.1,86.9,2.0,2.0,720.0,5.397605346934028e-79,1.0,2223.0,69.68,266.46,87.26999999999998,22.9
66745.0,16.0,2.0,156.4,42.8,17.5,65.7,2.0,2.0,480.0,1.0,4.0,1212.0,26.629999999999995,178.53,45.589999999999996,30.5
66747.0,59.0,1.0,174.6,135.2,44.3,143.2,2.0,2.0,600.0,1.0,2.0,3002.0,121.17000000000002,360.42,130.64999999999998,40.2
66749.0,56.0,2.0,165.1,84.0,30.8,102.2,2.0,1.0,480.0,5.0,8.0,1389.0,59.39,133.65,70.59,40.4
66754.0,47.0,1.0,184.2,96.1,28.3,102.0,2.0,1.0,540.0,3.0,5.397605346934028e-79,3945.0,110.27000000000001,423.62,207.42999999999998,26.4
66759.0,57.0,2.0,162.2,105.8,40.2,123.7,2.0,2.0,300.0,3.0,3.0,1891.0,67.86,276.41999999999996,57.72,46.5
66762.0,16.0,1.0,165.8,78.0,28.4,95.0,2.0,2.0,480.0,1.0,2.0,2366.0,114.36999999999999,276.58,91.36000000000001,33.4
66769.0,24.0,2.0,155.6,85.2,35.2,98.1,2.0,2.0,120.0,2.0,8.0,1355.0,59.62,120.4,71.82,45.5
66770.0,22.0,2.0,159.4,113.3,44.6,121.0,1.0,1.0,120.0,2.0,5.397605346934028e-79,4254.0,167.76999999999992,431.25,177.15000000000003,45.1
66771.0,31.0,2.0,162.9,91.0,34.3,107.0,2.0,2.0,480.0,5.397605346934028e-79,5.397605346934028e-79,2911.0,126.05,306.19,131.45,42.1
66777.0,39.0,1.0,169.8,122.2,42.4,139.2,2.0,2.0,720.0,5.0,8.0,957.0,68.44999999999999,132.34,18.22,36.7
66779.0,14.0,1.0,157.8,44.7,18.0,65.8,1.0,1.0,780.0,5.397605346934028e-79,2.0,2243.0,90.53,373.83,51.080000000000005,17.4
66782.0,19.0,2.0,174.9,88.7,29.0,90.1,2.0,2.0,480.0,8.0,8.0,3185.0,107.97,471.51,98.26999999999998,33.2
66788.0,31.0,1.0,167.4,64.9,23.2,78.1,1.0,1.0,480.0,5.0,5.0,7038.0,255.10999999999996,890.5799999999999,282.33000000000004,17.1
66789.0,38.0,2.0,156.9,75.1,30.5,88.8,2.0,2.0,360.0,3.0,2.0,1762.0,50.36,266.79,58.660000000000004,44.9
66793.0,50.0,1.0,172.0,91.2,30.8,107.1,2.0,2.0,480.0,5.0,5.397605346934028e-79,570.0,26.37,61.94,24.14,36.9
66795.0,23.0,1.0,172.5,61.8,20.8,71.0,2.0,1.0,120.0,2.0,5.397605346934028e-79,1801.0,127.06,228.12,50.47,15.5
66798.0,56.0,2.0,149.1,67.7,30.5,96.2,2.0,2.0,300.0,4.0,4.0,997.0,55.43999999999999,141.62,23.220000000000002,45.1
66802.0,43.0,2.0,181.3,68.0,20.7,80.3,2.0,1.0,600.0,2.0,8.0,2172.0,77.82,286.52,81.51999999999998,33.0
66807.0,29.0,1.0,176.1,61.5,19.8,82.3,1.0,2.0,420.0,3.0,2.0,2159.0,125.8,246.68999999999997,73.41000000000001,25.1
66811.0,29.0,1.0,165.5,80.0,29.2,97.5,1.0,1.0,300.0,4.0,5.0,2146.0,65.11,307.76000000000005,76.56,25.2
66812.0,15.0,1.0,169.4,66.3,23.1,79.1,1.0,2.0,660.0,4.0,2.0,1392.0,56.94,153.66,61.79999999999999,17.5
66819.0,20.0,1.0,163.2,57.7,21.7,78.6,2.0,1.0,240.0,2.0,8.0,3249.0,82.28,490.62000000000006,114.07000000000002,18.2
66821.0,30.0,2.0,153.2,79.3,33.8,100.0,2.0,2.0,180.0,3.0,8.0,1160.0,52.720000000000006,148.45999999999998,42.76,43.2
66822.0,19.0,1.0,166.5,88.7,32.0,100.8,1.0,2.0,480.0,8.0,5.0,2173.0,149.7,239.87999999999997,63.25000000000001,33.6
66824.0,14.0,2.0,178.8,87.9,27.5,98.0,2.0,2.0,600.0,3.0,5.397605346934028e-79,2346.0,85.64999999999999,341.95,73.16999999999999,42.2
66828.0,25.0,1.0,186.1,87.5,25.3,90.0,1.0,2.0,300.0,1.0,3.0,2137.0,72.04,349.78,68.27,32.3
66830.0,12.0,2.0,161.8,46.6,17.8,67.4,2.0,1.0,660.0,2.0,8.0,2024.0,61.28,262.90999999999997,81.62,23.6
66833.0,39.0,2.0,157.5,56.4,22.7,78.7,2.0,2.0,420.0,3.0,1.0,1357.0,49.440000000000005,183.81,47.06999999999999,34.5
66834.0,31.0,1.0,184.3,121.2,35.7,109.7,2.0,1.0,300.0,3.0,1.0,4401.0,125.11999999999999,712.8299999999999,131.39000000000001,29.5
66836.0,22.0,1.0,177.0,58.6,18.7,72.6,1.0,1.0,420.0,2.0,2.0,3615.0,97.20000000000002,368.15000000000003,114.19000000000001,15.2
66837.0,24.0,1.0,173.2,64.8,21.6,72.5,2.0,2.0,180.0,5.0,1.0,4464.0,168.79000000000002,528.28,188.95,19.0
66839.0,25.0,2.0,169.7,49.0,17.0,71.7,1.0,2.0,360.0,1.0,2.0,1648.0,75.32,209.03000000000006,55.82000000000001,27.4
66844.0,18.0,1.0,170.6,60.7,20.9,75.2,1.0,2.0,480.0,2.0,3.0,1252.0,33.03000000000001,251.93,17.909999999999997,18.4
66847.0,31.0,1.0,168.7,70.6,24.8,82.4,2.0,1.0,300.0,2.0,3.0,1224.0,49.63999999999999,162.17,41.19,23.1
66848.0,52.0,2.0,160.7,55.8,21.6,80.1,2.0,1.0,480.0,5.397605346934028e-79,2.0,2138.0,71.13,274.41,70.02,33.7
66851.0,46.0,2.0,170.9,83.8,28.7,107.2,2.0,2.0,720.0,1.0,1.0,2655.0,64.58,256.0,135.06,41.8
66855.0,20.0,1.0,175.7,74.0,24.0,80.3,1.0,2.0,240.0,5.0,5.0,2108.0,112.44,323.95000000000005,42.21999999999999,17.8
66857.0,15.0,2.0,161.5,52.5,20.1,74.3,1.0,2.0,720.0,5.397605346934028e-79,5.0,1077.0,56.01,146.97,29.679999999999996,35.5
66860.0,21.0,1.0,184.8,109.1,31.9,105.4,1.0,1.0,360.0,1.0,1.0,3359.0,123.72,312.76,180.97000000000003,20.2
66861.0,21.0,1.0,178.7,119.8,37.5,117.6,1.0,2.0,600.0,2.0,5.0,1278.0,91.28000000000002,83.60000000000001,61.56999999999999,33.9
66864.0,16.0,1.0,176.0,64.2,20.7,74.5,1.0,2.0,360.0,2.0,1.0,1348.0,38.83000000000001,227.52,33.010000000000005,18.0
66865.0,15.0,2.0,163.7,82.4,30.7,98.5,2.0,2.0,420.0,2.0,5.397605346934028e-79,1741.0,72.54,241.82999999999998,54.75,46.1
66869.0,54.0,2.0,166.0,100.4,36.4,115.9,2.0,2.0,720.0,2.0,5.397605346934028e-79,700.0,14.319999999999999,142.86,11.229999999999999,51.7
66870.0,12.0,2.0,156.7,46.9,19.1,68.2,1.0,1.0,540.0,5.397605346934028e-79,1.0,3931.0,96.11,543.38,162.76000000000002,31.5
66872.0,37.0,1.0,178.4,97.2,30.5,107.5,2.0,1.0,120.0,2.0,1.0,2829.0,142.51999999999998,424.08,70.07,31.4
66874.0,31.0,2.0,151.2,62.1,27.2,93.4,1.0,1.0,120.0,1.0,1.0,2649.0,53.349999999999994,334.48,128.82999999999998,44.8
66878.0,15.0,2.0,151.0,45.8,20.1,69.7,2.0,1.0,420.0,2.0,5.397605346934028e-79,2294.0,90.49,334.32000000000005,68.35000000000001,28.9
66879.0,42.0,2.0,166.2,78.2,28.3,95.9,1.0,1.0,720.0,1.0,1.0,2182.0,99.69,235.13,96.21000000000001,39.2
66880.0,24.0,1.0,178.6,88.4,27.7,95.3,1.0,2.0,240.0,1.0,2.0,5570.0,265.34000000000003,638.64,220.72,23.8
66882.0,22.0,2.0,165.9,51.8,18.8,76.2,1.0,1.0,480.0,2.0,2.0,2247.0,64.77,277.94999999999993,95.33,29.5
66883.0,35.0,1.0,170.9,85.3,29.2,106.0,2.0,2.0,180.0,2.0,4.0,1624.0,59.25,275.44999999999993,30.75,37.6
66884.0,35.0,2.0,170.8,79.8,27.4,99.9,2.0,2.0,480.0,5.0,3.0,3098.0,63.55999999999999,440.10999999999996,112.86999999999999,37.3
66889.0,59.0,1.0,184.8,75.8,22.2,87.8,1.0,1.0,120.0,5.397605346934028e-79,1.0,2511.0,74.35,424.8900000000001,61.699999999999996,19.2
66890.0,14.0,1.0,169.6,58.7,20.4,72.3,1.0,1.0,540.0,3.0,2.0,2552.0,101.99,330.28,93.45,19.6
66891.0,15.0,2.0,170.0,54.7,18.9,74.5,2.0,1.0,540.0,3.0,5.397605346934028e-79,2171.0,141.52,244.52000000000004,70.23,29.4
66898.0,45.0,2.0,161.5,52.7,20.2,78.7,2.0,2.0,300.0,8.0,5.397605346934028e-79,3911.0,113.39000000000001,444.73,192.34000000000003,30.4
66903.0,39.0,2.0,168.6,55.0,19.3,74.4,1.0,2.0,180.0,3.0,1.0,1739.0,70.16,209.67000000000002,68.75999999999999,30.7
66904.0,27.0,1.0,167.5,50.3,17.9,68.8,1.0,2.0,60.0,5.0,2.0,3520.0,129.65,472.55000000000007,114.41,14.9
66905.0,25.0,2.0,160.3,48.0,18.7,68.8,2.0,2.0,420.0,5.397605346934028e-79,3.0,1215.0,76.64,161.66,18.93,26.9
66908.0,52.0,1.0,190.2,144.8,40.0,144.4,2.0,2.0,360.0,5.0,8.0,6171.0,254.44999999999996,581.7699999999999,318.31000000000006,37.7
66909.0,27.0,2.0,159.9,102.1,39.9,112.9,2.0,1.0,480.0,5.0,2.0,1509.0,55.28,170.76,69.61000000000001,44.8
66911.0,40.0,1.0,171.9,62.3,21.1,80.4,2.0,2.0,60.0,2.0,5.397605346934028e-79,3617.0,115.02000000000001,398.4599999999999,142.82,16.6
66912.0,14.0,2.0,166.2,52.1,18.9,68.3,1.0,1.0,420.0,2.0,2.0,2831.0,88.15999999999998,442.91,93.55,25.1
66915.0,51.0,1.0,184.4,109.4,32.2,122.7,2.0,2.0,720.0,5.0,8.0,5500.0,72.9,1200.89,60.9,28.8
66919.0,13.0,2.0,164.8,74.3,27.4,89.2,1.0,1.0,720.0,2.0,5.397605346934028e-79,1621.0,53.23,241.88000000000002,50.78,36.6
66921.0,34.0,2.0,159.1,93.1,36.8,118.1,2.0,2.0,480.0,5.0,1.0,1662.0,38.87,203.76999999999998,78.63000000000001,40.7
66923.0,47.0,2.0,165.2,74.3,27.2,91.8,1.0,2.0,660.0,2.0,2.0,2028.0,103.32,241.45,73.52,43.5
66925.0,23.0,2.0,168.4,62.4,22.0,85.6,1.0,1.0,240.0,2.0,1.0,1984.0,85.39999999999999,240.70000000000002,80.19000000000001,37.7
66926.0,51.0,1.0,166.3,94.5,34.2,110.5,2.0,1.0,300.0,3.0,5.397605346934028e-79,1726.0,84.66999999999999,246.88,47.330000000000005,29.8
66927.0,20.0,1.0,180.3,106.0,32.6,105.3,1.0,1.0,360.0,3.0,2.0,3340.0,162.87000000000003,389.46999999999997,130.41,30.9
66930.0,41.0,1.0,164.6,70.9,26.2,91.1,2.0,1.0,600.0,8.0,5.397605346934028e-79,1581.0,34.739999999999995,245.94,53.19,23.4
66931.0,16.0,1.0,168.7,61.4,21.6,76.4,1.0,2.0,840.0,1.0,2.0,1884.0,85.94000000000001,291.51,42.71,20.6
66933.0,34.0,1.0,185.1,72.4,21.1,77.7,1.0,1.0,720.0,1.0,5.0,2042.0,91.17999999999998,237.23999999999998,66.87,18.9
66934.0,12.0,2.0,162.5,73.6,27.9,94.0,1.0,1.0,360.0,2.0,2.0,686.0,12.72,96.65,27.8,43.6
66936.0,28.0,1.0,167.2,60.6,21.7,76.0,2.0,1.0,120.0,1.0,1.0,1738.0,81.58000000000001,279.7,32.04,19.3
66937.0,37.0,1.0,175.4,80.8,26.3,98.2,2.0,2.0,300.0,3.0,8.0,2891.0,100.11999999999999,423.32,98.55999999999996,19.3
66940.0,14.0,2.0,160.3,48.4,18.8,70.5,1.0,1.0,540.0,2.0,8.0,2222.0,67.94999999999999,289.17,87.89999999999999,32.3
66941.0,25.0,1.0,187.1,85.0,24.3,85.2,1.0,1.0,300.0,3.0,1.0,1688.0,33.37,227.02,73.49,25.8
66943.0,46.0,2.0,147.5,69.1,31.8,101.5,2.0,2.0,720.0,5.0,3.0,1039.0,54.84,91.21,50.71,42.9
66945.0,57.0,2.0,160.4,77.9,30.3,94.2,2.0,2.0,240.0,3.0,8.0,2626.0,81.64999999999998,295.78,127.07,47.4
66946.0,32.0,1.0,180.6,117.3,36.0,124.0,2.0,1.0,240.0,4.0,3.0,1258.0,45.029999999999994,230.26999999999998,20.939999999999998,32.4
66947.0,51.0,1.0,173.9,79.0,26.1,93.3,1.0,1.0,240.0,4.0,2.0,3388.0,189.01000000000005,358.81000000000006,133.9,24.5
66948.0,14.0,1.0,169.9,73.5,25.5,84.5,1.0,2.0,480.0,5.397605346934028e-79,8.0,1430.0,56.62999999999999,232.03000000000003,31.57,30.8
66949.0,54.0,2.0,150.8,56.3,24.8,83.0,2.0,2.0,90.0,2.0,5.397605346934028e-79,1295.0,50.97,123.51999999999998,68.44,35.0
66954.0,27.0,2.0,162.3,64.6,24.5,88.9,1.0,1.0,240.0,2.0,1.0,1777.0,42.099999999999994,287.12,53.5,31.7
66955.0,38.0,1.0,169.6,76.3,26.5,90.7,2.0,1.0,360.0,1.0,5.397605346934028e-79,2455.0,115.07000000000001,293.8599999999999,84.28,22.3
66956.0,21.0,2.0,162.3,68.1,25.9,91.0,2.0,1.0,120.0,5.0,8.0,4693.0,62.42,818.53,138.57,38.9
66958.0,52.0,1.0,159.8,66.9,26.2,95.3,2.0,1.0,240.0,5.397605346934028e-79,5.397605346934028e-79,1669.0,99.92999999999999,249.6,33.45,29.5
66959.0,43.0,2.0,157.1,73.2,29.7,95.0,2.0,2.0,120.0,2.0,5.397605346934028e-79,1124.0,69.25,157.48,25.61,40.1
66961.0,36.0,1.0,180.3,82.1,25.3,94.5,2.0,2.0,360.0,5.397605346934028e-79,5.397605346934028e-79,3443.0,111.91,354.10999999999996,151.23,28.9
66964.0,27.0,2.0,173.2,73.4,24.5,84.6,1.0,1.0,300.0,4.0,5.397605346934028e-79,1512.0,38.69,208.51,47.82,37.8
66966.0,14.0,2.0,155.3,50.7,21.0,75.5,1.0,2.0,540.0,3.0,2.0,841.0,15.75,134.74000000000004,28.55,32.2
66973.0,49.0,2.0,176.8,102.6,32.8,106.2,2.0,1.0,720.0,1.0,1.0,3118.0,204.01000000000002,320.45000000000005,120.38999999999999,41.6
66975.0,17.0,1.0,176.7,68.3,21.9,73.2,1.0,1.0,720.0,5.0,8.0,1596.0,64.82,200.29999999999998,60.220000000000006,21.7
66976.0,24.0,1.0,178.0,65.4,20.6,80.2,2.0,1.0,90.0,8.0,5.397605346934028e-79,3458.0,145.82,392.12,149.03,16.6
66979.0,16.0,2.0,166.3,69.1,25.0,84.2,2.0,2.0,600.0,5.397605346934028e-79,3.0,1136.0,62.08000000000001,150.18,32.81999999999999,39.6
66981.0,42.0,1.0,172.9,126.6,42.3,128.3,2.0,2.0,480.0,3.0,5.0,2402.0,92.87999999999998,321.9700000000001,84.39,36.4
66994.0,52.0,1.0,176.7,81.0,25.9,95.6,2.0,1.0,720.0,5.397605346934028e-79,1.0,3401.0,138.12,337.62,156.37,28.6
66995.0,37.0,2.0,161.6,51.0,19.5,74.0,1.0,2.0,480.0,8.0,1.0,1991.0,57.949999999999996,172.14000000000001,85.00000000000001,24.9
66996.0,22.0,1.0,173.3,71.3,23.7,77.0,1.0,1.0,480.0,5.397605346934028e-79,5.397605346934028e-79,1850.0,82.60000000000001,224.65,52.220000000000006,20.0
66997.0,15.0,2.0,167.0,49.6,17.8,68.9,2.0,1.0,900.0,5.0,4.0,2205.0,80.94000000000001,331.78000000000003,65.6,21.4
66999.0,15.0,2.0,165.6,51.3,18.7,74.0,2.0,2.0,660.0,5.0,2.0,3049.0,83.5,425.98,114.52999999999997,23.5
67000.0,49.0,1.0,177.9,87.7,27.7,101.3,2.0,2.0,180.0,3.0,1.0,2227.0,105.00999999999998,255.98000000000002,87.27,30.1
67002.0,39.0,1.0,174.0,112.2,37.1,119.2,2.0,1.0,480.0,5.0,8.0,5081.0,107.61999999999999,844.1500000000001,153.45999999999998,31.3
67005.0,19.0,1.0,177.6,57.6,18.3,70.2,1.0,2.0,60.0,8.0,8.0,5446.0,130.12,1172.6599999999999,54.960000000000015,12.1
67007.0,40.0,2.0,157.0,57.8,23.4,80.2,2.0,2.0,300.0,2.0,1.0,1277.0,30.349999999999994,223.47,33.96,38.0
67008.0,17.0,2.0,156.1,47.3,19.4,72.0,2.0,2.0,720.0,5.0,2.0,1241.0,69.31000000000002,143.17,45.96999999999999,29.7
67009.0,33.0,2.0,171.4,104.7,35.6,120.6,2.0,2.0,360.0,4.0,5.397605346934028e-79,3081.0,92.45,392.05,133.12,43.4
67012.0,34.0,2.0,156.7,77.2,31.4,101.7,2.0,1.0,240.0,3.0,5.397605346934028e-79,1363.0,83.76,127.61999999999998,60.38999999999999,34.2
67021.0,50.0,1.0,181.5,96.1,29.2,100.2,2.0,2.0,480.0,2.0,1.0,3233.0,99.67999999999999,353.61999999999995,157.81,26.6
67024.0,12.0,2.0,151.2,44.3,19.4,67.5,1.0,2.0,360.0,2.0,2.0,1499.0,39.21999999999999,224.81000000000003,51.56000000000002,32.8
67027.0,15.0,2.0,157.8,74.2,29.8,101.7,2.0,2.0,720.0,3.0,5.397605346934028e-79,1743.0,41.73,229.94,79.29,43.0
67031.0,18.0,2.0,159.6,67.1,26.3,75.1,1.0,2.0,120.0,1.0,2.0,1103.0,19.57,176.2,36.32,36.8
67032.0,32.0,2.0,160.1,54.0,21.1,74.6,2.0,1.0,180.0,1.0,1.0,1909.0,76.56000000000002,209.88,93.13000000000001,25.6
67034.0,37.0,2.0,160.3,51.9,20.2,73.7,2.0,2.0,180.0,5.397605346934028e-79,2.0,1339.0,37.54,206.62,45.900000000000006,32.1
67039.0,31.0,2.0,169.5,56.3,19.6,72.3,2.0,1.0,300.0,5.397605346934028e-79,5.397605346934028e-79,1500.0,54.91,229.40000000000003,44.599999999999994,23.3
67040.0,19.0,2.0,163.4,71.5,26.8,88.3,2.0,1.0,180.0,5.397605346934028e-79,5.397605346934028e-79,3902.0,158.83999999999997,433.3400000000001,172.42000000000004,39.5
67041.0,36.0,2.0,165.6,62.7,22.9,83.7,2.0,2.0,600.0,4.0,5.0,1679.0,76.3,136.25,71.56,30.3
67044.0,19.0,2.0,155.6,44.2,18.3,65.5,2.0,1.0,540.0,2.0,2.0,2254.0,130.72,233.30999999999997,88.0,29.7
67047.0,54.0,2.0,151.5,72.0,31.4,99.0,2.0,2.0,360.0,2.0,5.397605346934028e-79,1588.0,56.06,219.74,57.260000000000005,41.3
67048.0,12.0,2.0,157.0,51.2,20.8,68.7,2.0,1.0,420.0,1.0,1.0,1594.0,51.68,195.92,68.25000000000001,27.2
67051.0,37.0,2.0,167.4,90.6,32.3,101.8,2.0,1.0,360.0,3.0,1.0,1429.0,76.91999999999999,124.52,68.59,37.3
67052.0,56.0,1.0,180.4,98.5,30.3,108.2,2.0,2.0,180.0,5.0,5.397605346934028e-79,1323.0,63.58,117.85000000000001,67.21,24.8
67058.0,42.0,1.0,175.9,67.3,21.8,82.0,1.0,2.0,600.0,5.0,8.0,1529.0,54.709999999999994,205.67000000000002,52.5,20.5
67060.0,16.0,2.0,169.1,77.7,27.2,88.4,2.0,2.0,480.0,3.0,1.0,2716.0,104.30000000000001,280.45,132.66000000000003,35.5
67063.0,15.0,1.0,174.5,82.7,27.2,83.4,1.0,2.0,480.0,5.0,5.397605346934028e-79,1600.0,64.10000000000001,213.17000000000002,56.660000000000004,24.2
67064.0,31.0,1.0,178.0,84.3,26.6,92.6,2.0,1.0,600.0,5.397605346934028e-79,5.397605346934028e-79,1928.0,57.120000000000005,280.81,55.55,27.1
67065.0,36.0,1.0,185.3,86.0,25.0,85.5,1.0,2.0,300.0,2.0,1.0,2835.0,63.72,586.91,29.680000000000003,19.6
67067.0,23.0,1.0,161.8,80.7,30.8,99.0,2.0,2.0,240.0,2.0,5.397605346934028e-79,2616.0,65.91,366.64,102.3,26.7
67068.0,32.0,1.0,173.7,101.4,33.6,113.0,1.0,1.0,300.0,4.0,2.0,1954.0,63.2,277.77,72.94,30.0
67069.0,19.0,1.0,183.5,81.5,24.2,88.2,2.0,2.0,360.0,5.0,5.0,1407.0,49.72000000000001,220.04000000000002,37.33,23.2
67071.0,16.0,2.0,159.5,49.1,19.3,63.6,2.0,2.0,480.0,5.0,5.0,1388.0,27.240000000000002,244.92,35.31,31.2
67073.0,24.0,1.0,171.4,83.9,28.6,94.0,1.0,1.0,780.0,4.0,2.0,3535.0,169.44000000000003,383.54,146.53,23.5
67075.0,14.0,2.0,166.5,105.1,37.9,110.0,2.0,1.0,8.0,1.0,5.397605346934028e-79,2279.0,92.85999999999999,283.11000000000007,85.55000000000001,47.0
67079.0,53.0,1.0,182.4,77.4,23.3,97.5,2.0,2.0,240.0,5.397605346934028e-79,5.397605346934028e-79,3051.0,109.57,376.53000000000003,122.84,26.7
67082.0,18.0,1.0,179.8,107.0,33.1,116.8,1.0,1.0,480.0,4.0,2.0,3312.0,145.4,271.0,140.49000000000004,36.8
67083.0,26.0,1.0,180.4,103.1,31.7,101.0,2.0,2.0,180.0,1.0,2.0,1436.0,38.660000000000004,114.82000000000001,48.55,27.5
67087.0,27.0,2.0,159.8,69.2,27.1,89.6,2.0,2.0,360.0,4.0,2.0,1403.0,57.47,173.83999999999997,55.67999999999999,38.8
67091.0,12.0,2.0,154.0,47.3,19.9,72.2,1.0,2.0,600.0,3.0,1.0,1316.0,71.39,133.76,58.129999999999995,39.7
67100.0,29.0,2.0,153.3,78.8,33.5,106.6,2.0,2.0,480.0,2.0,3.0,4045.0,134.75,481.1600000000001,113.06999999999998,40.3
67102.0,13.0,2.0,159.8,43.8,17.2,70.1,1.0,2.0,660.0,3.0,3.0,2869.0,100.64999999999998,424.2300000000001,91.82000000000002,25.6
67109.0,29.0,2.0,160.6,65.5,25.4,87.4,2.0,2.0,420.0,1.0,8.0,1726.0,68.66,193.20000000000002,78.85000000000001,40.7
67113.0,55.0,2.0,168.3,56.7,20.0,77.0,2.0,1.0,240.0,5.397605346934028e-79,1.0,1558.0,63.640000000000015,220.32999999999996,54.150000000000006,33.3
67115.0,59.0,1.0,174.1,100.3,33.1,113.0,2.0,2.0,480.0,5.397605346934028e-79,5.397605346934028e-79,3236.0,154.17000000000002,342.06999999999994,123.35999999999999,33.7
67116.0,31.0,2.0,164.6,79.4,29.3,97.1,1.0,2.0,540.0,3.0,5.397605346934028e-79,2890.0,123.75,349.96000000000004,112.36,40.6
67117.0,25.0,2.0,163.0,57.1,21.5,81.3,2.0,2.0,300.0,2.0,8.0,2976.0,67.91,523.5999999999999,74.08,35.5
67121.0,39.0,1.0,173.2,85.5,28.5,98.5,2.0,2.0,600.0,3.0,5.0,1959.0,115.27,260.38,49.089999999999996,27.9
67122.0,17.0,1.0,179.8,70.4,21.8,75.1,1.0,1.0,20.0,5.0,5.397605346934028e-79,5268.0,139.1,537.2600000000001,297.99999999999994,16.2
67123.0,33.0,2.0,166.9,73.6,26.4,84.2,1.0,1.0,360.0,1.0,8.0,3914.0,156.42,385.19999999999993,194.83,31.9
67127.0,18.0,1.0,177.6,90.0,28.5,89.0,1.0,2.0,420.0,3.0,1.0,3176.0,142.8,352.76000000000005,131.62,22.3
67129.0,24.0,2.0,152.7,55.1,23.6,81.0,1.0,2.0,420.0,2.0,1.0,3224.0,164.36,372.96999999999997,125.77000000000001,30.4
67133.0,33.0,1.0,183.0,90.1,26.9,91.8,2.0,2.0,180.0,1.0,3.0,4204.0,202.45000000000005,483.2000000000001,163.16000000000003,25.4
67143.0,33.0,1.0,160.6,56.7,22.0,81.9,2.0,2.0,240.0,3.0,5.397605346934028e-79,1111.0,58.300000000000004,112.51999999999998,46.019999999999996,23.2
67153.0,23.0,2.0,165.9,84.5,30.7,111.2,2.0,2.0,480.0,2.0,8.0,2268.0,134.59000000000003,184.31,94.01,39.3
67158.0,14.0,1.0,162.5,58.5,22.2,73.5,2.0,1.0,600.0,3.0,5.397605346934028e-79,1935.0,79.1,218.20000000000002,83.56,22.2
67160.0,15.0,2.0,157.8,83.6,33.6,96.0,1.0,1.0,720.0,1.0,2.0,1653.0,39.09,305.56,36.06999999999999,41.0
67164.0,13.0,2.0,160.0,56.2,22.0,80.0,1.0,2.0,720.0,1.0,3.0,1657.0,64.85,206.72000000000003,64.2,38.0
67169.0,30.0,1.0,172.2,86.9,29.3,101.8,2.0,1.0,480.0,4.0,2.0,2229.0,101.01,258.27,92.41000000000001,25.7
67170.0,13.0,1.0,153.3,37.8,16.1,62.5,1.0,2.0,360.0,5.397605346934028e-79,4.0,2603.0,93.72999999999999,357.73,88.33000000000001,24.5
67171.0,51.0,2.0,152.5,69.2,29.8,92.4,2.0,2.0,240.0,2.0,8.0,1652.0,60.660000000000004,181.19,77.18,40.5
67175.0,49.0,1.0,175.3,88.7,28.9,102.1,2.0,2.0,180.0,2.0,5.397605346934028e-79,1703.0,75.86000000000001,186.17999999999998,72.95,28.4
67176.0,17.0,1.0,175.5,114.4,37.1,111.2,1.0,1.0,720.0,2.0,3.0,1890.0,120.28,203.56,66.72,38.9
67181.0,40.0,1.0,177.2,76.6,24.4,90.5,2.0,2.0,240.0,3.0,5.397605346934028e-79,3763.0,126.46,326.85,88.11999999999999,20.3
67182.0,44.0,2.0,175.2,99.0,32.3,108.0,2.0,1.0,540.0,1.0,1.0,1309.0,47.52,199.13999999999996,40.150000000000006,39.8
67183.0,52.0,2.0,165.9,70.7,25.7,84.5,2.0,1.0,720.0,1.0,8.0,1544.0,57.32000000000001,138.92999999999998,88.73,29.0
67184.0,42.0,1.0,171.2,95.3,32.5,106.6,2.0,1.0,180.0,5.397605346934028e-79,8.0,2728.0,91.16000000000001,232.49,89.82,29.5
67185.0,51.0,2.0,161.8,80.7,30.8,103.0,2.0,2.0,180.0,2.0,1.0,1106.0,75.39999999999999,131.64,31.549999999999997,39.4
67187.0,15.0,2.0,147.1,43.0,19.9,73.9,2.0,2.0,600.0,1.0,5.397605346934028e-79,3469.0,70.8,583.2599999999999,100.30000000000001,32.7
67188.0,13.0,2.0,146.3,52.4,24.5,73.0,1.0,2.0,540.0,2.0,3.0,2007.0,87.57999999999998,220.74999999999997,87.67999999999999,33.6
67190.0,36.0,2.0,184.5,93.1,27.3,104.8,2.0,1.0,720.0,5.397605346934028e-79,1.0,972.0,86.69,99.91,25.509999999999998,32.4
67191.0,33.0,2.0,154.5,67.4,28.2,91.3,1.0,1.0,120.0,2.0,5.397605346934028e-79,1968.0,70.04,270.79999999999995,71.92,37.0
67192.0,55.0,2.0,165.1,76.5,28.1,94.9,2.0,2.0,180.0,5.397605346934028e-79,5.397605346934028e-79,919.0,39.57,95.22000000000001,21.080000000000002,41.5
67193.0,37.0,1.0,179.5,84.5,26.2,89.2,2.0,2.0,300.0,4.0,1.0,2247.0,81.69,259.48,96.90999999999998,19.8
67194.0,51.0,1.0,183.2,88.6,26.4,99.6,2.0,1.0,720.0,1.0,5.397605346934028e-79,1224.0,49.21,232.76999999999998,16.66,28.5
67195.0,49.0,1.0,181.6,97.6,29.6,102.0,2.0,2.0,480.0,1.0,5.397605346934028e-79,2120.0,135.26000000000002,227.95000000000005,73.92,24.8
67198.0,50.0,1.0,173.0,88.9,29.7,100.1,1.0,2.0,120.0,1.0,8.0,2391.0,98.89,298.52,81.27000000000001,24.9
67199.0,41.0,1.0,166.2,67.6,24.5,91.0,1.0,1.0,600.0,1.0,2.0,1655.0,76.63,203.61,44.24999999999999,28.7
67200.0,30.0,1.0,180.2,86.6,26.7,94.3,1.0,1.0,540.0,1.0,3.0,2661.0,161.88,287.82000000000005,72.66000000000001,29.2
67201.0,40.0,1.0,168.5,64.6,22.8,82.2,2.0,2.0,120.0,4.0,8.0,2587.0,81.31,353.36,95.14000000000001,27.5
67203.0,33.0,1.0,182.2,77.0,23.2,78.0,2.0,2.0,240.0,5.397605346934028e-79,1.0,1584.0,34.76,237.41999999999996,50.599999999999994,16.2
67204.0,22.0,1.0,168.3,84.1,29.7,93.2,1.0,2.0,360.0,2.0,4.0,3149.0,99.03,355.79999999999995,133.45,26.9
67214.0,39.0,1.0,183.6,88.5,26.3,91.2,1.0,1.0,600.0,2.0,5.397605346934028e-79,3513.0,149.53999999999996,293.88,164.92000000000002,21.6
67215.0,20.0,1.0,162.0,68.6,26.1,87.4,1.0,1.0,120.0,5.397605346934028e-79,8.0,2801.0,124.04,321.47,117.37999999999998,22.6
67217.0,41.0,1.0,163.2,91.8,34.5,114.6,2.0,2.0,120.0,3.0,8.0,1897.0,72.15,198.54000000000002,62.629999999999995,34.1
67219.0,32.0,2.0,170.1,58.8,20.3,81.5,1.0,1.0,720.0,2.0,2.0,2431.0,78.81,273.56,117.28999999999999,26.6
67220.0,33.0,1.0,187.5,97.7,27.8,101.0,2.0,1.0,600.0,2.0,8.0,4800.0,184.13,470.59999999999997,200.30999999999997,24.6
67221.0,22.0,1.0,184.2,116.4,34.3,114.3,1.0,1.0,360.0,4.0,3.0,613.0,30.200000000000003,53.79999999999999,30.59,31.5
67223.0,40.0,1.0,166.1,58.0,21.0,76.8,1.0,1.0,480.0,5.397605346934028e-79,2.0,1118.0,105.24,118.88000000000001,25.08,15.7
67227.0,17.0,2.0,167.7,52.7,18.7,73.1,2.0,1.0,660.0,5.0,5.0,2209.0,80.27000000000001,239.47,104.21999999999998,27.4
67228.0,41.0,1.0,177.8,84.1,26.6,106.0,1.0,2.0,600.0,2.0,5.397605346934028e-79,1333.0,73.2,194.06999999999996,26.42,29.9
67230.0,59.0,1.0,170.1,65.9,22.8,78.2,2.0,1.0,360.0,3.0,1.0,1596.0,51.190000000000005,197.45000000000002,35.27,18.2
67231.0,18.0,1.0,166.6,69.7,25.1,77.9,1.0,1.0,600.0,1.0,2.0,1993.0,65.5,234.23000000000002,91.74,16.2
67232.0,48.0,2.0,161.3,86.8,33.4,99.0,1.0,1.0,300.0,4.0,2.0,2316.0,94.32000000000001,283.6,98.52,43.3
67234.0,12.0,1.0,150.1,38.9,17.3,62.6,1.0,1.0,480.0,1.0,8.0,1411.0,58.449999999999996,157.98000000000002,65.54,25.4
67236.0,48.0,2.0,148.0,78.8,36.0,111.3,2.0,2.0,480.0,5.0,2.0,1745.0,45.68,274.15999999999997,53.18,46.1
67238.0,15.0,2.0,155.9,46.6,19.2,72.0,1.0,1.0,480.0,1.0,5.397605346934028e-79,1728.0,64.77,189.15,84.97000000000001,31.2
67244.0,13.0,2.0,149.2,33.0,14.8,62.6,1.0,2.0,540.0,1.0,5.397605346934028e-79,1953.0,57.52,310.67999999999995,57.120000000000005,25.3
67245.0,27.0,1.0,167.9,65.5,23.2,78.6,1.0,2.0,480.0,3.0,5.0,715.0,18.529999999999998,128.98000000000002,13.719999999999999,23.5
67246.0,15.0,1.0,175.5,58.0,18.8,69.1,1.0,2.0,480.0,1.0,2.0,4027.0,157.92000000000002,501.96,159.96999999999997,19.0
67248.0,14.0,2.0,165.6,73.7,26.9,94.4,1.0,2.0,540.0,2.0,8.0,1456.0,73.74999999999999,150.98999999999998,61.49000000000001,38.7
67249.0,58.0,2.0,169.0,70.4,24.6,88.8,2.0,1.0,300.0,4.0,8.0,1470.0,78.52,235.57000000000002,24.01,35.8
67250.0,43.0,2.0,160.8,75.8,29.3,93.5,2.0,2.0,180.0,3.0,1.0,2101.0,79.22000000000001,233.69000000000003,98.67999999999999,37.7
67252.0,24.0,2.0,169.0,58.4,20.4,74.4,1.0,1.0,300.0,3.0,3.0,1312.0,29.730000000000004,214.22,42.48,27.3
67255.0,38.0,2.0,167.1,82.1,29.4,95.5,2.0,1.0,240.0,2.0,5.397605346934028e-79,1348.0,40.06000000000001,126.69,76.82,42.6
67259.0,45.0,1.0,174.8,104.8,34.3,111.5,2.0,2.0,300.0,2.0,5.397605346934028e-79,1357.0,42.72,211.33999999999997,42.03999999999999,29.7
67269.0,59.0,1.0,186.5,105.8,30.4,104.4,1.0,1.0,720.0,4.0,2.0,2196.0,74.07,257.89000000000004,101.59,24.1
67273.0,44.0,1.0,166.5,77.3,27.9,90.0,2.0,2.0,60.0,1.0,8.0,1584.0,74.53000000000002,188.14,34.76,24.3
67281.0,42.0,2.0,168.5,100.3,35.3,112.1,2.0,2.0,120.0,5.0,8.0,2251.0,62.46000000000001,309.71000000000004,87.27999999999999,41.9
67283.0,56.0,2.0,152.0,63.3,27.4,95.9,2.0,2.0,840.0,1.0,2.0,725.0,32.989999999999995,102.57000000000001,21.05,44.9
67284.0,12.0,2.0,144.6,49.8,23.8,77.5,2.0,2.0,660.0,2.0,1.0,3808.0,140.76999999999998,478.02,151.14000000000001,35.0
67288.0,24.0,1.0,171.7,77.4,26.3,92.7,1.0,1.0,300.0,2.0,3.0,2089.0,76.61999999999999,311.2,63.720000000000006,29.6
67290.0,25.0,1.0,177.7,108.6,34.4,118.6,2.0,1.0,16.0,4.0,2.0,1627.0,80.69,178.53,65.62,35.0
67296.0,15.0,2.0,165.6,65.2,23.8,80.2,2.0,1.0,780.0,4.0,5.0,1406.0,51.3,211.21,44.51,33.7
67298.0,24.0,2.0,160.3,88.5,34.4,114.4,2.0,2.0,120.0,2.0,8.0,2553.0,79.21,371.55,84.36000000000001,37.2
67304.0,12.0,2.0,160.2,67.6,26.3,83.0,2.0,1.0,480.0,3.0,5.397605346934028e-79,2787.0,208.70000000000005,308.74,81.12,36.9
67305.0,20.0,2.0,163.9,79.9,29.7,87.2,1.0,1.0,300.0,3.0,4.0,2441.0,79.41000000000001,366.16,75.59,28.3
67306.0,51.0,1.0,173.2,80.3,26.8,95.3,2.0,2.0,300.0,3.0,5.397605346934028e-79,1478.0,27.850000000000005,192.39999999999998,61.65000000000001,30.1
67308.0,21.0,1.0,179.5,86.1,26.7,99.2,1.0,1.0,480.0,4.0,5.397605346934028e-79,3432.0,99.83999999999997,385.70000000000005,121.17999999999999,28.8
67311.0,27.0,2.0,160.8,110.0,42.5,117.0,2.0,2.0,660.0,4.0,1.0,1285.0,63.150000000000006,165.1,42.940000000000005,44.9
67315.0,51.0,2.0,170.4,72.4,24.9,89.8,2.0,2.0,120.0,3.0,3.0,979.0,51.720000000000006,101.47,40.92,37.5
67316.0,48.0,2.0,148.6,97.4,44.1,122.4,2.0,1.0,180.0,1.0,8.0,961.0,30.99,135.98000000000002,34.96,51.1
67318.0,26.0,1.0,171.5,74.5,25.3,83.7,2.0,2.0,180.0,1.0,5.397605346934028e-79,1579.0,47.550000000000004,248.17000000000002,50.19,16.5
67320.0,19.0,1.0,176.0,103.9,33.5,110.5,2.0,2.0,360.0,3.0,5.0,1565.0,44.27,239.12,49.900000000000006,37.4
67322.0,20.0,1.0,178.2,71.9,22.6,79.8,1.0,1.0,600.0,5.0,3.0,5335.0,209.31,633.2600000000001,216.83999999999997,20.3
67326.0,47.0,2.0,168.6,150.1,52.8,144.4,2.0,2.0,600.0,5.0,5.0,4421.0,69.77,747.21,134.32999999999998,44.4
67330.0,46.0,1.0,174.5,73.1,24.0,89.4,2.0,2.0,120.0,2.0,5.397605346934028e-79,3413.0,143.14000000000001,248.7,152.58,20.9
67331.0,15.0,2.0,164.5,58.6,21.7,68.0,1.0,1.0,420.0,4.0,3.0,1906.0,98.4,208.37000000000003,75.53,29.5
67333.0,42.0,1.0,165.0,74.7,27.4,92.1,1.0,1.0,240.0,1.0,5.0,1631.0,133.7,181.42,39.24999999999999,26.0
67335.0,30.0,2.0,176.3,56.6,18.2,71.8,2.0,1.0,420.0,8.0,1.0,1188.0,45.87,160.19,43.06000000000001,27.6
67338.0,24.0,1.0,165.8,87.2,31.7,94.2,2.0,2.0,120.0,5.0,8.0,2386.0,98.35,335.91999999999996,65.05,22.6
67343.0,58.0,1.0,182.9,75.8,22.7,85.8,2.0,2.0,300.0,4.0,8.0,3471.0,131.55,484.65000000000003,102.8,17.8
67348.0,16.0,1.0,184.8,89.8,26.3,100.1,2.0,1.0,480.0,3.0,2.0,1014.0,32.1,166.29,26.439999999999998,35.7
67349.0,42.0,1.0,170.5,147.7,50.8,146.4,2.0,2.0,600.0,1.0,5.397605346934028e-79,1719.0,68.18000000000002,217.79,66.3,39.7
67355.0,22.0,2.0,156.8,67.3,27.4,98.4,1.0,2.0,180.0,2.0,4.0,1544.0,60.279999999999994,214.54,52.91,37.3
67357.0,23.0,1.0,187.6,86.4,24.5,87.2,2.0,2.0,240.0,1.0,2.0,2817.0,130.95,316.88,114.38,15.5
67362.0,47.0,2.0,156.6,68.4,27.9,99.4,1.0,1.0,120.0,2.0,5.397605346934028e-79,1034.0,78.35,110.68,31.78,37.0
67364.0,19.0,2.0,167.9,61.3,21.7,82.8,2.0,2.0,720.0,5.397605346934028e-79,5.0,1580.0,45.709999999999994,190.13,70.65,39.6
67365.0,58.0,2.0,166.3,138.0,49.9,142.9,2.0,1.0,300.0,3.0,5.397605346934028e-79,2017.0,88.32,287.57,64.94,51.8
67367.0,32.0,2.0,155.3,60.0,24.9,87.3,2.0,2.0,480.0,3.0,5.397605346934028e-79,1247.0,34.510000000000005,218.06,29.820000000000004,41.2
67368.0,23.0,2.0,147.8,56.2,25.7,84.1,2.0,2.0,180.0,3.0,3.0,2064.0,50.129999999999995,254.73000000000002,96.82000000000001,39.6
67371.0,13.0,1.0,168.2,64.8,22.9,79.3,1.0,2.0,720.0,1.0,5.397605346934028e-79,1250.0,53.93000000000001,126.6,61.1,27.0
67375.0,45.0,2.0,155.6,90.3,37.3,109.6,2.0,2.0,120.0,1.0,5.397605346934028e-79,1676.0,95.30000000000001,118.81,90.78,45.0
67380.0,58.0,2.0,167.1,131.4,47.1,126.0,2.0,2.0,480.0,5.0,3.0,4014.0,136.48999999999998,429.37,214.42000000000002,48.5
67381.0,50.0,1.0,177.8,86.0,27.2,99.5,2.0,2.0,420.0,2.0,5.0,3933.0,143.8,532.3100000000001,141.22000000000003,25.8
67382.0,18.0,2.0,157.8,73.6,29.6,85.4,1.0,1.0,540.0,4.0,2.0,1745.0,53.81,233.54999999999998,67.92,37.1
67383.0,13.0,2.0,152.5,118.0,50.7,129.2,1.0,1.0,540.0,5.397605346934028e-79,1.0,1814.0,41.38,305.12000000000006,49.45000000000001,50.5
67384.0,19.0,1.0,172.6,100.4,33.7,115.5,2.0,2.0,360.0,3.0,1.0,1629.0,53.36,269.74,39.059999999999995,32.9
67385.0,47.0,1.0,168.1,66.7,23.6,82.8,1.0,2.0,240.0,4.0,8.0,1471.0,90.4,136.60999999999999,62.87,25.2
67388.0,35.0,1.0,155.4,54.2,22.4,87.5,2.0,2.0,720.0,3.0,3.0,2274.0,91.54999999999998,272.52,94.0,30.5
67392.0,41.0,1.0,170.6,90.7,31.2,104.0,1.0,1.0,360.0,2.0,1.0,2569.0,101.27000000000002,323.3399999999999,66.06,30.1
67393.0,29.0,2.0,160.6,61.4,23.8,87.3,2.0,1.0,420.0,2.0,5.0,2289.0,71.43999999999998,353.13999999999993,72.61,37.1
67395.0,55.0,2.0,156.0,72.8,29.9,99.4,2.0,2.0,360.0,5.0,5.397605346934028e-79,1164.0,53.34000000000002,159.77,42.18,41.4
67397.0,20.0,1.0,179.5,74.0,23.0,73.2,1.0,2.0,240.0,2.0,8.0,2301.0,77.73,276.84999999999997,100.64999999999999,13.8
67399.0,55.0,2.0,149.7,54.1,24.1,83.7,2.0,2.0,240.0,3.0,3.0,1385.0,76.10000000000001,181.54000000000002,39.86000000000001,36.1
67402.0,59.0,2.0,160.2,103.5,40.3,121.3,2.0,1.0,300.0,2.0,1.0,1576.0,100.72999999999999,144.0,66.25,44.6
67403.0,15.0,1.0,179.6,108.3,33.6,115.0,2.0,2.0,480.0,2.0,2.0,3341.0,119.41999999999999,397.29999999999995,142.31000000000003,35.3
67408.0,52.0,2.0,156.0,61.8,25.4,86.3,2.0,2.0,360.0,1.0,2.0,805.0,30.670000000000005,130.60000000000002,19.13,36.7
67410.0,18.0,2.0,156.8,66.9,27.2,96.1,2.0,2.0,20.0,5.0,5.397605346934028e-79,1592.0,41.89,247.54999999999995,51.49,39.6
67411.0,43.0,1.0,169.1,99.9,34.9,110.6,1.0,1.0,120.0,2.0,8.0,2177.0,78.3,333.46,60.36,27.2
67417.0,58.0,2.0,155.6,49.6,20.5,75.5,2.0,1.0,600.0,1.0,5.397605346934028e-79,1469.0,98.85000000000001,149.26000000000005,54.36,32.2
67420.0,22.0,1.0,172.7,62.4,20.9,74.6,2.0,1.0,300.0,2.0,5.397605346934028e-79,3019.0,91.83,349.46000000000004,102.54000000000002,18.1
67424.0,32.0,2.0,172.6,162.0,54.4,148.0,2.0,1.0,240.0,3.0,4.0,1829.0,72.69,248.82999999999998,62.459999999999994,49.4
67425.0,37.0,1.0,173.1,83.2,27.8,95.5,2.0,2.0,240.0,1.0,8.0,3281.0,100.38,354.63000000000005,165.1,26.0
67436.0,23.0,2.0,184.1,68.9,20.3,77.8,2.0,1.0,360.0,2.0,8.0,1430.0,132.45000000000002,114.58,40.61,28.0
67442.0,39.0,2.0,162.8,76.4,28.8,91.7,1.0,1.0,360.0,5.0,5.0,3059.0,79.32,386.19,136.47,36.8
67446.0,30.0,1.0,179.2,125.5,39.1,124.3,2.0,2.0,480.0,2.0,3.0,3450.0,131.79999999999998,385.01,154.24,33.2
67447.0,57.0,2.0,163.8,57.6,21.5,82.0,2.0,2.0,720.0,5.397605346934028e-79,5.397605346934028e-79,2694.0,118.46,316.51,106.49,36.1
67449.0,48.0,2.0,171.4,68.2,23.2,82.9,2.0,1.0,600.0,1.0,5.397605346934028e-79,1253.0,40.18000000000001,182.65000000000006,44.06999999999999,37.7
67450.0,55.0,1.0,177.5,105.8,33.6,122.0,2.0,2.0,120.0,1.0,5.397605346934028e-79,1979.0,54.57,207.73000000000002,43.29,33.6
67457.0,49.0,1.0,171.7,164.0,55.6,156.8,2.0,2.0,1020.0,5.0,5.0,3229.0,150.44999999999996,315.03,153.63,46.9
67459.0,24.0,2.0,164.0,65.7,24.4,82.4,2.0,2.0,360.0,4.0,5.397605346934028e-79,1025.0,27.639999999999997,150.47,36.56,36.0
67462.0,38.0,2.0,155.6,92.0,38.0,127.4,2.0,1.0,480.0,3.0,2.0,2220.0,53.339999999999996,300.85,92.39999999999999,46.5
67463.0,28.0,1.0,188.8,115.9,32.5,113.8,2.0,1.0,240.0,2.0,5.397605346934028e-79,3305.0,93.23,309.77,159.9,30.7
67468.0,17.0,2.0,163.7,59.5,22.2,76.5,2.0,1.0,780.0,5.397605346934028e-79,3.0,2083.0,61.22,322.59,62.690000000000005,40.1
67470.0,37.0,2.0,155.3,97.6,40.5,112.4,2.0,1.0,180.0,2.0,8.0,3597.0,137.18,288.92999999999995,212.44,46.0
67471.0,45.0,2.0,165.5,62.9,23.0,82.6,2.0,2.0,300.0,3.0,1.0,2001.0,24.82,274.52,29.240000000000002,32.7
67474.0,38.0,1.0,179.6,111.6,34.6,116.0,1.0,2.0,480.0,2.0,4.0,2536.0,84.57000000000001,306.57,109.2,30.9
67477.0,57.0,2.0,165.6,72.9,26.6,95.5,2.0,2.0,120.0,2.0,8.0,2940.0,144.92000000000002,395.73,61.760000000000005,37.6
67482.0,14.0,2.0,149.0,44.3,20.0,72.0,2.0,2.0,420.0,3.0,5.397605346934028e-79,1379.0,38.08,226.79999999999998,38.31,37.7
67486.0,41.0,2.0,159.2,82.2,32.4,102.0,2.0,2.0,120.0,2.0,5.397605346934028e-79,934.0,40.02000000000001,170.59000000000003,14.640000000000004,45.4
67488.0,29.0,1.0,173.3,68.6,22.8,81.8,2.0,1.0,600.0,5.397605346934028e-79,2.0,1383.0,69.13000000000001,200.83,36.26,23.2
67490.0,34.0,1.0,164.5,73.5,27.2,90.4,1.0,2.0,240.0,4.0,1.0,3534.0,121.30999999999999,564.61,93.97,24.6
67492.0,32.0,2.0,173.2,80.5,26.8,93.5,1.0,1.0,840.0,2.0,5.0,1142.0,58.42,121.15,54.379999999999995,38.4
67503.0,45.0,2.0,162.9,100.4,37.8,114.5,2.0,2.0,120.0,2.0,1.0,1644.0,43.6,236.23000000000002,60.730000000000004,35.9
67507.0,28.0,1.0,184.2,56.0,16.5,65.5,1.0,2.0,360.0,4.0,5.0,2496.0,98.45,162.75,159.92,15.9
67508.0,18.0,1.0,186.1,60.6,17.5,70.3,1.0,1.0,360.0,5.0,4.0,3477.0,140.63000000000002,448.71000000000004,128.44,15.3
67513.0,53.0,1.0,175.0,70.8,23.1,82.1,2.0,2.0,360.0,5.0,8.0,3977.0,188.78,445.83,163.21,14.4
67515.0,56.0,2.0,164.8,76.4,28.1,93.8,2.0,1.0,420.0,5.0,8.0,2853.0,129.09,233.15000000000003,112.59,46.4
67516.0,47.0,2.0,168.8,95.3,33.4,109.6,2.0,1.0,660.0,5.0,1.0,2134.0,76.73,228.57,92.67,44.3
67517.0,36.0,2.0,160.3,105.9,41.2,127.5,2.0,1.0,360.0,2.0,1.0,2411.0,67.55000000000001,350.93,88.01,44.1
67530.0,52.0,1.0,171.3,88.5,30.2,99.9,2.0,2.0,180.0,1.0,8.0,1455.0,45.529999999999994,232.64999999999998,18.910000000000004,29.1
67534.0,56.0,2.0,166.8,72.0,25.9,95.0,2.0,1.0,360.0,3.0,3.0,1823.0,47.959999999999994,286.91999999999996,57.85,37.0
67536.0,14.0,2.0,165.2,61.9,22.7,79.5,1.0,2.0,540.0,2.0,1.0,3173.0,66.98,435.47,131.76,35.5
67537.0,33.0,1.0,179.5,73.8,22.9,79.9,1.0,2.0,840.0,1.0,3.0,2283.0,90.22000000000001,324.41,72.63000000000001,18.0
67538.0,25.0,1.0,171.3,69.3,23.6,80.5,2.0,2.0,60.0,5.0,5.397605346934028e-79,2023.0,80.76,201.24,106.58999999999999,16.9
67540.0,12.0,2.0,157.6,45.9,18.5,70.2,2.0,2.0,300.0,2.0,5.397605346934028e-79,1869.0,73.64999999999999,269.75000000000006,58.43000000000001,31.4
67543.0,16.0,2.0,159.8,67.4,26.4,84.2,2.0,2.0,360.0,3.0,2.0,1281.0,46.410000000000004,132.14,63.83,39.2
67545.0,22.0,2.0,162.2,54.5,20.7,78.8,2.0,1.0,180.0,5.397605346934028e-79,5.397605346934028e-79,2069.0,62.779999999999994,236.32000000000002,98.23999999999998,30.0
67546.0,30.0,2.0,159.0,74.2,29.4,91.6,2.0,2.0,480.0,4.0,2.0,1004.0,33.230000000000004,116.26000000000002,46.07000000000001,44.8
67550.0,13.0,2.0,159.3,62.0,24.4,81.1,1.0,1.0,480.0,4.0,5.397605346934028e-79,1436.0,84.44000000000001,152.9,55.410000000000004,36.1
67551.0,28.0,2.0,156.7,75.2,30.6,102.1,2.0,2.0,720.0,5.0,8.0,479.0,12.78,72.21000000000001,16.29,48.5
67552.0,16.0,2.0,161.0,49.2,19.0,73.2,2.0,1.0,600.0,1.0,3.0,2158.0,66.42,265.28000000000003,91.89,34.0
67555.0,56.0,2.0,153.9,95.8,40.4,108.2,2.0,1.0,360.0,5.0,1.0,3201.0,112.64,412.27,131.47,41.9
67556.0,14.0,1.0,159.6,59.2,23.2,75.2,1.0,2.0,480.0,3.0,1.0,2139.0,59.7,246.10999999999996,105.57,15.6
67561.0,12.0,2.0,152.9,38.4,16.4,60.8,2.0,1.0,480.0,2.0,5.397605346934028e-79,1348.0,64.38000000000001,132.84,64.30999999999999,21.8
67564.0,43.0,2.0,169.8,90.2,31.3,108.5,1.0,1.0,180.0,1.0,1.0,2225.0,80.75999999999999,298.55,69.12,44.5
67571.0,35.0,2.0,167.1,98.5,35.3,113.0,2.0,2.0,240.0,2.0,5.397605346934028e-79,2264.0,58.11,289.41999999999996,88.19999999999999,42.9
67574.0,12.0,2.0,159.6,54.4,21.4,75.7,2.0,1.0,420.0,1.0,2.0,950.0,17.48,139.24,38.400000000000006,30.4
67581.0,19.0,2.0,163.6,64.8,24.2,76.2,2.0,2.0,240.0,5.397605346934028e-79,5.0,1131.0,30.089999999999996,152.80999999999997,45.050000000000004,35.4
67582.0,29.0,2.0,164.9,83.6,30.7,106.9,2.0,2.0,480.0,5.0,8.0,1615.0,63.16,218.92999999999998,55.22999999999999,44.8
67584.0,38.0,1.0,185.5,156.4,45.5,147.2,2.0,1.0,120.0,5.0,8.0,855.0,32.94,102.21000000000001,35.87,48.3
67585.0,55.0,2.0,154.6,63.6,26.6,86.2,2.0,2.0,180.0,1.0,5.397605346934028e-79,1587.0,52.26,201.39000000000001,67.58000000000001,39.3
67590.0,31.0,1.0,170.4,82.8,28.5,102.0,1.0,1.0,480.0,4.0,5.397605346934028e-79,3777.0,177.89000000000001,399.46999999999997,168.20999999999998,33.4
67591.0,40.0,1.0,170.8,67.2,23.0,89.4,2.0,1.0,480.0,1.0,5.397605346934028e-79,1991.0,95.72,330.66999999999996,35.22,26.6
67594.0,43.0,1.0,185.9,87.4,25.3,95.6,1.0,1.0,480.0,2.0,2.0,2486.0,87.39999999999998,403.73999999999995,59.190000000000005,26.2
67595.0,49.0,1.0,172.6,88.3,29.6,108.4,1.0,1.0,480.0,5.0,1.0,3149.0,200.96,304.15,127.46000000000001,28.6
67597.0,41.0,2.0,160.7,69.7,27.0,83.4,1.0,1.0,420.0,1.0,1.0,1675.0,47.309999999999995,192.35999999999999,60.63,35.4
67600.0,15.0,2.0,160.6,58.1,22.5,79.9,2.0,2.0,780.0,5.0,2.0,2831.0,92.79000000000002,277.0,151.35999999999999,34.8
67602.0,43.0,1.0,167.1,84.5,30.3,104.6,2.0,2.0,240.0,2.0,8.0,2559.0,97.81,323.77000000000004,98.36999999999999,30.1
67604.0,24.0,2.0,165.2,53.5,19.6,72.7,2.0,2.0,600.0,2.0,2.0,1432.0,40.22,180.23999999999998,64.27999999999999,27.8
67605.0,19.0,2.0,159.3,100.9,39.8,123.8,2.0,2.0,300.0,2.0,2.0,1276.0,44.62,181.98999999999998,41.4,44.0
67606.0,48.0,1.0,166.8,85.2,30.6,103.2,1.0,1.0,180.0,4.0,8.0,1514.0,66.78,164.14,67.36,28.1
67611.0,14.0,2.0,163.3,50.2,18.8,67.7,2.0,1.0,720.0,1.0,8.0,1453.0,77.73,204.89999999999995,38.71,23.6
67613.0,21.0,2.0,161.8,75.9,29.0,84.6,1.0,1.0,300.0,3.0,3.0,1235.0,41.16,211.70999999999998,24.049999999999997,45.3
67614.0,53.0,1.0,168.1,83.9,29.7,106.8,2.0,2.0,240.0,2.0,8.0,3044.0,151.95000000000005,357.15000000000003,116.86,29.8
67615.0,17.0,2.0,162.9,68.6,25.9,81.3,1.0,2.0,300.0,3.0,4.0,1416.0,74.56,227.69,24.880000000000003,35.4
67617.0,13.0,2.0,151.3,40.4,17.6,69.1,2.0,2.0,540.0,1.0,1.0,2113.0,88.66,300.46,60.220000000000006,30.1
67619.0,53.0,1.0,180.3,101.9,31.3,107.9,1.0,2.0,480.0,5.397605346934028e-79,5.0,1495.0,82.92,192.45999999999998,43.4,28.5
67620.0,54.0,1.0,180.8,77.9,23.8,93.4,2.0,2.0,660.0,3.0,3.0,1721.0,71.25999999999999,215.10999999999999,66.06,27.7
67621.0,27.0,2.0,166.0,93.0,33.7,111.0,2.0,1.0,180.0,3.0,5.397605346934028e-79,1957.0,43.26,174.87,123.27999999999999,44.1
67622.0,29.0,2.0,157.9,93.1,37.3,106.5,1.0,2.0,60.0,1.0,5.397605346934028e-79,1638.0,21.91,262.36,42.839999999999996,42.7
67624.0,30.0,1.0,174.2,75.0,24.7,92.0,2.0,1.0,420.0,5.397605346934028e-79,2.0,2345.0,104.93,200.23999999999998,93.99,28.5
67627.0,25.0,1.0,172.9,112.7,37.7,118.4,1.0,1.0,480.0,3.0,3.0,3422.0,49.04,301.93000000000006,65.42,43.6
67638.0,19.0,2.0,169.9,105.8,36.7,116.0,1.0,1.0,5.0,5.0,1.0,1783.0,74.03999999999999,265.32000000000005,47.45,41.2
67640.0,58.0,1.0,172.4,91.8,30.9,113.5,2.0,1.0,120.0,4.0,8.0,1516.0,66.27000000000001,167.28,65.63,33.8
67642.0,24.0,2.0,154.5,74.7,31.3,93.2,2.0,1.0,180.0,3.0,5.397605346934028e-79,1621.0,53.940000000000005,235.17999999999998,55.71,38.7
67645.0,15.0,1.0,155.9,41.9,17.2,65.1,1.0,2.0,660.0,1.0,3.0,2269.0,130.45,245.93,84.96000000000001,18.7
67646.0,48.0,1.0,170.9,73.1,25.0,88.6,2.0,1.0,180.0,8.0,8.0,2608.0,170.87,359.66999999999996,57.55000000000001,23.5
67649.0,41.0,2.0,153.1,52.5,22.4,80.3,2.0,1.0,240.0,5.397605346934028e-79,8.0,2084.0,58.949999999999996,372.29999999999995,37.629999999999995,35.4
67651.0,26.0,2.0,163.7,110.1,41.1,116.2,2.0,1.0,480.0,2.0,3.0,965.0,27.37,118.67,43.85,44.4
67652.0,46.0,1.0,179.4,86.7,26.9,103.7,2.0,2.0,480.0,3.0,8.0,3949.0,122.11999999999999,455.74000000000007,150.37000000000003,27.2
67654.0,16.0,2.0,156.1,84.5,34.7,94.4,1.0,2.0,360.0,2.0,8.0,1788.0,77.45,249.09,56.19,45.4
67670.0,52.0,2.0,170.4,96.7,33.3,104.2,2.0,1.0,240.0,2.0,5.397605346934028e-79,1555.0,70.88,246.0,34.28,44.3
67673.0,13.0,2.0,164.3,84.5,31.3,95.8,1.0,1.0,540.0,5.397605346934028e-79,1.0,839.0,33.25,104.61000000000001,32.93000000000001,37.6
67677.0,36.0,1.0,182.5,118.1,35.5,128.3,2.0,2.0,360.0,3.0,5.0,6096.0,255.39,655.29,280.92,38.3
67681.0,33.0,2.0,162.5,72.9,27.6,89.0,2.0,2.0,60.0,2.0,5.0,499.0,18.84,89.94,8.29,40.5
67682.0,13.0,2.0,155.6,50.8,21.0,78.2,2.0,1.0,660.0,2.0,5.397605346934028e-79,965.0,32.92,121.53000000000002,39.06,35.6
67683.0,56.0,2.0,177.4,65.0,20.7,82.0,2.0,2.0,180.0,2.0,5.397605346934028e-79,1235.0,42.25,203.15000000000003,31.690000000000005,38.9
67686.0,12.0,1.0,162.4,49.8,18.9,72.4,1.0,1.0,540.0,2.0,1.0,2427.0,89.64000000000001,372.33,69.28,21.8
67689.0,18.0,2.0,156.7,46.5,18.9,70.7,1.0,1.0,420.0,3.0,2.0,2950.0,80.24999999999999,356.05999999999995,136.91,30.1
67690.0,40.0,2.0,163.3,94.9,35.6,106.6,1.0,1.0,480.0,3.0,3.0,1294.0,48.999999999999986,172.68,47.120000000000005,47.5
67691.0,18.0,1.0,175.1,54.6,17.8,70.8,1.0,2.0,480.0,5.0,1.0,2609.0,66.27000000000001,392.6700000000001,87.74,16.9
67692.0,12.0,2.0,161.5,71.7,27.5,85.0,1.0,1.0,600.0,3.0,1.0,768.0,25.68,109.32,27.08,37.7
67699.0,32.0,1.0,183.6,89.5,26.6,91.8,1.0,1.0,300.0,3.0,2.0,3645.0,117.47000000000001,461.45,148.48,22.5
67708.0,49.0,1.0,184.1,107.8,31.8,114.6,2.0,2.0,120.0,2.0,5.397605346934028e-79,3201.0,94.45,402.99999999999994,137.05999999999997,23.6
67711.0,17.0,1.0,171.7,70.2,23.8,72.3,1.0,2.0,480.0,2.0,4.0,955.0,32.89,150.74,24.79,18.7
67712.0,15.0,1.0,168.5,59.3,20.9,70.2,2.0,1.0,8.0,2.0,5.397605346934028e-79,885.0,56.18,110.74000000000001,24.85,16.9
67718.0,49.0,2.0,171.6,113.4,38.5,115.3,2.0,1.0,660.0,5.397605346934028e-79,1.0,1898.0,55.58,229.87,88.09,47.4
67722.0,20.0,1.0,176.6,74.5,23.9,77.5,1.0,2.0,300.0,1.0,1.0,5577.0,179.32000000000002,630.34,261.65999999999997,16.9
67726.0,50.0,2.0,151.9,65.5,28.4,89.2,2.0,2.0,120.0,2.0,1.0,1220.0,41.730000000000004,142.9,57.68000000000001,37.8
67727.0,32.0,2.0,164.0,74.5,27.7,94.3,2.0,1.0,300.0,8.0,8.0,2136.0,60.57000000000001,267.48,94.53000000000002,38.5
67730.0,14.0,1.0,166.5,62.0,22.4,78.9,1.0,1.0,600.0,1.0,5.0,2974.0,121.42,270.07000000000005,158.29,25.8
67733.0,18.0,2.0,152.8,57.8,24.8,83.7,2.0,2.0,600.0,2.0,2.0,2046.0,52.15,258.27000000000004,90.67999999999999,41.4
67735.0,16.0,1.0,172.9,53.7,18.0,67.9,1.0,1.0,480.0,5.397605346934028e-79,4.0,2015.0,88.36,329.43,34.14,16.7
67737.0,25.0,2.0,158.8,45.1,17.9,68.2,2.0,1.0,600.0,1.0,5.397605346934028e-79,2377.0,77.42000000000002,358.35,79.83999999999999,26.9
67739.0,17.0,2.0,163.8,55.6,20.7,72.8,1.0,1.0,360.0,2.0,1.0,1733.0,66.2,249.32,53.150000000000006,26.7
67743.0,51.0,1.0,179.2,71.6,22.3,80.5,1.0,2.0,180.0,3.0,8.0,938.0,21.259999999999998,180.24,19.3,18.3
67752.0,14.0,1.0,160.1,47.4,18.5,65.8,1.0,2.0,600.0,3.0,1.0,899.0,13.36,144.04999999999998,33.15,15.6
67756.0,28.0,1.0,183.5,105.3,31.3,98.7,2.0,2.0,120.0,3.0,3.0,3895.0,89.06,464.62,189.10999999999999,26.4
67760.0,17.0,1.0,183.5,87.3,25.9,90.4,1.0,2.0,840.0,1.0,5.0,1377.0,53.39999999999999,155.69,60.35000000000001,21.3
67761.0,20.0,1.0,168.3,53.6,18.9,69.5,2.0,2.0,360.0,4.0,8.0,2386.0,74.83,279.78999999999996,110.1,17.3
67768.0,14.0,2.0,152.5,51.5,22.1,80.5,2.0,1.0,480.0,2.0,1.0,2598.0,71.48,407.63,76.03999999999999,33.3
67771.0,13.0,1.0,174.5,60.3,19.8,72.2,2.0,1.0,540.0,4.0,1.0,1181.0,36.86,174.92999999999998,38.519999999999996,22.4
67774.0,34.0,1.0,178.3,75.4,23.7,92.2,2.0,2.0,480.0,5.397605346934028e-79,3.0,2780.0,123.71,269.2800000000001,139.14000000000004,25.0
67775.0,29.0,2.0,164.2,64.5,23.9,76.0,1.0,1.0,180.0,3.0,5.397605346934028e-79,3700.0,123.92999999999999,509.83000000000004,139.69,27.9
67776.0,54.0,1.0,162.3,81.3,30.9,108.5,2.0,2.0,180.0,3.0,8.0,2004.0,101.02,313.18999999999994,44.97,27.8
67778.0,31.0,1.0,183.0,90.8,27.1,92.5,2.0,2.0,480.0,3.0,3.0,3403.0,109.52999999999999,439.69999999999993,140.04,26.1
67779.0,56.0,2.0,164.0,66.0,24.5,79.8,2.0,1.0,420.0,4.0,1.0,1680.0,61.29999999999999,195.61,78.48,38.4
67781.0,41.0,2.0,161.3,57.6,22.1,83.2,2.0,1.0,120.0,5.397605346934028e-79,1.0,1078.0,48.92999999999999,112.0,40.269999999999996,33.3
67782.0,44.0,1.0,171.1,108.9,37.2,111.5,2.0,2.0,600.0,4.0,1.0,2308.0,77.37000000000002,279.28,103.71,31.1
67784.0,18.0,2.0,153.8,52.3,22.1,75.1,1.0,2.0,240.0,1.0,5.397605346934028e-79,1642.0,65.10000000000001,188.64,69.91,34.1
67785.0,38.0,2.0,163.1,65.1,24.5,85.5,2.0,1.0,480.0,8.0,8.0,1847.0,86.34,205.94000000000003,75.21000000000001,30.3
67786.0,45.0,1.0,178.2,90.8,28.6,106.6,2.0,2.0,720.0,3.0,8.0,2721.0,80.25000000000001,221.24,170.61,32.1
67787.0,44.0,1.0,173.0,62.0,20.7,79.6,1.0,1.0,360.0,3.0,8.0,2764.0,74.73,369.71000000000004,111.68,23.2
67793.0,39.0,1.0,160.3,79.1,30.8,93.6,1.0,1.0,120.0,1.0,5.397605346934028e-79,2125.0,97.96,251.58,80.91,24.1
67798.0,51.0,1.0,178.2,73.2,23.1,87.5,2.0,2.0,120.0,5.397605346934028e-79,5.397605346934028e-79,3583.0,93.03,309.72,190.79999999999998,25.6
67799.0,38.0,2.0,158.4,94.9,37.8,106.0,2.0,1.0,180.0,1.0,5.397605346934028e-79,1023.0,41.57000000000001,107.36999999999999,50.19,41.1
67806.0,16.0,2.0,165.7,59.2,21.6,78.9,2.0,2.0,600.0,2.0,5.397605346934028e-79,2946.0,61.67,411.38,49.4,29.3
67814.0,19.0,2.0,166.6,111.9,40.3,126.2,2.0,1.0,720.0,5.0,2.0,2893.0,80.36000000000001,420.06000000000006,103.42000000000002,40.2
67816.0,14.0,1.0,163.5,41.4,15.5,60.2,2.0,1.0,360.0,4.0,2.0,1497.0,15.54,228.91000000000003,61.45,19.3
67817.0,55.0,1.0,173.0,89.6,29.9,106.3,2.0,2.0,60.0,5.397605346934028e-79,8.0,1852.0,67.36999999999999,268.56,61.160000000000004,28.1
67820.0,47.0,2.0,164.8,79.9,29.4,96.5,1.0,2.0,180.0,3.0,2.0,2082.0,79.29,218.12,100.28,38.3
67823.0,15.0,2.0,157.4,52.9,21.4,73.9,2.0,2.0,360.0,5.397605346934028e-79,5.397605346934028e-79,1665.0,75.0,194.41000000000003,67.45,31.9
67824.0,40.0,1.0,174.4,64.8,21.3,82.2,2.0,1.0,420.0,2.0,5.397605346934028e-79,1832.0,60.260000000000005,255.41,53.86999999999999,26.2
67826.0,51.0,1.0,179.3,87.0,27.1,96.5,1.0,1.0,600.0,2.0,8.0,1906.0,75.26,177.62,62.97,21.9
67827.0,53.0,1.0,172.2,77.4,26.1,95.7,1.0,1.0,360.0,2.0,1.0,2726.0,56.91,349.64,126.49999999999999,22.9
67829.0,19.0,1.0,170.3,68.0,23.4,81.0,1.0,2.0,360.0,5.397605346934028e-79,2.0,1874.0,182.25000000000003,53.02,100.32000000000001,21.5
67834.0,33.0,2.0,164.5,76.3,28.2,94.0,1.0,1.0,720.0,2.0,5.0,2174.0,116.06,170.69,120.24999999999999,41.4
67836.0,24.0,1.0,189.5,76.1,21.2,85.0,1.0,2.0,420.0,2.0,1.0,2181.0,68.57000000000001,231.73,105.13000000000004,19.1
67840.0,28.0,1.0,174.0,88.8,29.3,97.0,1.0,2.0,600.0,2.0,2.0,2405.0,184.45999999999998,201.74,96.48,26.5
67841.0,58.0,1.0,170.1,72.4,25.0,94.9,1.0,2.0,300.0,2.0,1.0,3337.0,101.47,431.32000000000005,144.88000000000002,29.5
67845.0,49.0,1.0,187.3,100.6,28.7,103.5,1.0,1.0,180.0,2.0,1.0,2734.0,48.480000000000004,408.45,110.25,28.2
67846.0,15.0,1.0,173.6,65.6,21.8,75.7,1.0,1.0,600.0,2.0,5.397605346934028e-79,4530.0,130.13000000000002,573.04,195.23000000000002,16.8
67853.0,37.0,1.0,170.0,73.0,25.3,87.1,2.0,2.0,120.0,3.0,8.0,1030.0,61.39,77.22,38.22,22.1
67855.0,58.0,1.0,155.3,61.6,25.5,88.0,2.0,1.0,240.0,5.397605346934028e-79,1.0,1985.0,57.96,306.28000000000003,61.260000000000005,35.2
67857.0,25.0,2.0,160.2,46.3,18.0,71.0,1.0,2.0,240.0,2.0,1.0,1218.0,64.67,155.24,33.74,26.4
67860.0,14.0,2.0,150.5,45.3,20.0,69.1,2.0,1.0,300.0,2.0,8.0,1084.0,14.83,237.53000000000003,11.209999999999999,28.6
67863.0,50.0,2.0,171.5,62.0,21.1,88.2,2.0,1.0,120.0,2.0,2.0,1980.0,40.35000000000001,177.76,58.73,32.4
67864.0,22.0,2.0,149.5,49.9,22.3,75.1,1.0,2.0,480.0,2.0,3.0,1015.0,32.1,153.5,30.72,33.4
67865.0,59.0,1.0,166.3,75.8,27.4,99.3,2.0,2.0,600.0,3.0,1.0,2191.0,67.92000000000002,343.31999999999994,62.38,32.8
67870.0,20.0,2.0,166.0,63.4,23.0,72.3,1.0,1.0,600.0,5.397605346934028e-79,8.0,1382.0,34.66,171.65999999999997,51.239999999999995,36.5
67873.0,50.0,2.0,148.8,80.0,36.1,107.4,2.0,2.0,60.0,1.0,8.0,1618.0,54.10999999999999,202.90000000000003,68.73,41.6
67879.0,45.0,2.0,167.1,68.6,24.6,78.7,1.0,1.0,180.0,3.0,2.0,743.0,51.06999999999999,62.55,31.46,31.0
67880.0,13.0,1.0,165.5,70.5,25.7,86.7,2.0,2.0,300.0,3.0,3.0,1947.0,77.42,235.4,78.16999999999999,30.5
67881.0,17.0,2.0,149.9,40.9,18.2,61.7,2.0,1.0,480.0,5.397605346934028e-79,8.0,1428.0,44.48,155.2,69.88999999999999,22.9
67889.0,42.0,2.0,158.2,76.8,30.7,98.2,2.0,1.0,240.0,2.0,5.397605346934028e-79,1264.0,47.74999999999999,136.04999999999998,55.019999999999996,43.2
67891.0,29.0,2.0,161.4,58.6,22.5,73.0,1.0,2.0,420.0,2.0,2.0,1569.0,97.39999999999999,183.89,52.11000000000001,37.3
67893.0,34.0,1.0,188.2,94.6,26.7,101.8,1.0,2.0,600.0,2.0,1.0,2634.0,142.78,297.73,102.49000000000001,24.4
67896.0,17.0,1.0,166.9,53.3,19.1,68.8,2.0,2.0,720.0,2.0,1.0,2323.0,59.83,342.34,81.16000000000001,15.6
67902.0,21.0,1.0,174.1,82.8,27.3,95.9,2.0,2.0,300.0,3.0,8.0,6260.0,289.06,636.3100000000001,283.87,23.6
67907.0,37.0,2.0,164.5,65.7,24.3,80.0,2.0,2.0,180.0,1.0,5.397605346934028e-79,715.0,29.65,101.22000000000001,21.39,43.1
67908.0,28.0,1.0,181.7,123.0,37.3,117.7,2.0,1.0,600.0,1.0,5.397605346934028e-79,4035.0,106.13,712.1500000000002,109.5,32.6
67911.0,15.0,1.0,170.9,55.4,19.0,71.5,1.0,1.0,540.0,2.0,2.0,3512.0,86.03,563.9000000000001,105.69999999999999,16.7
67915.0,24.0,1.0,174.8,65.7,21.5,80.9,2.0,2.0,180.0,5.397605346934028e-79,2.0,1786.0,117.04000000000002,217.67,49.53,27.5
67917.0,27.0,1.0,173.3,80.8,26.9,93.3,2.0,1.0,240.0,8.0,3.0,2708.0,80.37999999999998,362.93999999999994,93.42,24.4
67918.0,19.0,2.0,168.3,85.2,30.1,91.6,2.0,2.0,720.0,4.0,5.0,1373.0,44.760000000000005,280.33,7.43,41.4
67924.0,45.0,2.0,158.5,79.7,31.7,105.8,1.0,1.0,600.0,1.0,5.397605346934028e-79,3064.0,116.37000000000002,305.16999999999996,123.30000000000001,42.1
67925.0,51.0,2.0,157.2,105.5,42.7,117.7,2.0,1.0,480.0,4.0,2.0,1424.0,95.14000000000001,161.95999999999998,43.86,46.1
67927.0,32.0,1.0,176.0,74.0,23.9,87.8,1.0,2.0,780.0,5.397605346934028e-79,1.0,2144.0,77.99999999999999,212.77000000000004,82.96,27.8
67928.0,34.0,2.0,154.2,76.4,32.1,98.3,2.0,1.0,360.0,2.0,5.397605346934028e-79,1732.0,38.730000000000004,306.07,43.160000000000004,42.3
67933.0,12.0,1.0,154.4,46.1,19.3,67.7,1.0,1.0,540.0,3.0,2.0,2454.0,94.14999999999999,312.39000000000004,94.35999999999999,23.9
67934.0,16.0,2.0,156.6,45.9,18.7,75.6,2.0,1.0,540.0,1.0,8.0,1965.0,44.49,207.06,111.72000000000001,37.1
67936.0,13.0,1.0,169.9,56.2,19.5,74.5,1.0,1.0,480.0,2.0,2.0,3064.0,126.60000000000001,398.79999999999995,107.18999999999998,21.8
67938.0,27.0,2.0,156.0,53.4,21.9,68.5,1.0,2.0,360.0,5.397605346934028e-79,5.0,1370.0,98.35,116.47,58.97,21.9
67951.0,59.0,2.0,165.1,104.9,38.5,121.2,2.0,1.0,180.0,2.0,8.0,870.0,26.01,134.36,25.61,45.9
67954.0,15.0,1.0,166.6,53.7,19.3,72.0,1.0,1.0,300.0,2.0,2.0,2742.0,159.65,355.88,81.9,17.8
67955.0,12.0,2.0,163.6,61.5,23.0,80.0,2.0,2.0,600.0,2.0,1.0,599.0,25.450000000000003,59.82000000000001,29.259999999999998,35.2
67957.0,50.0,1.0,171.0,56.2,19.2,75.2,2.0,2.0,300.0,2.0,5.397605346934028e-79,4398.0,156.86999999999998,433.34000000000003,157.21,15.1
67959.0,13.0,1.0,174.3,53.5,17.6,64.5,1.0,2.0,720.0,1.0,1.0,1140.0,26.799999999999997,137.62,56.480000000000004,15.5
67960.0,40.0,2.0,155.3,50.3,20.9,78.8,2.0,1.0,60.0,5.0,5.397605346934028e-79,2386.0,62.72,334.64,91.41,33.8
67966.0,20.0,1.0,177.6,62.6,19.8,77.4,2.0,2.0,360.0,5.0,5.0,3632.0,119.94000000000003,523.44,121.64999999999999,25.0
67967.0,52.0,1.0,188.3,106.7,30.1,116.5,2.0,1.0,360.0,1.0,3.0,1720.0,80.17999999999999,162.09,83.52000000000001,32.8
67969.0,40.0,2.0,149.1,67.9,30.5,97.5,2.0,2.0,480.0,4.0,1.0,2135.0,68.8,270.7900000000001,89.19,46.2
67972.0,30.0,1.0,178.8,97.5,30.5,105.3,2.0,2.0,420.0,8.0,3.0,3136.0,99.57999999999998,354.5,132.8,26.0
67974.0,27.0,1.0,173.6,133.9,44.4,128.7,2.0,2.0,240.0,2.0,5.397605346934028e-79,1416.0,56.809999999999995,208.6,41.230000000000004,40.9
67977.0,56.0,2.0,164.1,80.6,29.9,92.1,2.0,2.0,600.0,5.397605346934028e-79,8.0,2667.0,145.44,280.57,111.64000000000003,45.3
67981.0,19.0,1.0,177.9,91.5,28.9,102.8,1.0,2.0,240.0,4.0,1.0,2095.0,81.66000000000001,297.46000000000004,67.42,29.1
67984.0,20.0,1.0,170.4,61.7,21.2,77.0,1.0,1.0,300.0,5.0,5.397605346934028e-79,2634.0,137.5,403.86999999999995,73.41,24.1
67985.0,13.0,1.0,160.9,74.8,28.9,91.3,1.0,1.0,480.0,1.0,5.397605346934028e-79,4052.0,186.84,366.59,202.95999999999998,38.1
67988.0,14.0,1.0,173.0,66.3,22.2,81.8,1.0,1.0,720.0,2.0,1.0,5011.0,213.23000000000002,434.34000000000003,267.48,21.1
67991.0,57.0,1.0,173.0,68.2,22.8,89.0,2.0,2.0,300.0,5.397605346934028e-79,1.0,1489.0,59.769999999999996,154.33,61.370000000000005,26.0
67992.0,41.0,1.0,177.7,100.2,31.7,103.9,1.0,1.0,360.0,2.0,5.397605346934028e-79,3752.0,229.29000000000002,395.2200000000001,115.52000000000001,23.3
67998.0,52.0,2.0,163.3,65.2,24.4,83.0,2.0,1.0,480.0,2.0,1.0,3026.0,151.51,373.31,110.57000000000001,35.8
67999.0,52.0,2.0,162.6,67.7,25.6,89.1,2.0,1.0,360.0,2.0,5.0,1041.0,19.689999999999998,214.06,14.96,40.2
68004.0,33.0,2.0,160.6,55.8,21.6,76.6,2.0,1.0,480.0,2.0,5.397605346934028e-79,1228.0,46.64000000000001,163.53,40.73,31.6
68005.0,21.0,1.0,178.9,81.3,25.4,80.6,1.0,1.0,360.0,2.0,2.0,4491.0,150.92,453.67,138.92,16.1
68006.0,13.0,1.0,164.9,64.1,23.6,74.5,1.0,1.0,900.0,2.0,8.0,4130.0,233.31,472.13,147.83,25.7
68007.0,33.0,2.0,162.3,56.9,21.6,82.8,2.0,2.0,540.0,5.397605346934028e-79,1.0,1543.0,77.72,165.60999999999999,66.66,37.9
68009.0,14.0,2.0,159.5,65.2,25.6,76.0,2.0,1.0,360.0,2.0,5.397605346934028e-79,1848.0,56.859999999999985,297.4,50.98,29.1
68011.0,27.0,2.0,165.6,119.5,43.6,120.1,2.0,1.0,420.0,3.0,1.0,2245.0,76.04,333.54,69.64,45.6
68014.0,16.0,1.0,176.2,57.8,18.6,74.3,2.0,1.0,240.0,8.0,1.0,1082.0,57.879999999999995,135.24,33.86,24.4
68016.0,56.0,2.0,158.4,100.8,40.2,129.1,2.0,2.0,900.0,4.0,2.0,1925.0,71.65,274.75999999999993,63.24,45.1
68019.0,12.0,1.0,157.4,63.8,25.8,88.7,1.0,2.0,540.0,3.0,8.0,2930.0,147.22,328.27,113.16,32.4
68025.0,19.0,2.0,170.7,60.0,20.6,80.8,2.0,2.0,300.0,2.0,5.397605346934028e-79,1150.0,69.62,168.08,25.099999999999998,34.6
68027.0,41.0,2.0,161.4,86.2,33.1,100.3,2.0,2.0,600.0,1.0,1.0,2524.0,83.35000000000001,298.84999999999997,52.05,41.1
68040.0,25.0,1.0,185.1,109.9,32.1,111.9,2.0,1.0,240.0,4.0,2.0,3333.0,138.82999999999998,420.26,124.53,29.4
68042.0,23.0,1.0,170.5,49.4,17.0,69.5,1.0,2.0,60.0,1.0,5.397605346934028e-79,1565.0,33.449999999999996,259.54,46.03999999999999,16.2
68043.0,32.0,2.0,167.7,65.5,23.3,78.5,1.0,2.0,540.0,2.0,5.397605346934028e-79,1711.0,89.83,193.29,69.03999999999999,31.2
68044.0,58.0,2.0,162.4,66.9,25.4,95.0,2.0,1.0,540.0,5.0,2.0,804.0,14.4,85.29,13.44,39.2
68045.0,13.0,2.0,171.7,76.2,25.8,88.1,1.0,2.0,480.0,2.0,1.0,1557.0,57.77,174.13000000000002,73.71,27.0
68052.0,39.0,1.0,183.1,108.2,32.3,118.5,2.0,2.0,420.0,3.0,8.0,2336.0,79.74,289.23,98.08999999999999,28.6
68058.0,50.0,1.0,181.7,100.9,30.6,113.6,2.0,2.0,240.0,2.0,5.397605346934028e-79,2534.0,82.07000000000002,237.52,142.32,33.0
68060.0,18.0,1.0,169.9,112.1,38.8,123.7,2.0,1.0,600.0,5.0,5.397605346934028e-79,2183.0,68.58000000000001,328.83,75.31,43.7
68061.0,35.0,2.0,156.0,50.0,20.5,78.0,1.0,1.0,300.0,2.0,1.0,1384.0,82.80999999999999,124.36999999999999,61.72999999999999,33.7
68062.0,28.0,1.0,169.1,67.7,23.7,84.4,2.0,1.0,240.0,4.0,2.0,2151.0,81.22999999999999,277.36000000000007,82.09,24.9
68063.0,51.0,1.0,165.9,57.1,20.7,74.6,1.0,2.0,240.0,4.0,8.0,2363.0,82.98,324.11,58.530000000000015,14.8
68065.0,20.0,2.0,156.3,61.7,25.3,82.5,1.0,2.0,420.0,5.0,5.0,3224.0,84.77,331.99999999999994,179.98999999999998,32.1
68070.0,47.0,1.0,165.0,81.2,29.8,100.6,2.0,2.0,480.0,3.0,8.0,8007.0,208.98000000000005,631.1999999999999,327.91999999999996,28.8
68072.0,14.0,1.0,178.3,87.7,27.6,102.4,1.0,1.0,840.0,5.0,1.0,2377.0,85.60999999999999,281.11,102.46,37.3
68073.0,58.0,1.0,183.4,89.6,26.6,94.3,1.0,2.0,480.0,4.0,5.0,1302.0,77.99,161.71999999999997,40.120000000000005,27.8
68075.0,59.0,1.0,169.6,71.3,24.8,90.2,2.0,2.0,60.0,1.0,1.0,1878.0,45.709999999999994,330.75,45.42999999999999,24.8
68076.0,30.0,1.0,185.4,94.6,27.5,105.0,2.0,1.0,180.0,3.0,1.0,1153.0,38.709999999999994,175.19,33.25,30.7
68078.0,38.0,2.0,159.6,65.8,25.8,89.6,2.0,2.0,240.0,2.0,5.397605346934028e-79,929.0,18.669999999999998,153.56,28.929999999999996,42.7
68079.0,49.0,2.0,163.1,66.0,24.8,83.0,2.0,2.0,480.0,5.0,5.0,1055.0,23.610000000000003,222.79000000000002,13.930000000000001,35.1
68084.0,20.0,1.0,184.4,87.5,25.7,80.3,1.0,2.0,360.0,1.0,3.0,3677.0,194.16,511.52,93.02000000000001,14.5
68085.0,16.0,2.0,145.2,41.7,19.8,70.7,2.0,2.0,360.0,5.0,3.0,956.0,36.58,88.66,51.56,31.5
68087.0,12.0,1.0,162.9,75.7,28.5,86.8,1.0,1.0,540.0,2.0,2.0,821.0,35.400000000000006,94.02,34.45,28.4
68089.0,46.0,1.0,182.3,87.9,26.4,95.0,2.0,2.0,240.0,2.0,5.397605346934028e-79,2699.0,92.47,387.81,95.3,31.5
68090.0,13.0,1.0,171.2,56.7,19.3,71.5,1.0,1.0,600.0,5.0,2.0,2456.0,57.080000000000005,304.07,115.74,20.7
68093.0,47.0,1.0,172.4,83.2,28.0,96.0,2.0,2.0,240.0,5.397605346934028e-79,5.0,1801.0,56.39,169.21,60.89,29.5
68099.0,35.0,2.0,143.1,65.8,32.1,101.7,2.0,2.0,60.0,5.397605346934028e-79,8.0,1756.0,55.97,266.51000000000005,55.68,40.4
68104.0,18.0,1.0,172.9,74.1,24.8,79.2,1.0,1.0,180.0,3.0,2.0,1493.0,54.25,261.7099999999999,30.089999999999996,18.1
68105.0,58.0,2.0,162.9,85.8,32.3,107.0,2.0,2.0,600.0,4.0,5.0,3105.0,106.91000000000001,303.99,147.78000000000003,41.4
68109.0,45.0,1.0,170.3,78.7,27.1,93.1,2.0,1.0,180.0,1.0,5.397605346934028e-79,2688.0,86.47,274.53,69.65,21.8
68112.0,52.0,1.0,171.6,93.7,31.8,105.5,1.0,1.0,300.0,4.0,2.0,2022.0,90.26999999999997,258.94999999999993,76.34000000000002,28.8
68114.0,16.0,2.0,163.6,65.5,24.5,83.1,1.0,1.0,180.0,5.0,2.0,1841.0,52.989999999999995,240.07999999999998,76.03999999999999,33.6
68117.0,28.0,1.0,170.9,92.1,31.5,105.5,2.0,1.0,240.0,3.0,1.0,2279.0,62.150000000000006,335.28999999999996,82.14,27.5
68119.0,30.0,1.0,186.6,85.2,24.5,96.8,2.0,2.0,360.0,4.0,4.0,2540.0,149.97,260.14,76.61000000000001,25.1
68120.0,25.0,2.0,154.8,64.2,26.8,83.4,2.0,2.0,240.0,5.0,8.0,2574.0,103.99,314.97,104.66,35.1
68125.0,15.0,1.0,168.9,48.4,17.0,63.5,1.0,1.0,540.0,5.397605346934028e-79,1.0,2003.0,69.31000000000002,215.84,96.43,16.4
68128.0,58.0,1.0,177.0,81.7,26.1,110.5,2.0,1.0,420.0,4.0,5.397605346934028e-79,1697.0,62.99999999999999,235.28000000000003,59.92,33.5
68131.0,39.0,2.0,161.3,59.0,22.7,80.8,1.0,1.0,180.0,1.0,1.0,2594.0,84.54000000000002,313.57,114.09,28.8
68133.0,44.0,1.0,173.3,84.0,28.0,103.0,2.0,2.0,420.0,1.0,5.0,2214.0,72.94,306.7800000000001,77.8,32.7
68134.0,32.0,1.0,172.3,94.5,31.8,104.7,2.0,2.0,60.0,1.0,5.397605346934028e-79,4197.0,200.71999999999994,484.84999999999997,166.93,29.9
68135.0,50.0,1.0,170.8,86.2,29.5,104.2,2.0,1.0,600.0,3.0,1.0,2834.0,120.28999999999999,347.03,109.59999999999997,29.6
68136.0,15.0,1.0,167.5,61.4,21.9,71.2,1.0,2.0,480.0,3.0,1.0,2662.0,98.66000000000001,312.86,115.96,18.1
68139.0,52.0,2.0,165.5,70.6,25.8,98.8,2.0,2.0,600.0,1.0,5.397605346934028e-79,2024.0,84.89999999999999,183.97999999999996,98.08999999999999,33.8
68140.0,30.0,1.0,175.7,76.9,24.9,77.3,2.0,1.0,480.0,5.0,4.0,4765.0,177.24999999999997,568.7500000000001,165.51999999999995,16.7
68142.0,36.0,1.0,168.0,61.3,21.7,74.0,1.0,1.0,480.0,2.0,4.0,3121.0,113.28,403.27,128.53,20.5
68150.0,13.0,1.0,174.2,75.5,24.9,84.5,2.0,1.0,420.0,5.397605346934028e-79,1.0,1925.0,52.94,311.27,54.05,27.0
68151.0,29.0,1.0,172.1,78.8,26.6,88.8,1.0,2.0,120.0,5.0,5.0,3108.0,164.25999999999996,224.00999999999996,149.15999999999997,23.0
68152.0,56.0,1.0,173.5,109.3,36.3,121.1,2.0,2.0,300.0,5.0,8.0,4128.0,135.12,673.9000000000001,103.71000000000001,29.4
68153.0,14.0,1.0,168.4,56.5,19.9,75.9,2.0,2.0,360.0,5.397605346934028e-79,8.0,1380.0,56.26,211.61,39.27000000000001,23.6
68157.0,24.0,2.0,159.5,52.9,20.8,74.0,2.0,2.0,780.0,3.0,2.0,1358.0,84.22000000000001,194.93,29.84,32.3
68164.0,14.0,2.0,156.7,46.1,18.8,71.0,1.0,2.0,720.0,2.0,2.0,1482.0,60.09,173.13999999999996,61.96,28.8
68169.0,23.0,2.0,163.5,70.7,26.4,90.4,2.0,1.0,300.0,5.397605346934028e-79,3.0,1502.0,51.86,189.7,62.510000000000005,38.1
68170.0,37.0,1.0,185.4,129.8,37.8,129.5,2.0,2.0,300.0,3.0,5.0,2493.0,93.86000000000001,358.12,82.87,33.3
68171.0,58.0,2.0,148.4,89.1,40.5,115.0,2.0,1.0,60.0,1.0,8.0,925.0,50.14,127.71999999999998,24.92,45.1
68173.0,38.0,1.0,169.1,89.5,31.3,103.0,2.0,2.0,120.0,2.0,2.0,2646.0,63.98,432.73999999999995,81.13,24.7
68180.0,31.0,1.0,165.6,69.5,25.3,76.3,1.0,1.0,180.0,4.0,4.0,3274.0,144.46,395.76,93.41000000000001,21.1
68182.0,47.0,1.0,175.3,89.4,29.1,98.2,1.0,1.0,300.0,1.0,2.0,2911.0,145.89000000000001,308.77000000000004,125.71999999999998,26.3
68185.0,29.0,1.0,186.6,69.2,19.9,81.4,2.0,1.0,180.0,4.0,8.0,5600.0,140.70999999999998,899.6800000000001,173.32999999999996,16.0
68186.0,17.0,2.0,153.8,49.6,21.0,73.2,2.0,2.0,840.0,2.0,1.0,1720.0,75.19,200.06000000000003,71.61000000000001,37.5
68191.0,56.0,2.0,165.6,75.5,27.5,101.2,2.0,2.0,240.0,5.397605346934028e-79,8.0,2929.0,120.61999999999999,261.49,114.53999999999998,40.2
68194.0,15.0,1.0,169.1,58.5,20.5,75.1,1.0,2.0,900.0,4.0,2.0,1838.0,39.910000000000004,321.2,48.04,22.6
68196.0,45.0,2.0,164.1,75.4,28.0,96.5,2.0,2.0,540.0,5.0,1.0,2756.0,98.30999999999997,140.31,211.04999999999995,45.9
68197.0,59.0,1.0,175.8,98.6,31.9,111.2,2.0,2.0,480.0,2.0,8.0,2098.0,60.019999999999996,304.39,71.5,30.1
68198.0,32.0,1.0,186.0,82.8,23.9,86.8,2.0,2.0,360.0,4.0,4.0,2884.0,122.53999999999999,415.03,82.21,19.3
68199.0,30.0,2.0,156.1,95.3,39.1,104.4,2.0,1.0,180.0,1.0,1.0,1967.0,80.41999999999999,172.64999999999998,107.52,44.0
68200.0,51.0,1.0,174.7,68.0,22.3,80.0,1.0,1.0,120.0,2.0,5.397605346934028e-79,4011.0,152.09999999999997,474.9099999999999,171.37,19.7
68201.0,12.0,2.0,158.7,45.7,18.1,71.0,1.0,2.0,600.0,3.0,1.0,1286.0,38.47,167.17999999999998,54.91,34.6
68204.0,18.0,2.0,168.5,73.0,25.7,89.0,2.0,1.0,120.0,1.0,1.0,1863.0,58.96,273.69000000000005,60.32,38.3
68206.0,35.0,2.0,161.4,86.8,33.3,105.4,2.0,1.0,180.0,2.0,1.0,2509.0,60.94000000000001,375.23999999999995,83.25999999999999,48.7
68207.0,36.0,1.0,177.1,122.4,39.0,130.6,1.0,1.0,480.0,4.0,8.0,2502.0,129.48,285.06000000000006,96.25,37.3
68208.0,16.0,1.0,166.7,53.0,19.1,73.3,1.0,1.0,540.0,5.397605346934028e-79,5.0,1859.0,64.67999999999999,256.1,65.50000000000001,15.7
68209.0,15.0,1.0,164.5,54.4,20.1,75.7,1.0,2.0,600.0,1.0,3.0,3182.0,129.18,292.99,167.77,21.2
68210.0,27.0,1.0,164.5,60.5,22.4,77.2,1.0,1.0,360.0,1.0,5.397605346934028e-79,2190.0,78.81,338.05,62.66,18.1
68215.0,14.0,2.0,162.6,62.4,23.6,77.2,2.0,2.0,9999.0,5.397605346934028e-79,5.397605346934028e-79,876.0,32.38,98.81,40.62,28.6
68217.0,19.0,2.0,159.0,78.6,31.1,94.3,2.0,2.0,300.0,5.0,1.0,3129.0,87.11999999999999,398.08,135.36000000000004,38.1
68219.0,20.0,1.0,182.2,109.3,32.9,97.3,1.0,2.0,420.0,5.0,2.0,2675.0,95.46999999999998,351.17999999999995,96.31,20.3
68220.0,14.0,1.0,168.0,53.7,19.0,66.9,2.0,2.0,720.0,3.0,5.0,1752.0,48.5,180.9,94.22,16.4
68222.0,36.0,1.0,165.3,109.4,40.0,120.1,2.0,2.0,240.0,3.0,1.0,2371.0,80.17999999999999,168.31,81.92,34.0
68227.0,56.0,2.0,160.8,82.1,31.8,98.2,2.0,2.0,180.0,3.0,8.0,3332.0,57.709999999999994,582.4999999999998,90.63,43.8
68229.0,36.0,2.0,169.8,88.9,30.8,101.8,1.0,1.0,600.0,4.0,5.0,1322.0,37.28,251.63,21.58,38.6
68230.0,22.0,2.0,165.1,63.7,23.4,83.6,2.0,1.0,240.0,2.0,3.0,2206.0,41.510000000000005,240.85,56.13,33.5
68231.0,13.0,1.0,168.3,54.9,19.4,68.4,1.0,1.0,540.0,1.0,2.0,3166.0,132.86,413.30999999999995,110.91999999999999,29.3
68236.0,41.0,2.0,156.5,115.5,47.2,132.3,2.0,2.0,720.0,5.0,5.0,1696.0,87.47,173.66,72.47999999999999,48.7
68240.0,19.0,1.0,174.0,64.2,21.2,77.5,2.0,1.0,240.0,3.0,8.0,2847.0,109.68,324.59999999999997,131.9,22.8
68243.0,13.0,1.0,165.7,57.8,21.1,75.2,1.0,1.0,540.0,1.0,1.0,2861.0,182.63,338.5,85.95000000000002,30.6
68244.0,49.0,1.0,174.2,83.2,27.4,99.2,2.0,2.0,120.0,2.0,1.0,6490.0,250.98999999999998,878.5599999999998,230.01,23.7
68245.0,24.0,2.0,162.6,78.1,29.5,100.2,2.0,2.0,60.0,2.0,1.0,1359.0,20.459999999999997,177.86999999999998,27.11,39.6
68248.0,15.0,1.0,176.4,63.7,20.5,71.8,2.0,2.0,600.0,3.0,5.0,3179.0,96.46,442.91000000000014,115.09,14.2
68250.0,50.0,2.0,151.2,77.3,33.8,105.1,2.0,1.0,240.0,5.0,8.0,1859.0,104.71,94.77,28.41,39.7
68251.0,34.0,2.0,164.3,122.1,45.2,133.4,2.0,2.0,180.0,3.0,2.0,2149.0,87.08000000000001,151.20999999999998,80.09,45.4
68257.0,12.0,1.0,156.4,63.6,26.0,88.4,1.0,2.0,540.0,1.0,3.0,1501.0,52.03,200.82000000000002,53.31,33.8
68270.0,48.0,2.0,161.0,88.1,34.0,112.5,2.0,1.0,180.0,1.0,8.0,2257.0,91.28000000000002,259.78,96.30000000000001,39.9
68271.0,43.0,1.0,170.1,74.1,25.6,83.0,2.0,2.0,60.0,5.397605346934028e-79,5.397605346934028e-79,3477.0,101.85000000000001,419.07000000000005,158.43000000000004,22.6
68273.0,31.0,1.0,183.5,93.6,27.8,100.9,1.0,1.0,600.0,1.0,1.0,3783.0,202.77000000000004,422.61999999999995,147.18999999999994,24.0
68274.0,12.0,1.0,151.1,34.0,14.9,61.0,1.0,2.0,480.0,1.0,1.0,865.0,44.44,104.13999999999999,28.83,23.1
68279.0,20.0,1.0,167.9,70.3,24.9,83.3,2.0,1.0,300.0,3.0,4.0,3853.0,92.47999999999999,477.61,182.25,25.5
68280.0,15.0,2.0,160.4,54.4,21.1,73.3,2.0,1.0,720.0,5.0,1.0,2008.0,73.33999999999999,288.4,63.76,32.1
68281.0,27.0,1.0,168.4,63.4,22.4,78.4,2.0,1.0,360.0,5.0,5.397605346934028e-79,4085.0,122.35000000000001,554.35,155.54,23.2
68282.0,54.0,2.0,167.9,84.3,29.9,104.0,2.0,2.0,420.0,1.0,8.0,1924.0,95.83,274.63,40.980000000000004,41.6
68283.0,54.0,2.0,156.5,65.3,26.7,92.8,2.0,2.0,480.0,1.0,1.0,1878.0,97.37,260.77000000000004,50.879999999999995,38.2
68285.0,49.0,2.0,162.2,107.8,41.0,101.9,2.0,2.0,240.0,4.0,2.0,1625.0,71.72999999999999,163.28999999999994,79.32,48.8
68286.0,16.0,2.0,164.3,53.4,19.8,81.1,2.0,1.0,480.0,5.0,5.0,2424.0,73.9,318.10999999999996,98.19,26.3
68287.0,12.0,1.0,156.3,86.7,35.5,118.0,1.0,2.0,360.0,2.0,1.0,2198.0,92.64,276.15999999999997,82.48,46.7
68288.0,28.0,1.0,166.9,88.8,31.9,104.8,2.0,2.0,60.0,2.0,8.0,2123.0,97.86000000000001,267.22,54.51,27.4
68293.0,54.0,1.0,179.6,91.1,28.2,99.2,2.0,2.0,180.0,4.0,5.397605346934028e-79,1441.0,41.0,190.77,35.66,23.2
68299.0,12.0,2.0,165.6,55.4,20.2,72.6,2.0,2.0,540.0,5.0,1.0,802.0,31.579999999999995,113.61,25.689999999999998,29.7
68300.0,16.0,1.0,166.3,55.8,20.2,69.5,2.0,2.0,300.0,2.0,2.0,1866.0,72.26,257.64,64.50000000000001,17.3
68301.0,59.0,1.0,181.6,107.6,32.6,121.3,2.0,2.0,180.0,2.0,5.397605346934028e-79,2731.0,74.22,276.87,85.07000000000001,33.7
68302.0,17.0,1.0,177.5,59.2,18.8,68.9,2.0,2.0,360.0,5.397605346934028e-79,4.0,2499.0,102.31000000000002,373.9,72.42,15.5
68303.0,16.0,2.0,154.2,57.3,24.1,79.5,1.0,1.0,360.0,3.0,1.0,1728.0,91.08000000000001,228.53000000000003,54.64999999999999,34.0
68305.0,17.0,2.0,158.0,54.1,21.7,72.2,2.0,1.0,360.0,1.0,2.0,2105.0,101.49,240.13,83.69999999999999,30.9
68306.0,17.0,1.0,169.8,80.7,28.0,95.6,2.0,2.0,480.0,2.0,5.0,3699.0,138.27,528.78,115.50999999999999,33.4
68310.0,47.0,2.0,159.8,72.7,28.5,93.1,2.0,1.0,600.0,2.0,8.0,892.0,53.260000000000005,128.23000000000002,20.64,45.6
68312.0,35.0,2.0,167.1,81.7,29.3,96.7,1.0,1.0,600.0,2.0,1.0,1811.0,79.60999999999999,195.94,58.709999999999994,40.6
68314.0,31.0,1.0,173.7,110.5,36.6,111.5,1.0,1.0,240.0,2.0,8.0,1974.0,98.69,255.78,60.089999999999996,37.1
68317.0,19.0,2.0,165.4,55.4,20.3,78.7,1.0,1.0,240.0,2.0,5.397605346934028e-79,1485.0,53.38,201.54,51.25,34.4
68319.0,43.0,2.0,162.6,80.8,30.6,101.3,2.0,1.0,360.0,5.397605346934028e-79,5.397605346934028e-79,1884.0,54.11,290.46,50.32,41.0
68322.0,32.0,1.0,175.1,89.3,29.1,98.1,1.0,1.0,240.0,2.0,1.0,2048.0,88.91,255.82000000000002,74.63999999999999,31.1
68324.0,27.0,2.0,167.7,83.9,29.8,99.4,2.0,2.0,300.0,3.0,3.0,801.0,19.880000000000003,64.58,12.27,47.7
68329.0,15.0,2.0,158.0,60.6,24.3,88.9,2.0,1.0,300.0,2.0,5.397605346934028e-79,2342.0,89.23000000000002,259.19,107.93999999999998,33.1
68332.0,17.0,2.0,164.9,50.5,18.6,72.4,1.0,1.0,300.0,4.0,2.0,2387.0,62.74999999999999,359.9,80.52,34.9
68337.0,36.0,1.0,186.8,131.3,37.6,137.8,2.0,2.0,180.0,2.0,5.0,1525.0,58.66,175.68,66.2,44.1
68338.0,51.0,1.0,176.8,68.9,22.0,92.8,2.0,2.0,180.0,2.0,8.0,2241.0,88.53,272.71,88.61000000000001,28.8
68343.0,52.0,1.0,169.1,57.9,20.2,72.3,2.0,2.0,720.0,5.0,8.0,3759.0,132.12,440.46999999999997,166.28,15.6
68344.0,40.0,1.0,182.3,99.6,30.0,106.3,2.0,2.0,240.0,5.397605346934028e-79,5.397605346934028e-79,2415.0,76.24000000000001,172.41,114.72,29.4
68345.0,18.0,2.0,156.8,59.9,24.4,73.4,2.0,1.0,240.0,5.397605346934028e-79,3.0,1840.0,50.62,224.23999999999998,85.1,31.7
68350.0,12.0,2.0,154.3,43.2,18.1,66.5,1.0,1.0,600.0,1.0,5.397605346934028e-79,1051.0,52.260000000000005,107.07000000000001,47.88,27.6
68353.0,36.0,1.0,183.0,89.8,26.8,95.3,2.0,1.0,180.0,1.0,5.397605346934028e-79,4012.0,184.45,344.85999999999996,186.21,20.5
68360.0,13.0,1.0,160.8,112.3,43.4,132.6,2.0,1.0,480.0,4.0,1.0,866.0,46.68,93.59,33.31,50.8
68368.0,17.0,1.0,178.4,59.9,18.8,72.6,1.0,2.0,660.0,3.0,3.0,2023.0,115.97000000000001,286.38,49.75,18.3
68374.0,45.0,1.0,160.1,61.8,24.1,86.5,2.0,1.0,480.0,5.397605346934028e-79,5.397605346934028e-79,793.0,48.739999999999995,67.97,35.62,23.2
68375.0,52.0,2.0,162.8,78.6,29.7,115.0,2.0,2.0,360.0,4.0,8.0,1903.0,43.449999999999996,203.54000000000002,102.16,40.0
68380.0,43.0,2.0,158.0,68.4,27.4,90.5,2.0,1.0,600.0,5.397605346934028e-79,1.0,3342.0,101.99,571.02,74.58,44.5
68384.0,23.0,2.0,158.4,86.1,34.3,114.5,1.0,1.0,480.0,4.0,5.0,1479.0,30.04,246.16000000000003,44.81,43.6
68385.0,22.0,2.0,173.6,74.2,24.6,81.2,2.0,2.0,720.0,5.0,5.397605346934028e-79,2403.0,126.55000000000003,263.7,92.47000000000001,37.7
68389.0,15.0,2.0,159.0,46.5,18.4,70.8,2.0,2.0,780.0,3.0,1.0,985.0,40.1,104.53,46.15,33.2
68393.0,20.0,2.0,162.3,75.6,28.7,81.6,1.0,1.0,480.0,2.0,2.0,4126.0,127.69,476.1700000000001,195.33000000000007,34.4
68394.0,58.0,2.0,162.3,72.9,27.7,96.2,2.0,2.0,420.0,2.0,2.0,2405.0,78.13,321.63000000000005,93.17,41.9
68401.0,43.0,1.0,165.9,65.7,23.9,86.2,2.0,1.0,300.0,3.0,8.0,2111.0,98.47999999999999,296.97,58.56,25.3
68403.0,36.0,2.0,154.2,75.8,31.9,100.8,2.0,2.0,480.0,5.397605346934028e-79,8.0,1280.0,64.92,174.3,38.010000000000005,41.5
68406.0,17.0,2.0,158.6,58.3,23.2,79.3,1.0,2.0,600.0,2.0,1.0,1140.0,56.63,170.14999999999998,27.970000000000002,32.6
68408.0,16.0,2.0,165.6,118.0,43.0,121.5,2.0,2.0,480.0,3.0,3.0,1428.0,83.11,193.28,37.419999999999995,48.0
68410.0,16.0,1.0,171.4,63.8,21.7,72.9,1.0,1.0,360.0,3.0,2.0,2273.0,73.43,337.74000000000007,73.35999999999999,15.6
68411.0,30.0,2.0,175.4,132.8,43.2,128.0,1.0,1.0,360.0,2.0,1.0,2642.0,95.2,257.53000000000003,126.82,42.8
68412.0,32.0,1.0,166.1,51.9,18.8,71.8,2.0,1.0,480.0,5.397605346934028e-79,5.397605346934028e-79,2216.0,48.68,302.34,94.83000000000001,16.0
68415.0,43.0,2.0,146.8,54.7,25.4,97.5,2.0,1.0,20.0,1.0,8.0,3833.0,113.71000000000001,576.9100000000001,104.63999999999999,31.3
68417.0,19.0,1.0,167.5,66.7,23.8,87.7,1.0,2.0,240.0,3.0,2.0,2193.0,131.89999999999998,221.43,86.7,24.2
68425.0,56.0,1.0,174.6,123.4,40.5,131.5,2.0,1.0,720.0,5.0,1.0,3141.0,107.19999999999999,271.03,135.85000000000002,32.5
68426.0,19.0,2.0,167.1,58.2,20.8,81.0,2.0,1.0,240.0,4.0,1.0,1831.0,66.34,234.11999999999998,71.83,29.2
68427.0,21.0,2.0,167.1,88.8,31.8,101.4,1.0,2.0,20.0,5.397605346934028e-79,5.397605346934028e-79,1298.0,59.980000000000004,136.67000000000002,57.69,36.1
68428.0,44.0,2.0,152.3,95.4,41.1,123.5,2.0,2.0,360.0,5.0,5.397605346934028e-79,667.0,30.499999999999996,72.34,28.270000000000003,49.9
68429.0,27.0,1.0,190.5,112.4,31.0,111.9,2.0,1.0,300.0,3.0,4.0,1490.0,64.3,224.00000000000003,38.55,33.7
68436.0,51.0,2.0,170.4,83.8,28.9,106.4,2.0,2.0,600.0,2.0,8.0,1465.0,41.580000000000005,193.64,61.29,47.5
68439.0,14.0,1.0,172.5,58.1,19.5,69.5,1.0,1.0,540.0,3.0,5.0,1430.0,61.14000000000001,137.72,61.36,16.5
68440.0,46.0,1.0,177.9,80.7,25.5,96.2,1.0,1.0,180.0,2.0,5.397605346934028e-79,3094.0,110.76,273.89000000000004,144.35000000000002,26.1
68441.0,51.0,2.0,165.1,100.9,37.0,99.5,2.0,1.0,360.0,5.0,5.397605346934028e-79,2100.0,91.62,195.64000000000001,104.73,45.0
68442.0,42.0,2.0,157.2,57.1,23.1,82.0,2.0,2.0,120.0,5.397605346934028e-79,8.0,2086.0,71.91999999999999,304.8,68.38,34.7
68444.0,23.0,1.0,171.1,99.8,34.1,106.6,1.0,2.0,60.0,3.0,4.0,4142.0,161.43,367.80999999999995,226.17,30.9
68448.0,28.0,2.0,160.9,61.8,23.9,85.2,1.0,1.0,720.0,8.0,1.0,1767.0,66.72,235.05999999999997,52.029999999999994,34.8
68450.0,47.0,2.0,165.7,56.1,20.4,71.8,2.0,2.0,660.0,3.0,1.0,2244.0,52.550000000000004,259.46999999999997,114.48,28.8
68451.0,24.0,1.0,171.1,71.5,24.4,81.8,1.0,2.0,240.0,1.0,8.0,1353.0,28.25,229.01,36.620000000000005,23.4
68455.0,27.0,1.0,181.8,108.1,32.7,124.3,1.0,1.0,240.0,5.0,5.397605346934028e-79,1405.0,29.01,226.72,44.55,31.1
68462.0,49.0,1.0,173.7,67.5,22.4,85.9,2.0,1.0,180.0,1.0,3.0,3232.0,121.05000000000003,365.8300000000001,150.67,20.2
68467.0,47.0,2.0,165.6,62.5,22.8,88.0,1.0,2.0,300.0,4.0,5.397605346934028e-79,914.0,47.74,115.03000000000003,22.38,30.6
68469.0,25.0,1.0,177.0,101.2,32.3,107.6,2.0,2.0,840.0,5.0,5.0,3333.0,44.17,141.44,60.86,35.5
68470.0,56.0,1.0,168.3,66.7,23.5,87.0,2.0,1.0,360.0,1.0,5.0,1813.0,109.87,194.48,63.28999999999999,23.4
68471.0,15.0,2.0,167.4,130.8,46.7,134.0,2.0,2.0,480.0,5.0,8.0,1547.0,64.79,195.92999999999998,57.07,45.3
68473.0,28.0,1.0,172.8,87.8,29.4,97.4,1.0,1.0,480.0,5.0,2.0,1668.0,115.21999999999998,128.79,74.31,30.1
68474.0,35.0,1.0,185.7,91.5,26.5,96.5,2.0,1.0,720.0,2.0,2.0,2550.0,124.08999999999999,272.03999999999996,92.44000000000001,25.0
68475.0,12.0,2.0,141.9,31.6,15.7,57.9,2.0,2.0,600.0,1.0,5.397605346934028e-79,2491.0,54.989999999999995,320.15999999999997,118.25999999999999,23.5
68477.0,21.0,1.0,162.5,60.9,23.1,73.0,2.0,1.0,60.0,8.0,4.0,741.0,29.21,89.69,31.35,15.4
68478.0,41.0,1.0,181.4,100.2,30.5,104.7,1.0,1.0,120.0,1.0,1.0,2552.0,90.31,338.6,79.24000000000001,28.7
68481.0,19.0,2.0,160.8,61.5,23.8,88.2,1.0,2.0,480.0,5.397605346934028e-79,5.397605346934028e-79,1276.0,83.88,154.39999999999998,37.05,33.8
68483.0,14.0,2.0,154.7,70.1,29.3,100.7,1.0,1.0,600.0,5.397605346934028e-79,8.0,217.0,6.22,48.09,0.82,43.6
68487.0,19.0,1.0,186.3,66.9,19.3,69.5,2.0,2.0,360.0,5.0,5.0,1875.0,84.26,191.54999999999998,87.32,14.7
68493.0,29.0,1.0,178.4,69.0,21.7,82.1,1.0,2.0,480.0,5.397605346934028e-79,4.0,2614.0,70.32000000000001,375.82000000000005,96.93,24.0
68494.0,38.0,2.0,162.5,65.4,24.8,83.6,2.0,2.0,300.0,1.0,5.397605346934028e-79,4988.0,161.96,687.04,169.39999999999998,39.0
68497.0,34.0,2.0,153.9,62.5,26.4,81.3,1.0,2.0,360.0,1.0,8.0,2796.0,95.0,279.75,76.76,27.8
68501.0,52.0,1.0,181.1,95.8,29.2,106.5,1.0,1.0,300.0,3.0,1.0,4041.0,213.27000000000004,432.73999999999995,163.09000000000003,16.3
68502.0,27.0,1.0,169.9,83.4,28.9,99.2,2.0,2.0,480.0,1.0,3.0,1415.0,72.0,171.47,48.72,32.4
68505.0,57.0,1.0,152.2,76.7,33.1,104.2,2.0,1.0,120.0,5.397605346934028e-79,8.0,2307.0,63.4,357.49,76.88,35.6
68507.0,49.0,2.0,153.0,60.3,25.8,84.0,2.0,2.0,600.0,3.0,1.0,1885.0,77.86000000000001,193.87,95.94000000000001,40.2
68512.0,57.0,2.0,158.2,58.2,23.3,85.6,2.0,2.0,480.0,3.0,8.0,951.0,34.31,180.89,15.6,39.5
68515.0,13.0,1.0,158.4,66.3,26.4,97.0,2.0,2.0,420.0,8.0,8.0,1281.0,57.32,166.07,44.38,42.4
68516.0,30.0,1.0,176.4,79.2,25.5,82.4,1.0,1.0,720.0,4.0,1.0,2591.0,80.69000000000001,324.68,108.89000000000001,21.4
68518.0,25.0,2.0,169.5,65.6,22.8,80.3,2.0,2.0,240.0,5.0,5.0,1847.0,28.13,314.9,56.45,30.5
68520.0,17.0,2.0,166.9,96.4,34.6,106.0,2.0,1.0,360.0,5.0,1.0,2133.0,110.15,192.45000000000002,102.78000000000002,44.7
68521.0,28.0,2.0,163.7,67.5,25.2,89.5,2.0,1.0,180.0,5.0,2.0,1809.0,64.31,245.92,68.23,33.2
68522.0,12.0,1.0,159.1,70.8,28.0,85.9,1.0,1.0,600.0,1.0,4.0,776.0,32.96,126.35999999999999,21.730000000000004,30.2
68525.0,39.0,2.0,153.4,80.9,34.4,102.0,2.0,2.0,240.0,2.0,2.0,1455.0,76.16000000000001,210.49,36.64,43.1
68526.0,31.0,1.0,166.7,79.1,28.5,97.2,2.0,2.0,240.0,2.0,8.0,2860.0,66.02999999999999,282.59000000000003,168.63,26.8
68530.0,13.0,1.0,164.4,66.5,24.6,96.6,2.0,2.0,600.0,1.0,5.0,2762.0,84.87,356.85999999999996,112.00000000000001,33.0
68541.0,12.0,1.0,161.1,56.0,21.6,68.9,1.0,1.0,480.0,5.0,2.0,2051.0,49.269999999999996,365.02000000000004,44.260000000000005,25.0
68543.0,13.0,2.0,147.9,38.4,17.6,65.5,1.0,1.0,600.0,3.0,1.0,2640.0,101.96,363.37999999999994,91.57000000000001,32.0
68556.0,50.0,2.0,163.9,61.9,23.0,79.0,2.0,2.0,60.0,2.0,5.397605346934028e-79,1057.0,34.660000000000004,164.56,34.21,35.5
68563.0,17.0,2.0,169.0,56.9,19.9,73.8,1.0,2.0,540.0,4.0,8.0,2282.0,71.70000000000002,277.51,100.08,26.3
68566.0,13.0,1.0,147.4,38.2,17.6,59.8,1.0,2.0,480.0,3.0,2.0,1180.0,50.45,126.58,52.46,18.2
68567.0,54.0,2.0,170.2,116.9,40.4,131.7,2.0,2.0,900.0,4.0,5.0,1347.0,57.73,194.48999999999998,28.069999999999997,47.0
68568.0,27.0,1.0,166.4,93.2,33.7,115.0,1.0,1.0,600.0,1.0,2.0,1224.0,78.27000000000001,91.75999999999999,17.810000000000002,36.0
68570.0,49.0,1.0,180.2,75.3,23.2,87.2,1.0,1.0,300.0,4.0,1.0,2493.0,100.87,290.47,82.59,24.1
68571.0,53.0,1.0,185.5,87.1,25.3,103.0,2.0,1.0,300.0,1.0,1.0,1233.0,39.129999999999995,214.12,27.370000000000005,28.2
68572.0,42.0,1.0,178.4,84.9,26.7,98.8,2.0,1.0,720.0,1.0,4.0,3013.0,66.09,336.87,75.56,30.5
68574.0,20.0,1.0,185.3,81.9,23.9,88.9,2.0,1.0,420.0,2.0,1.0,2389.0,75.91999999999999,330.9,87.03000000000002,26.2
68575.0,42.0,2.0,167.3,74.2,26.5,89.7,2.0,2.0,120.0,1.0,5.397605346934028e-79,2526.0,104.5,196.98,127.38,39.7
68577.0,19.0,1.0,166.5,56.6,20.4,74.0,1.0,1.0,240.0,4.0,1.0,2824.0,144.23,403.33000000000004,73.51,19.8
68580.0,47.0,2.0,157.5,80.2,32.3,101.8,2.0,2.0,720.0,2.0,1.0,3008.0,91.9,345.40999999999997,149.26999999999998,44.6
68582.0,42.0,2.0,155.3,77.2,32.0,102.5,2.0,1.0,840.0,1.0,3.0,3029.0,70.58000000000001,405.02000000000004,132.64999999999998,29.8
68584.0,18.0,1.0,182.1,73.4,22.1,85.6,2.0,1.0,240.0,2.0,3.0,3048.0,129.76,324.88,95.22999999999999,23.1
68588.0,14.0,2.0,159.3,48.8,19.2,66.5,1.0,2.0,540.0,1.0,5.397605346934028e-79,3230.0,182.39000000000001,377.83,114.63000000000001,28.8
68589.0,54.0,1.0,184.7,105.5,30.9,112.0,2.0,2.0,180.0,5.397605346934028e-79,8.0,1776.0,54.019999999999996,260.92,59.06999999999999,29.0
68592.0,34.0,1.0,172.9,73.5,24.6,84.8,2.0,2.0,600.0,1.0,1.0,3554.0,125.95999999999998,206.79999999999998,238.21999999999997,23.4
68595.0,50.0,2.0,135.3,70.5,38.5,107.0,2.0,2.0,240.0,3.0,5.397605346934028e-79,3120.0,106.25999999999999,298.05,167.73,51.1
68598.0,14.0,1.0,175.2,63.7,20.8,70.2,1.0,2.0,480.0,2.0,5.397605346934028e-79,6508.0,224.04999999999998,819.5699999999999,267.69,17.0
68601.0,26.0,1.0,170.5,63.9,22.0,84.2,2.0,2.0,240.0,3.0,4.0,2293.0,103.63,255.02999999999992,64.15,31.2
68602.0,36.0,1.0,170.5,85.3,29.3,95.7,1.0,1.0,60.0,1.0,1.0,1420.0,53.4,168.43999999999997,48.35,26.4
68603.0,19.0,1.0,188.0,80.0,22.6,82.5,2.0,2.0,300.0,5.0,5.0,3626.0,68.72999999999999,453.67999999999995,173.13,23.4
68612.0,55.0,2.0,170.4,62.3,21.5,82.6,2.0,2.0,420.0,5.0,5.397605346934028e-79,2821.0,52.72999999999999,284.62,119.46,29.4
68616.0,17.0,2.0,154.4,40.8,17.1,60.2,2.0,1.0,360.0,4.0,3.0,3392.0,78.80000000000001,518.13,114.14999999999999,20.8
68618.0,13.0,2.0,161.4,89.2,34.2,97.6,2.0,2.0,600.0,3.0,1.0,1912.0,85.94,264.04999999999995,56.919999999999995,40.5
68619.0,30.0,1.0,184.5,85.1,25.0,94.5,2.0,1.0,600.0,2.0,1.0,3854.0,132.45,287.35,242.14999999999998,26.8
68621.0,14.0,2.0,160.0,65.9,25.7,77.0,1.0,1.0,420.0,2.0,5.397605346934028e-79,1513.0,34.459999999999994,196.20999999999998,67.96000000000001,32.4
68623.0,28.0,1.0,188.4,87.0,24.5,93.3,1.0,1.0,360.0,5.0,1.0,2581.0,66.47999999999999,431.18000000000006,27.610000000000007,27.8
68624.0,45.0,1.0,166.6,56.9,20.5,80.2,2.0,1.0,240.0,4.0,1.0,1606.0,62.589999999999996,224.03,51.52999999999999,21.3
68628.0,17.0,2.0,156.5,50.1,20.5,72.4,2.0,2.0,480.0,5.0,5.397605346934028e-79,1397.0,31.87,282.85,17.59,27.8
68630.0,32.0,1.0,166.2,78.3,28.3,99.0,1.0,1.0,240.0,5.0,3.0,3645.0,87.8,312.18999999999994,81.0,30.9
68631.0,12.0,1.0,156.9,46.1,18.7,70.9,1.0,2.0,780.0,2.0,4.0,1835.0,50.03,271.45,62.72,29.9
68633.0,38.0,2.0,172.6,68.2,22.9,82.5,2.0,2.0,120.0,2.0,8.0,2079.0,69.95,243.81,94.3,36.6
68634.0,15.0,2.0,165.2,61.0,22.4,75.2,1.0,1.0,420.0,2.0,3.0,2459.0,98.86000000000001,305.3,97.85999999999999,33.0
68635.0,58.0,2.0,154.4,55.7,23.4,90.1,2.0,1.0,300.0,2.0,5.397605346934028e-79,1993.0,96.17000000000002,274.36,60.11,39.4
68637.0,33.0,2.0,165.8,122.7,44.6,139.3,2.0,2.0,480.0,2.0,3.0,2234.0,125.85,221.15,95.99000000000001,44.2
68638.0,18.0,1.0,176.6,81.8,26.2,89.3,1.0,1.0,360.0,2.0,1.0,2609.0,66.17,326.19000000000005,81.58,21.8
68639.0,19.0,2.0,170.1,69.0,23.8,86.3,1.0,1.0,360.0,2.0,5.397605346934028e-79,1325.0,61.550000000000004,192.02999999999997,34.620000000000005,33.7
68640.0,28.0,2.0,156.6,48.1,19.6,70.5,1.0,2.0,600.0,2.0,1.0,1701.0,101.75000000000001,188.46,62.79,24.7
68642.0,16.0,1.0,172.5,50.0,16.8,67.2,2.0,2.0,240.0,5.0,5.397605346934028e-79,1342.0,38.47,162.18,61.1,17.8
68643.0,17.0,1.0,173.7,78.5,26.0,95.9,1.0,1.0,420.0,1.0,8.0,1220.0,61.77000000000001,121.60000000000001,52.94,29.0
68647.0,54.0,1.0,178.2,81.8,25.8,88.6,2.0,2.0,240.0,4.0,1.0,1647.0,93.45,179.14999999999998,62.68000000000001,21.6
68651.0,32.0,2.0,171.2,81.7,27.9,98.5,1.0,1.0,660.0,2.0,1.0,1372.0,57.63,193.71,31.830000000000005,42.2
68652.0,34.0,1.0,183.8,119.3,35.3,120.5,2.0,1.0,300.0,4.0,1.0,2162.0,43.78,346.11999999999995,73.20000000000002,33.4
68655.0,19.0,1.0,162.4,47.5,18.0,64.0,2.0,1.0,600.0,5.0,5.397605346934028e-79,3791.0,107.24000000000001,548.77,133.64,17.3
68659.0,15.0,2.0,172.5,80.9,27.2,100.4,1.0,1.0,480.0,1.0,5.397605346934028e-79,1801.0,86.82999999999998,227.27,61.73,32.5
68660.0,24.0,1.0,167.2,58.5,20.9,75.2,2.0,2.0,240.0,2.0,5.397605346934028e-79,2605.0,94.21,386.51,79.78,16.4
68666.0,15.0,1.0,163.4,55.2,20.7,71.0,1.0,2.0,840.0,5.0,1.0,4618.0,150.12,553.65,205.55999999999997,18.2
68667.0,51.0,1.0,175.7,77.8,25.2,94.2,2.0,2.0,300.0,5.0,4.0,810.0,52.92,102.13,21.0,30.6
68669.0,51.0,1.0,179.1,93.9,29.3,105.7,2.0,2.0,6.0,3.0,8.0,3758.0,142.60999999999999,514.1,133.98000000000002,27.1
68672.0,46.0,1.0,182.7,81.7,24.5,101.6,2.0,1.0,480.0,5.397605346934028e-79,2.0,1583.0,43.64,244.73000000000002,51.550000000000004,25.9
68676.0,51.0,2.0,155.6,84.8,35.0,105.1,2.0,2.0,180.0,4.0,8.0,1467.0,56.03000000000001,125.12,82.81,46.1
68679.0,43.0,1.0,177.2,105.1,33.5,110.5,1.0,1.0,240.0,4.0,8.0,1565.0,35.42,258.7,29.060000000000002,25.1
68680.0,22.0,2.0,158.4,72.2,28.8,89.5,2.0,1.0,360.0,3.0,3.0,1176.0,32.989999999999995,182.7,37.49,40.0
68683.0,20.0,2.0,159.3,62.2,24.5,77.2,2.0,2.0,600.0,5.0,3.0,1116.0,44.13,110.73,44.76,36.6
68686.0,25.0,2.0,160.0,48.9,19.1,66.0,2.0,1.0,360.0,2.0,5.0,1085.0,45.43,131.82999999999998,42.12,36.7
68687.0,45.0,2.0,159.9,101.9,39.9,104.5,1.0,2.0,240.0,3.0,3.0,1166.0,40.18,160.64999999999998,41.2,42.2
68690.0,29.0,2.0,166.3,116.2,42.0,120.8,1.0,1.0,240.0,4.0,5.0,1881.0,58.79999999999999,255.65000000000003,71.74,39.8
68693.0,28.0,1.0,177.1,80.9,25.8,89.0,1.0,2.0,240.0,5.397605346934028e-79,4.0,2595.0,130.27999999999997,288.43000000000006,101.96000000000001,21.5
68694.0,57.0,1.0,173.1,91.4,30.5,102.6,2.0,1.0,420.0,5.0,8.0,1968.0,62.01,261.53999999999996,80.67999999999999,32.8
68696.0,44.0,1.0,166.8,83.7,30.1,103.4,2.0,2.0,480.0,4.0,8.0,2149.0,94.91000000000003,126.03999999999999,94.5,32.1
68699.0,18.0,2.0,167.6,68.8,24.5,90.1,2.0,1.0,540.0,4.0,5.0,3698.0,139.15,478.7100000000001,142.62000000000006,33.3
68702.0,56.0,1.0,173.5,70.1,23.3,88.8,2.0,2.0,600.0,1.0,8.0,1895.0,77.62,229.38,77.14,28.2
68706.0,26.0,1.0,170.4,68.5,23.6,76.0,2.0,2.0,480.0,2.0,5.397605346934028e-79,2125.0,81.52000000000001,286.53999999999996,72.39,16.4
68707.0,54.0,1.0,171.9,117.3,39.7,123.2,2.0,2.0,900.0,5.0,4.0,2401.0,137.67000000000002,162.54000000000005,102.05999999999999,36.4
68710.0,40.0,1.0,170.7,104.0,35.7,116.1,2.0,2.0,480.0,3.0,5.0,2182.0,105.14,242.35,87.69999999999999,34.1
68711.0,26.0,1.0,174.5,81.3,26.7,82.6,1.0,1.0,480.0,1.0,1.0,5162.0,266.44000000000005,443.91,248.55999999999992,18.3
68713.0,22.0,2.0,159.8,84.5,33.1,105.6,1.0,1.0,480.0,1.0,1.0,1311.0,47.72,168.96,52.59,47.1
68714.0,55.0,2.0,158.9,54.4,21.5,75.7,2.0,1.0,420.0,1.0,5.397605346934028e-79,1534.0,78.89,210.82,43.260000000000005,26.5
68715.0,54.0,1.0,183.5,107.6,32.0,114.1,2.0,2.0,180.0,2.0,8.0,4447.0,115.30000000000003,506.04,194.82,28.6
68716.0,12.0,2.0,153.0,64.8,27.7,90.3,2.0,1.0,480.0,3.0,5.397605346934028e-79,1687.0,45.989999999999995,244.15999999999997,61.87,36.3
68720.0,53.0,2.0,169.3,68.7,24.0,88.4,2.0,2.0,300.0,5.0,2.0,937.0,34.75,120.33000000000001,21.060000000000002,36.0
68722.0,40.0,1.0,173.6,83.0,27.5,102.7,2.0,2.0,240.0,3.0,1.0,3921.0,125.13000000000001,537.2400000000001,143.46999999999997,26.9
68732.0,33.0,2.0,156.8,72.3,29.4,98.4,2.0,2.0,600.0,4.0,2.0,2446.0,38.059999999999995,362.15000000000003,98.64,43.6
68733.0,54.0,1.0,166.6,127.5,45.9,148.1,1.0,1.0,120.0,5.397605346934028e-79,1.0,2698.0,109.32,255.51,82.67,43.6
68737.0,42.0,1.0,177.9,101.4,32.0,111.0,2.0,2.0,180.0,1.0,1.0,3017.0,88.13000000000001,443.84000000000003,103.99999999999999,26.6
68741.0,31.0,2.0,159.2,84.8,33.5,106.0,1.0,1.0,240.0,3.0,8.0,1572.0,64.42999999999999,168.40999999999997,72.36,44.9
68744.0,33.0,1.0,182.2,124.9,37.6,127.9,2.0,2.0,600.0,2.0,5.0,4006.0,98.48,483.36,202.94,40.7
68750.0,16.0,2.0,166.7,73.3,26.4,83.2,2.0,1.0,480.0,5.0,8.0,1685.0,51.53,232.74999999999997,62.85,38.2
68751.0,39.0,1.0,175.7,99.0,32.1,116.0,2.0,2.0,480.0,2.0,3.0,1728.0,68.25999999999999,151.15,73.33,34.0
68752.0,45.0,1.0,166.4,83.8,30.3,105.1,2.0,2.0,900.0,3.0,8.0,1874.0,39.339999999999996,337.33000000000004,44.289999999999985,34.7
68754.0,57.0,1.0,192.8,86.1,23.2,101.2,2.0,2.0,540.0,5.0,8.0,3236.0,68.36000000000001,364.43,174.14000000000001,25.9
68760.0,24.0,1.0,176.0,69.2,22.3,84.5,1.0,2.0,300.0,5.0,5.0,4380.0,130.84,424.28,125.72999999999999,22.3
68763.0,26.0,1.0,175.0,78.1,25.5,92.4,2.0,2.0,120.0,2.0,8.0,4964.0,130.57000000000005,566.8,163.85999999999999,26.8
68769.0,56.0,2.0,155.2,55.5,23.0,80.5,2.0,1.0,60.0,1.0,5.397605346934028e-79,1419.0,73.27000000000001,183.14,43.76,29.6
68773.0,56.0,2.0,163.9,98.9,36.8,107.1,2.0,2.0,600.0,2.0,5.397605346934028e-79,2728.0,99.22,276.42,139.39,45.2
68774.0,21.0,1.0,174.7,75.6,24.8,89.8,1.0,1.0,180.0,3.0,2.0,1875.0,89.18999999999998,220.21,71.93,29.5
68775.0,18.0,2.0,158.8,82.6,32.8,93.7,2.0,2.0,240.0,5.0,5.0,925.0,48.67,150.63,16.05,41.3
68777.0,17.0,1.0,174.0,79.9,26.4,84.2,1.0,2.0,240.0,1.0,5.397605346934028e-79,3027.0,87.03,435.94,106.27,18.7
68779.0,16.0,1.0,170.6,60.6,20.8,72.5,1.0,1.0,600.0,3.0,2.0,1600.0,54.01,265.85,38.93,14.8
68781.0,34.0,1.0,171.9,63.9,21.6,78.1,2.0,1.0,360.0,2.0,5.397605346934028e-79,2532.0,109.44999999999997,280.98,62.2,20.8
68783.0,22.0,1.0,170.0,83.4,28.9,97.1,1.0,1.0,180.0,3.0,1.0,3449.0,85.35,643.5999999999999,66.39,27.4
68784.0,18.0,2.0,160.2,71.6,27.9,86.6,2.0,2.0,480.0,3.0,1.0,2313.0,93.98000000000002,278.68,90.58,41.5
68789.0,16.0,1.0,183.9,77.8,23.0,77.9,1.0,2.0,540.0,1.0,1.0,3012.0,92.61,434.46999999999997,103.5,20.3
68790.0,55.0,2.0,168.5,84.2,29.7,110.9,2.0,2.0,180.0,2.0,4.0,841.0,48.139999999999986,61.59,45.18,43.0
68791.0,45.0,2.0,166.5,92.5,33.4,104.0,1.0,1.0,480.0,2.0,2.0,1771.0,41.510000000000005,180.17999999999998,98.69000000000001,40.2
68802.0,40.0,2.0,159.6,74.5,29.2,92.8,2.0,2.0,120.0,3.0,2.0,2060.0,65.03,288.5,72.68,39.1
68803.0,21.0,2.0,157.8,59.7,24.0,72.3,2.0,2.0,240.0,3.0,3.0,4517.0,104.76999999999997,869.7699999999999,72.6,33.8
68808.0,58.0,1.0,186.3,85.0,24.5,93.4,2.0,2.0,720.0,5.0,8.0,2318.0,51.309999999999995,315.53000000000003,85.04999999999998,27.0
68813.0,24.0,2.0,161.4,71.2,27.3,93.7,2.0,2.0,480.0,2.0,1.0,2445.0,77.52000000000001,300.23,106.98,36.3
68816.0,58.0,2.0,163.6,146.7,54.8,146.7,2.0,2.0,480.0,5.0,4.0,1884.0,75.94,345.5800000000001,24.570000000000004,49.0
68817.0,32.0,1.0,181.5,100.3,30.4,103.8,1.0,1.0,300.0,4.0,5.0,3563.0,112.49000000000002,437.82,152.64999999999998,24.2
68819.0,47.0,1.0,167.6,93.2,33.2,112.2,2.0,2.0,360.0,5.0,4.0,1686.0,95.59999999999998,166.49,71.95000000000002,31.0
68827.0,43.0,1.0,181.4,80.8,24.6,90.3,1.0,2.0,600.0,5.397605346934028e-79,2.0,1909.0,98.72000000000001,257.80999999999995,57.53,22.9
68828.0,24.0,1.0,170.0,66.3,22.9,81.5,1.0,1.0,360.0,2.0,2.0,2942.0,141.17,378.68999999999994,99.03,19.3
68837.0,35.0,2.0,160.8,54.5,21.1,76.7,2.0,2.0,120.0,1.0,5.397605346934028e-79,2879.0,104.46000000000001,364.66,114.32,31.3
68840.0,31.0,1.0,182.7,88.4,26.5,91.0,1.0,1.0,120.0,3.0,5.397605346934028e-79,4324.0,138.41,377.06,135.75,20.7
68842.0,43.0,2.0,165.5,89.5,32.7,97.0,2.0,2.0,720.0,2.0,5.397605346934028e-79,808.0,10.419999999999998,153.45,19.5,37.3
68843.0,52.0,1.0,153.3,55.9,23.8,84.7,1.0,2.0,180.0,5.397605346934028e-79,8.0,1098.0,48.629999999999995,156.31,31.87,18.5
68846.0,49.0,2.0,145.9,79.3,37.3,98.5,2.0,1.0,600.0,2.0,8.0,1758.0,79.90999999999998,178.75,83.93,45.1
68850.0,27.0,1.0,175.3,100.4,32.7,108.8,1.0,2.0,420.0,2.0,8.0,3177.0,88.91000000000001,394.64,142.83999999999997,36.1
68851.0,13.0,2.0,150.6,48.4,21.3,70.2,1.0,2.0,540.0,2.0,3.0,829.0,27.720000000000002,132.15,20.800000000000004,34.1
68857.0,12.0,2.0,159.8,50.6,19.8,74.5,2.0,1.0,480.0,2.0,5.397605346934028e-79,1183.0,50.379999999999995,168.04,36.14,25.4
68858.0,12.0,2.0,157.7,54.1,21.8,75.0,1.0,2.0,600.0,5.0,5.397605346934028e-79,2449.0,70.97999999999999,378.84999999999997,77.86,31.6
68859.0,39.0,2.0,177.8,88.2,27.9,98.0,1.0,1.0,600.0,1.0,5.397605346934028e-79,1469.0,65.25,137.8,58.17,34.2
68860.0,34.0,1.0,171.5,69.2,23.5,86.0,1.0,1.0,180.0,2.0,8.0,1965.0,82.91,282.79999999999995,61.23,24.1
68864.0,57.0,2.0,150.6,93.3,41.1,112.3,2.0,2.0,360.0,3.0,4.0,1177.0,48.550000000000004,194.56,21.88,52.7
68871.0,37.0,1.0,184.6,93.7,27.5,99.3,1.0,1.0,480.0,2.0,2.0,1465.0,80.29,129.53,60.9,23.1
68873.0,24.0,2.0,168.3,134.6,47.5,147.6,2.0,1.0,540.0,5.0,5.0,3922.0,148.77,486.12999999999994,157.08999999999997,51.6
68874.0,55.0,1.0,180.4,90.0,27.7,100.6,2.0,2.0,600.0,5.397605346934028e-79,2.0,1914.0,106.64,332.63,23.94,25.3
68875.0,52.0,1.0,174.3,89.0,29.3,103.2,2.0,1.0,360.0,3.0,5.397605346934028e-79,1029.0,29.009999999999998,103.18,59.089999999999996,31.3
68877.0,48.0,1.0,183.3,88.3,26.3,98.2,2.0,2.0,420.0,4.0,8.0,3705.0,165.18,433.61,146.4,25.7
68880.0,15.0,1.0,164.0,59.1,22.0,75.3,2.0,2.0,540.0,4.0,5.397605346934028e-79,2440.0,99.80000000000001,346.13999999999993,75.14999999999999,23.7
68884.0,54.0,2.0,170.8,100.7,34.5,115.6,2.0,1.0,60.0,1.0,8.0,924.0,62.14,127.47,19.09,42.0
68886.0,44.0,2.0,167.1,75.9,27.2,88.7,1.0,1.0,540.0,5.397605346934028e-79,1.0,1566.0,71.45,143.94,80.02000000000001,34.3
68893.0,15.0,1.0,184.3,65.0,19.1,70.1,1.0,2.0,660.0,2.0,1.0,1114.0,72.5,154.64000000000001,23.41,15.7
68894.0,36.0,1.0,167.8,104.0,36.9,115.0,2.0,2.0,420.0,5.397605346934028e-79,3.0,3140.0,99.61999999999999,478.15,84.8,27.5
68899.0,48.0,1.0,180.8,93.4,28.6,104.7,1.0,1.0,60.0,2.0,1.0,2518.0,133.95,253.75,107.78,25.6
68901.0,47.0,2.0,172.6,67.7,22.7,86.2,1.0,1.0,360.0,1.0,5.397605346934028e-79,2715.0,93.85,472.19,61.13,31.7
68906.0,16.0,2.0,156.0,74.3,30.5,91.6,2.0,2.0,720.0,3.0,3.0,994.0,47.09,158.78,21.25,44.5
68908.0,59.0,2.0,155.1,78.9,32.8,101.1,2.0,1.0,360.0,4.0,1.0,2087.0,67.5,253.90999999999994,89.55999999999999,44.0
68909.0,16.0,1.0,180.6,114.6,35.1,115.4,2.0,2.0,480.0,2.0,4.0,1837.0,48.59,286.78,58.849999999999994,36.3
68911.0,13.0,1.0,172.0,67.6,22.9,79.2,2.0,1.0,540.0,1.0,1.0,2798.0,79.66999999999999,407.18999999999994,98.5,29.5
68913.0,27.0,2.0,150.5,67.0,29.6,89.7,2.0,2.0,60.0,5.397605346934028e-79,1.0,3424.0,51.040000000000006,546.6800000000001,93.29999999999998,34.5
68915.0,48.0,2.0,169.1,61.7,21.6,76.6,2.0,2.0,480.0,2.0,5.397605346934028e-79,1537.0,33.18,155.96999999999997,91.85,28.4
68917.0,33.0,1.0,180.7,116.6,35.7,117.8,1.0,2.0,660.0,5.397605346934028e-79,2.0,4334.0,152.47000000000003,550.2800000000001,169.51999999999998,29.3
68918.0,55.0,1.0,177.9,89.7,28.3,101.1,2.0,1.0,420.0,1.0,8.0,5375.0,224.21999999999994,599.5899999999999,200.92,25.3
68919.0,37.0,2.0,173.8,81.5,27.0,90.7,2.0,1.0,180.0,5.397605346934028e-79,1.0,1760.0,65.7,239.92000000000002,59.54,37.7
68920.0,48.0,2.0,161.0,106.7,41.2,122.1,2.0,1.0,720.0,4.0,8.0,1481.0,40.26,178.57,68.33,47.6
68923.0,13.0,1.0,162.9,70.3,26.5,91.7,1.0,2.0,540.0,5.397605346934028e-79,3.0,1554.0,65.38000000000001,210.42000000000002,49.54999999999999,34.6
68924.0,20.0,1.0,172.4,62.4,21.0,74.0,1.0,2.0,300.0,5.397605346934028e-79,1.0,3211.0,98.35,493.44000000000005,97.01,17.2
68928.0,41.0,1.0,174.2,66.4,21.9,76.2,2.0,2.0,720.0,5.0,4.0,6247.0,173.99,304.96,58.35999999999999,15.7
68929.0,19.0,2.0,172.1,70.3,23.7,87.1,2.0,2.0,180.0,1.0,8.0,1507.0,51.52000000000001,214.58999999999997,48.08,33.8
68931.0,22.0,1.0,176.0,75.6,24.4,83.8,1.0,2.0,300.0,3.0,3.0,2085.0,74.23,332.65,53.51,23.6
68934.0,47.0,2.0,148.7,83.9,37.9,108.1,2.0,2.0,120.0,5.397605346934028e-79,8.0,1281.0,78.64000000000001,102.67,64.14,40.5
68935.0,46.0,1.0,151.4,59.1,25.8,80.6,2.0,2.0,180.0,1.0,8.0,2293.0,108.83000000000003,294.13,82.39999999999999,22.7
68936.0,36.0,2.0,162.1,80.2,30.5,99.6,2.0,2.0,180.0,5.0,8.0,3245.0,169.60000000000002,244.46,108.00999999999999,37.1
68937.0,31.0,1.0,172.4,71.8,24.2,77.5,1.0,2.0,60.0,8.0,5.397605346934028e-79,2523.0,93.24,357.84000000000003,78.47,19.2
68942.0,14.0,2.0,165.8,75.7,27.5,84.2,1.0,2.0,360.0,2.0,3.0,2790.0,97.97999999999999,338.35999999999996,119.41,38.7
68945.0,27.0,2.0,168.1,110.6,39.1,124.3,2.0,1.0,360.0,1.0,5.397605346934028e-79,886.0,39.29,149.88,14.200000000000001,40.1
68948.0,36.0,2.0,158.7,67.5,26.8,93.8,2.0,1.0,240.0,1.0,5.397605346934028e-79,1111.0,57.95,114.53999999999999,47.56,42.9
68950.0,38.0,2.0,156.2,61.7,25.3,82.8,2.0,2.0,660.0,2.0,8.0,4294.0,134.32000000000002,639.6099999999998,138.77999999999997,34.5
68953.0,32.0,2.0,149.3,70.3,31.5,98.5,2.0,1.0,360.0,1.0,1.0,2113.0,62.99,319.48999999999995,74.55,38.9
68955.0,59.0,1.0,176.0,103.0,33.3,116.4,2.0,2.0,240.0,8.0,8.0,242.0,7.58,21.25,13.23,32.1
68956.0,14.0,2.0,159.2,79.5,31.4,102.3,1.0,1.0,780.0,2.0,2.0,1862.0,44.309999999999995,185.05,109.49000000000001,38.0
68957.0,12.0,1.0,159.9,52.0,20.3,68.4,1.0,1.0,480.0,2.0,2.0,393.0,4.7,48.06,21.25,17.1
68958.0,12.0,1.0,164.9,78.1,28.7,98.3,1.0,1.0,660.0,1.0,3.0,2067.0,88.21,271.92,71.49999999999999,36.6
68962.0,14.0,1.0,172.5,76.2,25.6,84.2,1.0,1.0,720.0,5.397605346934028e-79,2.0,1535.0,64.79,280.3,17.85,25.5
68964.0,20.0,1.0,186.3,123.2,35.5,119.9,1.0,2.0,300.0,4.0,4.0,5008.0,107.19,464.91,105.78,32.7
68968.0,12.0,1.0,151.7,53.7,23.3,73.0,2.0,1.0,780.0,2.0,1.0,1381.0,44.650000000000006,218.2,38.77,30.5
68978.0,39.0,1.0,175.3,110.9,36.1,112.2,1.0,1.0,240.0,1.0,2.0,1141.0,50.61,183.10000000000002,24.9,37.3
68979.0,36.0,2.0,166.5,67.3,24.3,89.0,1.0,1.0,840.0,2.0,1.0,2909.0,100.62000000000002,410.30999999999995,101.58,37.5
68985.0,16.0,2.0,161.9,65.2,24.9,79.7,2.0,2.0,360.0,5.0,8.0,1536.0,51.93999999999999,149.57000000000002,81.96000000000001,32.0
68986.0,18.0,2.0,163.2,68.7,25.8,77.2,2.0,1.0,300.0,3.0,2.0,1443.0,48.25000000000001,212.73000000000002,44.71,31.9
68989.0,34.0,1.0,170.2,93.8,32.4,105.5,1.0,1.0,600.0,1.0,2.0,1480.0,52.48,200.76,52.230000000000004,28.5
68990.0,53.0,1.0,167.7,92.5,32.9,115.4,2.0,2.0,420.0,5.397605346934028e-79,1.0,934.0,41.95,128.42,29.73,33.4
68991.0,40.0,1.0,166.0,98.4,35.7,114.8,2.0,2.0,420.0,2.0,1.0,5056.0,125.19000000000001,672.5,191.67999999999998,29.2
68992.0,53.0,2.0,153.5,78.3,33.2,114.2,2.0,2.0,420.0,5.0,8.0,3432.0,128.91000000000003,234.58,200.82,45.8
68993.0,34.0,2.0,158.7,65.4,26.0,92.7,2.0,2.0,120.0,2.0,5.397605346934028e-79,824.0,71.51,70.46,28.220000000000002,47.6
68994.0,19.0,1.0,172.9,124.9,41.8,135.8,1.0,1.0,480.0,2.0,2.0,591.0,19.96,52.91,32.800000000000004,39.3
68996.0,24.0,1.0,178.8,65.7,20.6,78.0,1.0,1.0,360.0,5.397605346934028e-79,3.0,2571.0,64.42,267.38,68.67999999999999,18.0
69000.0,13.0,1.0,181.9,66.9,20.2,73.5,2.0,2.0,540.0,1.0,2.0,3511.0,107.76999999999998,518.7500000000001,114.9,21.3
69004.0,16.0,1.0,169.5,66.7,23.2,81.1,1.0,2.0,480.0,3.0,8.0,1717.0,81.33999999999999,171.53999999999996,77.84,18.5
69007.0,55.0,1.0,168.5,137.3,48.4,151.0,2.0,2.0,480.0,3.0,8.0,1521.0,51.54,187.02000000000004,65.02,40.9
69009.0,56.0,1.0,172.1,79.5,26.8,96.4,2.0,1.0,120.0,1.0,8.0,2493.0,78.61999999999999,419.8299999999999,64.60999999999999,30.8
69011.0,59.0,2.0,159.6,80.0,31.4,98.8,2.0,2.0,120.0,2.0,1.0,1696.0,89.97999999999999,229.51999999999998,47.64,44.7
69013.0,35.0,1.0,172.1,71.1,24.0,89.0,2.0,2.0,60.0,5.397605346934028e-79,5.397605346934028e-79,2971.0,131.57999999999998,222.69,131.4,26.4
69016.0,13.0,2.0,157.8,65.2,26.2,81.3,1.0,1.0,600.0,2.0,1.0,1649.0,69.81,190.34000000000003,69.86,36.5
69019.0,44.0,2.0,152.9,63.9,27.3,91.9,2.0,2.0,300.0,3.0,5.397605346934028e-79,1042.0,8.69,224.39000000000001,15.64,39.1
69021.0,18.0,1.0,176.9,86.8,27.7,94.2,2.0,2.0,120.0,3.0,1.0,7367.0,315.48,861.1399999999998,300.36,30.2
69022.0,48.0,2.0,153.6,83.0,35.2,99.8,2.0,2.0,240.0,3.0,2.0,1911.0,123.27000000000002,139.16,95.10000000000001,41.5
69027.0,37.0,1.0,171.8,83.9,28.4,99.0,2.0,1.0,660.0,3.0,8.0,1970.0,64.63,210.55,90.39999999999999,27.3
69031.0,22.0,1.0,175.1,60.6,19.8,74.5,2.0,2.0,360.0,4.0,4.0,2284.0,114.25,259.65000000000003,87.72,21.0
69034.0,33.0,1.0,165.7,76.2,27.8,93.8,1.0,2.0,180.0,3.0,8.0,1613.0,49.99999999999999,190.24,75.37,27.5
69037.0,41.0,1.0,164.7,75.1,27.7,93.2,2.0,2.0,30.0,8.0,8.0,3134.0,105.46999999999998,376.66999999999996,133.45,31.1
69038.0,29.0,2.0,165.4,72.5,26.5,92.4,1.0,1.0,720.0,5.397605346934028e-79,2.0,5680.0,213.93,520.61,246.37,35.2
69040.0,46.0,2.0,173.2,86.4,28.8,98.0,1.0,1.0,60.0,5.397605346934028e-79,1.0,2487.0,60.559999999999995,361.79,95.41000000000001,34.9
69042.0,33.0,1.0,160.6,77.2,29.9,95.5,2.0,2.0,720.0,3.0,3.0,2726.0,117.58,221.44000000000003,158.74999999999997,30.4
69053.0,43.0,2.0,156.5,65.0,26.5,91.0,2.0,2.0,30.0,2.0,1.0,988.0,36.79,133.52999999999997,35.23,41.7
69054.0,43.0,1.0,183.8,108.5,32.1,120.6,2.0,2.0,840.0,2.0,3.0,3241.0,77.80999999999997,521.35,98.16999999999999,33.0
69055.0,28.0,2.0,159.4,49.7,19.6,74.1,2.0,2.0,180.0,5.397605346934028e-79,5.397605346934028e-79,2739.0,86.2,338.1699999999999,79.91,30.9
69060.0,20.0,1.0,169.1,57.3,20.0,75.8,1.0,1.0,300.0,1.0,1.0,3326.0,147.56,432.39,115.2,21.9
69061.0,49.0,2.0,158.3,90.7,36.2,105.5,2.0,1.0,360.0,2.0,8.0,3187.0,105.65999999999998,426.3399999999999,128.62,42.9
69065.0,28.0,1.0,172.8,66.7,22.3,81.3,1.0,1.0,420.0,5.0,2.0,2365.0,112.61999999999999,268.1499999999999,95.74,22.5
69074.0,19.0,1.0,181.3,84.2,25.6,89.1,2.0,2.0,600.0,1.0,1.0,5998.0,186.42,592.8500000000001,203.60000000000002,20.8
69076.0,18.0,1.0,177.4,69.8,22.2,81.8,1.0,1.0,660.0,5.397605346934028e-79,3.0,3078.0,112.58000000000001,340.13,145.50000000000003,22.8
69078.0,59.0,2.0,153.9,49.1,20.7,77.5,2.0,2.0,240.0,2.0,5.397605346934028e-79,945.0,27.139999999999993,170.42,19.24,37.2
69080.0,16.0,1.0,174.8,83.2,27.2,86.8,1.0,1.0,360.0,4.0,1.0,1418.0,50.25999999999999,160.76000000000002,65.4,24.7
69087.0,15.0,2.0,152.3,51.8,22.3,82.4,1.0,1.0,540.0,3.0,5.397605346934028e-79,2037.0,58.550000000000004,291.69,74.16,32.8
69091.0,52.0,1.0,170.4,83.9,28.9,100.1,1.0,1.0,180.0,3.0,8.0,2355.0,90.60000000000002,231.54999999999998,65.30000000000001,26.1
69093.0,16.0,1.0,168.1,67.1,23.7,79.5,1.0,2.0,300.0,1.0,1.0,1679.0,73.2,247.60999999999999,46.279999999999994,24.6
69098.0,14.0,1.0,161.0,73.7,28.4,88.1,1.0,2.0,420.0,1.0,5.397605346934028e-79,1480.0,58.099999999999994,205.61999999999998,47.88999999999999,28.6
69101.0,58.0,1.0,164.4,73.0,27.0,99.9,2.0,2.0,120.0,1.0,8.0,1841.0,69.38000000000001,250.70000000000002,52.36000000000001,29.0
69103.0,22.0,1.0,172.3,63.7,21.5,74.7,2.0,2.0,240.0,5.397605346934028e-79,1.0,1761.0,62.41999999999999,241.68,62.370000000000005,13.5
69105.0,55.0,1.0,169.0,75.7,26.5,91.9,2.0,2.0,300.0,5.397605346934028e-79,5.397605346934028e-79,2457.0,62.81,398.13,74.49999999999999,25.6
69116.0,14.0,1.0,166.8,78.0,28.0,96.2,1.0,1.0,660.0,4.0,5.397605346934028e-79,1766.0,41.85000000000001,251.64000000000001,68.95,35.7
69117.0,28.0,1.0,178.5,122.5,38.4,127.8,2.0,2.0,240.0,4.0,2.0,2800.0,59.620000000000005,307.57,51.92,36.5
69119.0,16.0,1.0,180.1,70.7,21.8,73.2,1.0,2.0,480.0,5.397605346934028e-79,1.0,2088.0,64.83000000000001,324.35999999999996,61.510000000000005,14.9
69120.0,39.0,2.0,161.1,73.8,28.4,94.8,2.0,1.0,240.0,2.0,1.0,1681.0,94.59000000000002,219.89000000000004,47.910000000000004,40.1
69122.0,16.0,1.0,176.5,102.1,32.8,102.2,1.0,2.0,600.0,2.0,5.397605346934028e-79,1596.0,96.18000000000002,130.16,75.10999999999999,29.7
69124.0,19.0,2.0,168.4,62.5,22.0,74.0,2.0,2.0,480.0,4.0,3.0,532.0,32.71,63.959999999999994,15.14,40.0
69125.0,49.0,2.0,165.2,73.7,27.0,90.8,2.0,1.0,180.0,5.397605346934028e-79,3.0,1084.0,21.64,112.8,27.759999999999998,34.6
69129.0,18.0,1.0,164.2,76.6,28.4,89.0,1.0,2.0,180.0,3.0,8.0,2599.0,104.67,342.86,94.44,29.0
69130.0,47.0,1.0,176.2,70.2,22.6,94.5,2.0,2.0,180.0,5.397605346934028e-79,5.0,2078.0,68.41,312.83000000000004,65.49,34.3
69131.0,25.0,2.0,159.8,60.8,23.8,78.2,2.0,1.0,720.0,2.0,5.397605346934028e-79,2645.0,76.07000000000001,335.9200000000001,103.42999999999999,31.7
69136.0,36.0,2.0,153.5,62.3,26.4,96.7,2.0,2.0,30.0,5.397605346934028e-79,5.397605346934028e-79,1648.0,57.370000000000005,293.16999999999996,31.71,42.3
69138.0,16.0,2.0,160.8,60.1,23.2,78.8,2.0,1.0,540.0,5.397605346934028e-79,5.397605346934028e-79,1805.0,64.26,239.69000000000003,67.34,34.2
69146.0,41.0,1.0,171.1,82.1,28.0,92.5,1.0,2.0,120.0,2.0,5.397605346934028e-79,2689.0,85.74000000000001,297.75,128.25,22.9
69151.0,57.0,1.0,174.7,80.3,26.3,95.6,1.0,1.0,720.0,3.0,1.0,2544.0,107.16000000000001,300.93,91.01,26.1
69152.0,21.0,1.0,179.1,70.5,22.0,73.9,2.0,1.0,120.0,2.0,2.0,3351.0,86.91,466.64000000000004,107.96,14.6
69158.0,44.0,1.0,183.8,72.4,21.4,83.5,2.0,2.0,120.0,1.0,8.0,3481.0,208.80999999999997,331.99,146.62,17.1
69159.0,22.0,2.0,159.7,68.9,27.0,88.7,2.0,2.0,480.0,1.0,3.0,1884.0,113.56,107.13999999999999,109.48,47.6
69160.0,17.0,1.0,178.6,76.0,23.8,90.1,2.0,1.0,600.0,1.0,5.397605346934028e-79,3667.0,83.99,504.75999999999993,153.03000000000003,28.6
69161.0,20.0,1.0,182.7,64.8,19.4,75.8,1.0,1.0,300.0,2.0,8.0,2494.0,89.10000000000001,421.36,56.239999999999995,13.5
69170.0,51.0,2.0,152.3,78.4,33.8,104.8,2.0,1.0,60.0,1.0,8.0,644.0,38.62,95.42,11.719999999999999,44.2
69171.0,40.0,2.0,154.6,64.0,26.8,89.3,2.0,2.0,480.0,2.0,5.397605346934028e-79,3733.0,129.07,420.15999999999997,171.86999999999998,46.6
69178.0,28.0,2.0,150.4,42.4,18.7,65.8,1.0,2.0,720.0,2.0,5.0,1119.0,34.9,134.4,49.95,23.2
69181.0,37.0,2.0,168.0,70.7,25.0,89.0,1.0,1.0,660.0,3.0,5.397605346934028e-79,2702.0,100.03999999999999,336.34000000000003,119.76,37.0
69193.0,12.0,2.0,152.6,48.8,21.0,70.5,2.0,2.0,480.0,1.0,1.0,1009.0,42.120000000000005,142.63,33.31,31.3
69196.0,27.0,1.0,174.6,89.1,29.2,99.9,2.0,1.0,600.0,5.0,8.0,2272.0,68.25,358.3,68.88999999999999,32.7
69198.0,13.0,2.0,157.3,51.6,20.9,73.3,2.0,1.0,540.0,2.0,8.0,1244.0,46.870000000000005,197.07,30.960000000000004,34.4
69200.0,34.0,1.0,173.6,78.6,26.1,95.5,1.0,1.0,480.0,1.0,2.0,4111.0,249.9,413.96,162.89999999999998,27.9
69204.0,16.0,2.0,170.1,57.0,19.7,75.1,2.0,2.0,720.0,1.0,8.0,2645.0,70.14999999999999,345.81,110.4,26.6
69207.0,30.0,2.0,164.8,187.5,69.0,158.8,2.0,2.0,720.0,3.0,8.0,2157.0,102.45,286.7,67.88000000000001,52.9
69212.0,38.0,1.0,164.8,89.7,33.0,107.3,2.0,2.0,120.0,1.0,2.0,1635.0,37.239999999999995,160.24,10.180000000000001,27.7
69213.0,47.0,2.0,162.9,68.4,25.8,94.5,2.0,1.0,180.0,5.397605346934028e-79,8.0,1423.0,61.459999999999994,208.69,37.660000000000004,40.6
69216.0,35.0,1.0,185.0,96.4,28.2,99.2,2.0,2.0,360.0,2.0,5.0,2527.0,46.34,293.81,78.85,27.9
69217.0,16.0,2.0,177.5,82.1,26.1,107.5,2.0,1.0,480.0,3.0,4.0,930.0,32.27,151.55,23.310000000000002,38.7
69223.0,24.0,1.0,167.6,65.0,23.1,76.3,1.0,1.0,480.0,2.0,5.397605346934028e-79,1336.0,61.29000000000001,215.60999999999999,29.89,22.1
69224.0,59.0,2.0,162.4,74.6,28.3,98.2,2.0,2.0,360.0,5.0,8.0,1581.0,28.86,171.01999999999998,34.33,44.0
69225.0,17.0,2.0,149.9,53.4,23.8,81.3,2.0,1.0,600.0,3.0,1.0,994.0,27.029999999999998,161.74999999999997,27.979999999999997,33.9
69228.0,17.0,1.0,169.8,61.5,21.3,73.7,2.0,2.0,480.0,4.0,4.0,2646.0,106.94000000000001,310.99,111.14,18.2
69229.0,43.0,1.0,180.4,115.6,35.5,111.3,2.0,1.0,180.0,3.0,1.0,2240.0,64.85,268.31,103.01,26.8
69236.0,33.0,1.0,172.4,94.8,31.9,105.1,2.0,1.0,180.0,1.0,2.0,2896.0,78.35000000000001,590.83,34.14,27.7
69237.0,49.0,2.0,147.9,72.8,33.3,95.7,1.0,1.0,240.0,2.0,1.0,1777.0,88.58000000000001,189.02,77.45,39.6
69239.0,19.0,2.0,167.4,66.0,23.6,80.5,2.0,2.0,600.0,8.0,5.0,1377.0,59.459999999999994,132.76,67.15,40.7
69241.0,36.0,1.0,171.9,98.5,33.3,113.2,1.0,2.0,480.0,4.0,1.0,2411.0,81.14999999999999,313.75000000000006,94.14999999999999,32.8
69243.0,45.0,2.0,164.4,60.8,22.5,81.0,1.0,2.0,300.0,5.397605346934028e-79,1.0,2023.0,137.79,171.79,71.92999999999999,29.1
69245.0,29.0,2.0,164.3,84.1,31.2,97.6,1.0,2.0,720.0,2.0,5.397605346934028e-79,2165.0,58.160000000000004,324.89,73.77000000000001,38.5
69246.0,19.0,1.0,171.2,67.3,23.0,78.8,2.0,2.0,420.0,3.0,1.0,3685.0,122.82,464.85999999999996,156.15,19.4
69248.0,43.0,2.0,159.9,74.0,28.9,98.8,2.0,1.0,240.0,5.397605346934028e-79,8.0,1954.0,56.120000000000005,379.49999999999994,26.700000000000003,46.9
69250.0,56.0,2.0,165.9,93.9,34.1,113.7,2.0,2.0,180.0,1.0,8.0,2147.0,79.86,235.06,102.57999999999998,36.4
69256.0,56.0,1.0,170.4,116.2,40.0,126.0,2.0,1.0,180.0,5.0,3.0,1839.0,60.720000000000006,210.20999999999998,84.95,37.0
69257.0,25.0,2.0,166.8,70.9,25.5,80.5,1.0,1.0,240.0,5.397605346934028e-79,5.397605346934028e-79,1943.0,72.23,330.49,43.4,26.3
69258.0,51.0,2.0,156.7,100.4,40.9,119.9,2.0,1.0,480.0,2.0,1.0,2487.0,123.26000000000002,232.49000000000004,123.31000000000002,37.7
69259.0,30.0,1.0,179.8,73.2,22.6,84.2,1.0,1.0,300.0,3.0,3.0,2220.0,91.88000000000001,163.70999999999998,52.46999999999999,22.8
69266.0,27.0,1.0,177.2,86.0,27.4,96.9,2.0,2.0,600.0,5.0,5.0,2188.0,78.28000000000002,119.58,61.96,25.9
69272.0,43.0,2.0,143.8,58.1,28.1,90.2,2.0,1.0,120.0,3.0,8.0,425.0,25.32,67.67999999999999,7.430000000000001,44.8
69274.0,21.0,2.0,168.7,74.4,26.1,89.0,1.0,2.0,480.0,2.0,3.0,931.0,47.150000000000006,169.87,8.81,40.2
69275.0,13.0,1.0,188.7,123.2,34.6,122.4,1.0,1.0,600.0,4.0,8.0,1730.0,61.08999999999999,206.1,73.75000000000001,37.5
69276.0,16.0,1.0,165.6,61.0,22.2,73.2,1.0,1.0,180.0,3.0,1.0,3683.0,159.85,429.15,148.24999999999997,16.6
69277.0,24.0,1.0,174.3,75.2,24.8,89.6,1.0,2.0,660.0,5.397605346934028e-79,3.0,586.0,37.07,83.31,11.16,28.0
69279.0,58.0,2.0,170.1,80.1,27.7,105.8,2.0,1.0,360.0,5.397605346934028e-79,1.0,2011.0,54.059999999999995,275.63000000000005,65.08,40.9
69282.0,19.0,2.0,158.6,50.7,20.2,78.2,2.0,1.0,540.0,5.0,8.0,2437.0,83.64,311.47,96.99000000000001,31.1
69284.0,53.0,1.0,172.9,84.9,28.4,98.4,2.0,1.0,360.0,2.0,3.0,3586.0,161.33,514.37,105.44,27.1
69286.0,39.0,1.0,177.2,81.3,25.9,98.0,2.0,1.0,480.0,1.0,5.0,2579.0,88.19,335.0300000000001,102.03,28.2
69287.0,54.0,1.0,170.7,98.5,33.8,111.0,2.0,1.0,420.0,3.0,5.397605346934028e-79,2476.0,140.8,225.76999999999998,114.6,31.4
69292.0,12.0,1.0,155.6,53.8,22.2,77.5,1.0,1.0,600.0,1.0,5.397605346934028e-79,2044.0,59.4,279.22999999999996,80.82000000000001,37.1
69295.0,49.0,1.0,173.0,91.5,30.6,104.5,1.0,1.0,240.0,4.0,8.0,2004.0,97.02999999999999,223.05,75.55000000000001,34.0
69300.0,23.0,1.0,177.7,109.3,34.6,105.0,2.0,1.0,360.0,5.0,2.0,1313.0,44.080000000000005,196.2,40.53,20.7
69302.0,14.0,2.0,150.5,56.5,24.9,75.8,2.0,1.0,540.0,3.0,5.397605346934028e-79,2173.0,99.48,270.41,77.25,33.8
69303.0,12.0,2.0,166.7,98.7,35.5,107.0,2.0,1.0,780.0,2.0,5.397605346934028e-79,1538.0,57.28,178.13000000000002,66.2,38.2
69307.0,58.0,1.0,172.4,53.3,17.9,74.0,2.0,2.0,240.0,5.0,8.0,1176.0,46.419999999999995,175.98000000000002,32.74,20.8
69308.0,12.0,1.0,167.0,61.9,22.2,80.7,1.0,2.0,540.0,2.0,5.397605346934028e-79,1244.0,35.17,148.97,57.26,25.2
69310.0,18.0,2.0,152.0,47.6,20.6,72.1,1.0,2.0,60.0,2.0,8.0,1581.0,73.43,154.57000000000002,75.98000000000002,28.4
69311.0,16.0,2.0,167.2,62.6,22.4,80.0,2.0,2.0,600.0,3.0,5.397605346934028e-79,1817.0,74.8,225.19999999999996,69.29,31.8
69314.0,50.0,1.0,179.5,92.1,28.6,97.2,2.0,2.0,360.0,3.0,8.0,1957.0,60.19,291.71,47.809999999999995,22.2
69316.0,17.0,2.0,165.8,46.9,17.1,70.4,2.0,2.0,480.0,4.0,3.0,1434.0,53.970000000000006,220.84000000000006,38.26,36.0
69319.0,42.0,1.0,175.5,60.5,19.6,75.4,2.0,2.0,300.0,4.0,5.397605346934028e-79,4032.0,161.32,491.6,159.23000000000002,14.3
69321.0,55.0,1.0,176.0,109.8,35.4,112.5,1.0,2.0,720.0,2.0,5.397605346934028e-79,2004.0,67.03,208.38,93.05999999999999,23.7
69322.0,34.0,1.0,175.2,86.5,28.2,102.4,2.0,2.0,120.0,4.0,8.0,3007.0,128.04000000000002,404.0,103.62,27.3
69324.0,42.0,1.0,184.3,86.7,25.5,102.6,2.0,1.0,360.0,2.0,5.397605346934028e-79,5750.0,221.82000000000002,450.71,293.97,25.9
69325.0,36.0,2.0,153.2,74.5,31.7,95.2,2.0,2.0,600.0,2.0,1.0,1869.0,91.74,209.43,74.9,44.2
69329.0,50.0,2.0,171.3,91.2,31.1,104.2,2.0,2.0,300.0,4.0,3.0,859.0,24.140000000000004,158.15999999999997,15.920000000000002,40.8
69331.0,13.0,2.0,168.2,55.2,19.5,68.8,1.0,2.0,600.0,2.0,1.0,1341.0,34.36,190.40999999999997,50.38999999999999,22.7
69332.0,15.0,1.0,163.6,61.6,23.0,76.2,1.0,1.0,360.0,5.0,1.0,2276.0,73.05,347.29,67.27,22.8
69334.0,58.0,2.0,169.7,60.6,21.0,82.9,2.0,1.0,300.0,4.0,8.0,1599.0,37.46,233.38,57.76,35.1
69335.0,54.0,1.0,170.6,152.3,52.3,148.7,2.0,2.0,360.0,5.0,2.0,4240.0,110.13,855.67,57.14000000000001,43.4
69338.0,13.0,2.0,159.6,87.3,34.3,109.5,1.0,2.0,600.0,3.0,3.0,872.0,39.190000000000005,81.08,44.120000000000005,46.3
69339.0,22.0,1.0,173.1,73.7,24.6,91.3,2.0,2.0,120.0,1.0,8.0,1782.0,50.17,163.53,65.88,21.4
69342.0,23.0,1.0,157.5,82.1,33.1,98.0,2.0,2.0,480.0,5.0,8.0,1219.0,36.33,136.52,47.400000000000006,32.9
69343.0,20.0,1.0,174.9,83.2,27.2,95.1,1.0,2.0,720.0,2.0,3.0,2726.0,107.32999999999998,376.86,90.21000000000001,26.3
69344.0,21.0,1.0,162.0,62.9,24.0,76.7,1.0,2.0,60.0,2.0,5.397605346934028e-79,992.0,38.68,131.29999999999998,34.07,17.4
69346.0,18.0,1.0,176.8,55.0,17.6,68.2,1.0,2.0,120.0,2.0,1.0,3987.0,176.26,512.8399999999999,138.55,16.8
69347.0,49.0,1.0,174.4,91.4,30.1,110.8,2.0,2.0,480.0,3.0,8.0,814.0,97.66,57.45,21.950000000000003,25.4
69348.0,13.0,2.0,156.8,52.9,21.5,79.0,2.0,2.0,420.0,8.0,8.0,1719.0,38.47,250.61,68.2,41.2
69351.0,31.0,2.0,162.5,66.6,25.2,86.5,2.0,2.0,180.0,2.0,5.397605346934028e-79,1941.0,81.14,170.35999999999996,70.36999999999998,38.9
69354.0,42.0,1.0,176.9,84.9,27.1,97.8,1.0,2.0,240.0,2.0,8.0,3927.0,128.95,628.5500000000002,103.58999999999997,22.7
69363.0,22.0,2.0,159.2,92.4,36.5,113.6,2.0,1.0,540.0,3.0,8.0,1902.0,75.39,211.12000000000003,84.71000000000001,43.2
69365.0,59.0,2.0,157.3,85.6,34.6,109.0,2.0,2.0,360.0,3.0,8.0,2777.0,77.63,328.53999999999996,129.6,51.0
69368.0,52.0,1.0,184.6,83.4,24.5,102.1,2.0,1.0,720.0,3.0,5.397605346934028e-79,2602.0,76.85,337.49000000000007,112.4,30.7
69370.0,17.0,1.0,165.9,76.5,27.8,95.2,1.0,1.0,240.0,5.397605346934028e-79,5.397605346934028e-79,2420.0,112.67999999999999,337.14,68.81000000000002,34.6
69371.0,32.0,1.0,173.5,89.3,29.7,102.1,2.0,1.0,420.0,5.0,5.0,4192.0,85.39999999999999,486.28999999999996,40.12,25.6
69372.0,24.0,1.0,175.5,99.5,32.3,102.6,1.0,1.0,480.0,4.0,4.0,3920.0,116.5,642.47,109.95000000000002,30.1
69373.0,20.0,2.0,171.2,69.1,23.6,81.0,1.0,1.0,360.0,5.0,5.0,2398.0,92.09,275.48,106.53000000000002,31.0
69376.0,19.0,1.0,162.5,63.5,24.0,83.0,2.0,1.0,120.0,5.0,8.0,2315.0,80.1,258.08000000000004,97.0,20.9
69379.0,30.0,1.0,180.8,83.6,25.6,92.0,2.0,2.0,240.0,4.0,2.0,4026.0,101.47,528.39,172.39,22.6
69380.0,20.0,1.0,173.6,98.8,32.8,102.9,2.0,2.0,360.0,3.0,5.0,1973.0,42.89,289.99000000000007,72.61,26.0
69386.0,52.0,1.0,180.8,102.1,31.2,112.8,2.0,2.0,420.0,2.0,5.397605346934028e-79,2679.0,96.69000000000001,319.4,117.39000000000001,28.6
69387.0,25.0,1.0,179.5,82.5,25.6,92.1,1.0,1.0,600.0,3.0,1.0,3073.0,103.53,354.59999999999997,113.58000000000003,28.8
69389.0,22.0,2.0,151.9,81.7,35.4,105.7,2.0,1.0,360.0,4.0,4.0,2184.0,83.17999999999998,258.84,93.67000000000002,43.5
69391.0,52.0,2.0,162.9,79.1,29.8,106.9,2.0,2.0,180.0,2.0,1.0,2948.0,96.13000000000001,194.57,114.70000000000002,43.3
69393.0,33.0,1.0,166.6,82.1,29.6,93.7,1.0,1.0,360.0,5.397605346934028e-79,2.0,2072.0,76.61,331.02000000000004,49.760000000000005,26.7
69394.0,25.0,2.0,169.2,89.5,31.3,94.0,2.0,2.0,840.0,5.0,2.0,2141.0,83.47999999999999,197.40999999999997,79.61,38.3
69395.0,25.0,1.0,184.0,79.5,23.5,86.1,1.0,1.0,240.0,4.0,2.0,1873.0,55.2,252.06,73.11999999999999,19.4
69400.0,45.0,1.0,179.9,85.1,26.3,95.5,1.0,2.0,180.0,5.0,5.0,2941.0,112.17,314.33000000000004,142.28000000000003,22.5
69404.0,57.0,1.0,172.2,62.6,21.1,80.5,2.0,2.0,240.0,5.0,5.397605346934028e-79,3112.0,89.68000000000002,381.73,151.88,21.4
69405.0,59.0,1.0,176.5,86.6,27.8,105.2,2.0,1.0,240.0,2.0,5.397605346934028e-79,3471.0,121.06,382.56999999999994,168.49999999999997,26.1
69406.0,16.0,1.0,163.1,57.7,21.7,72.7,1.0,2.0,360.0,4.0,5.397605346934028e-79,1909.0,69.11999999999999,319.89000000000004,42.89,15.6
69407.0,14.0,1.0,165.2,47.3,17.3,67.4,1.0,2.0,600.0,2.0,2.0,2026.0,86.77000000000002,278.87,61.919999999999995,15.2
69408.0,16.0,2.0,148.7,45.5,20.6,70.0,1.0,2.0,720.0,2.0,1.0,3189.0,108.85,461.51000000000005,106.00999999999999,37.3
69409.0,50.0,2.0,169.6,65.1,22.6,82.5,2.0,1.0,600.0,3.0,5.397605346934028e-79,2399.0,107.61,286.49,73.41999999999999,28.0
69410.0,46.0,2.0,166.1,83.6,30.3,99.9,2.0,2.0,720.0,5.0,5.0,2128.0,84.44999999999999,279.32,78.61,42.8
69415.0,15.0,2.0,161.1,59.3,22.8,84.3,2.0,2.0,660.0,5.397605346934028e-79,8.0,1453.0,48.440000000000005,175.10999999999999,61.78,36.5
69417.0,27.0,1.0,171.4,56.8,19.3,77.5,1.0,2.0,30.0,5.397605346934028e-79,8.0,3921.0,180.39999999999998,386.48,165.01000000000002,15.1
69419.0,57.0,1.0,190.2,108.1,29.9,111.7,1.0,1.0,720.0,5.0,2.0,3440.0,157.54999999999998,278.45,186.06,25.4
69422.0,37.0,2.0,169.1,89.9,31.4,95.3,2.0,2.0,660.0,1.0,5.397605346934028e-79,2130.0,116.12,286.62,56.13,41.5
69426.0,14.0,2.0,160.4,57.7,22.4,80.0,1.0,1.0,420.0,2.0,3.0,2417.0,78.88000000000002,349.12000000000006,86.6,37.8
69427.0,44.0,1.0,178.4,89.1,28.0,105.0,2.0,2.0,240.0,5.0,5.0,2875.0,107.39000000000003,390.21,104.19999999999999,26.0
69428.0,42.0,2.0,149.5,105.1,47.0,131.0,2.0,2.0,480.0,1.0,5.0,1417.0,51.00000000000001,146.34,68.84,48.5
69433.0,53.0,1.0,179.1,116.0,36.2,125.5,2.0,2.0,60.0,1.0,8.0,2438.0,79.55999999999999,309.83,101.10999999999999,34.4
69434.0,43.0,2.0,159.8,96.2,37.7,113.3,2.0,2.0,300.0,3.0,5.397605346934028e-79,2057.0,63.07,303.66,67.07,49.0
69438.0,16.0,1.0,178.4,95.8,30.1,106.0,2.0,1.0,660.0,3.0,1.0,266.0,11.68,38.6,7.9,31.0
69442.0,19.0,1.0,165.3,74.7,27.3,80.7,1.0,2.0,240.0,2.0,3.0,3768.0,125.35,427.71,174.28000000000003,16.6
69443.0,29.0,2.0,161.9,52.6,20.1,74.4,2.0,1.0,420.0,4.0,5.397605346934028e-79,2458.0,83.87999999999998,180.85999999999999,155.96,32.8
69445.0,41.0,2.0,166.5,142.5,51.4,131.4,2.0,2.0,720.0,1.0,8.0,2966.0,138.70000000000002,294.91,115.17999999999999,49.3
69446.0,25.0,1.0,177.1,95.6,30.5,107.4,1.0,2.0,180.0,2.0,8.0,3502.0,106.57,459.09999999999997,142.63000000000002,34.7
69447.0,13.0,2.0,157.3,51.4,20.8,68.8,1.0,1.0,540.0,5.397605346934028e-79,3.0,2943.0,90.29,312.63,150.54,29.4
69449.0,46.0,1.0,179.1,121.3,37.8,134.2,2.0,2.0,360.0,2.0,8.0,2059.0,79.86000000000001,222.20000000000002,89.98000000000002,37.8
69452.0,56.0,2.0,162.8,101.8,38.4,110.0,2.0,1.0,300.0,2.0,1.0,2897.0,82.33999999999999,440.9,92.14,41.0
69453.0,54.0,2.0,163.4,67.6,25.3,91.4,2.0,1.0,480.0,5.0,5.397605346934028e-79,2857.0,71.91999999999999,364.42,124.96000000000001,41.6
69454.0,13.0,2.0,161.6,86.3,33.0,101.7,1.0,2.0,540.0,3.0,3.0,841.0,9.95,171.66,15.84,40.4
69460.0,50.0,1.0,174.3,89.2,29.4,110.5,2.0,2.0,60.0,3.0,8.0,2589.0,112.05000000000003,110.00000000000001,63.330000000000005,28.1
69464.0,39.0,1.0,173.8,90.4,29.9,105.7,2.0,1.0,420.0,5.397605346934028e-79,5.397605346934028e-79,1880.0,85.93999999999998,241.02,63.93,25.4
69465.0,50.0,2.0,161.8,70.5,26.9,85.2,1.0,1.0,240.0,1.0,1.0,820.0,47.43,104.19999999999999,20.820000000000004,39.6
69484.0,17.0,1.0,166.3,53.3,19.3,70.6,1.0,2.0,300.0,1.0,8.0,1877.0,95.47999999999999,229.66000000000003,69.44999999999999,20.1
69487.0,21.0,1.0,182.3,74.6,22.4,79.9,1.0,1.0,360.0,4.0,2.0,3747.0,124.39,532.2399999999999,130.91,23.3
69492.0,15.0,2.0,167.8,77.3,27.5,87.2,2.0,2.0,600.0,2.0,1.0,1989.0,94.78999999999999,236.89999999999998,76.38000000000001,37.9
69493.0,17.0,2.0,157.8,54.5,21.9,71.2,2.0,2.0,480.0,5.0,1.0,2806.0,101.75,320.84,125.21,25.1
69494.0,37.0,2.0,172.0,65.2,22.0,80.2,2.0,2.0,180.0,1.0,5.397605346934028e-79,1208.0,51.31000000000001,102.65,66.27000000000001,36.3
69495.0,22.0,2.0,166.3,55.6,20.1,69.9,2.0,2.0,360.0,5.0,4.0,1182.0,50.480000000000004,144.67000000000002,45.86,32.7
69497.0,26.0,1.0,166.2,67.5,24.4,75.9,1.0,1.0,300.0,3.0,3.0,3578.0,161.19,457.45,109.11,19.6
69498.0,31.0,1.0,192.8,102.6,27.6,98.3,1.0,1.0,540.0,2.0,1.0,2324.0,108.86,302.14,83.71000000000001,19.1
69500.0,19.0,1.0,190.6,61.3,16.9,73.7,1.0,1.0,180.0,3.0,1.0,2729.0,91.36,394.75,92.44,15.5
69502.0,50.0,2.0,164.4,78.1,28.9,102.6,2.0,1.0,720.0,3.0,2.0,2046.0,86.57000000000001,191.8,102.52,41.7
69503.0,44.0,2.0,164.9,86.9,32.0,116.9,2.0,1.0,360.0,1.0,4.0,744.0,7.659999999999999,160.15,7.5600000000000005,44.2
69504.0,54.0,1.0,173.6,64.9,21.5,78.7,2.0,1.0,480.0,5.397605346934028e-79,5.397605346934028e-79,1695.0,73.74000000000001,221.79000000000002,63.13999999999999,17.4
69508.0,37.0,1.0,171.3,87.3,29.8,102.3,2.0,1.0,240.0,1.0,2.0,3248.0,207.82999999999996,371.75,108.83000000000003,27.2
69512.0,17.0,1.0,168.9,54.2,19.0,67.4,1.0,1.0,600.0,2.0,2.0,4255.0,151.85999999999999,631.7099999999999,130.24,19.3
69513.0,46.0,1.0,186.5,83.4,24.0,97.1,2.0,2.0,300.0,1.0,2.0,2685.0,115.58,311.44000000000005,108.33999999999997,30.7
69514.0,57.0,1.0,171.6,79.9,27.1,100.0,1.0,1.0,300.0,2.0,3.0,2427.0,97.1,379.03,56.269999999999996,34.9
69520.0,22.0,1.0,176.2,62.7,20.2,79.5,1.0,2.0,720.0,3.0,3.0,2684.0,56.78,316.13,77.68,22.9
69523.0,56.0,1.0,173.7,102.9,34.1,121.0,2.0,1.0,600.0,4.0,8.0,1456.0,41.39,233.47,44.589999999999996,35.4
69525.0,44.0,2.0,159.6,61.3,24.1,72.8,2.0,2.0,180.0,2.0,1.0,2421.0,104.91999999999999,321.97999999999996,84.76999999999998,28.4
69526.0,19.0,1.0,178.7,64.9,20.3,78.7,2.0,1.0,420.0,5.397605346934028e-79,5.0,3397.0,128.42,389.2,150.04,23.1
69527.0,25.0,1.0,185.6,154.8,44.9,145.1,2.0,2.0,300.0,5.0,5.0,6865.0,193.1,1037.8700000000001,226.92000000000002,35.2
69531.0,28.0,1.0,178.1,79.6,25.1,91.2,2.0,2.0,120.0,5.397605346934028e-79,8.0,3971.0,123.34,446.4699999999999,192.32999999999998,18.8
69534.0,29.0,2.0,165.1,84.5,31.0,97.0,2.0,2.0,480.0,2.0,3.0,3326.0,92.33,519.75,108.21,37.0
69535.0,16.0,1.0,169.2,76.8,26.8,88.0,1.0,1.0,540.0,3.0,3.0,3585.0,126.12999999999998,413.31,162.46,24.0
69536.0,57.0,2.0,164.9,77.7,28.6,100.0,2.0,2.0,240.0,2.0,2.0,1302.0,74.88999999999999,139.17,50.15,38.9
69537.0,49.0,1.0,189.2,106.5,29.8,110.8,1.0,1.0,540.0,1.0,5.397605346934028e-79,1409.0,37.730000000000004,235.13,39.459999999999994,24.4
69538.0,19.0,2.0,166.6,68.4,24.6,82.5,2.0,2.0,360.0,3.0,5.397605346934028e-79,2407.0,102.98,261.88,108.21000000000001,39.2
69545.0,17.0,2.0,168.9,75.9,26.6,85.2,1.0,2.0,480.0,4.0,8.0,1009.0,35.47,127.66,39.04,34.9
69546.0,26.0,1.0,180.7,56.5,17.3,71.2,1.0,2.0,180.0,2.0,4.0,1138.0,42.88,124.81000000000002,50.18,15.4
69550.0,58.0,1.0,179.9,180.2,55.7,176.0,2.0,1.0,360.0,5.0,8.0,2562.0,134.13,168.19,154.80999999999997,48.3
69551.0,12.0,2.0,154.4,50.0,21.0,68.5,2.0,2.0,480.0,2.0,5.397605346934028e-79,1557.0,69.29,209.53,51.69,33.1
69556.0,59.0,1.0,181.7,107.4,32.5,114.0,2.0,1.0,480.0,4.0,1.0,3331.0,70.58999999999999,348.29,140.79,26.9
69558.0,27.0,2.0,163.4,54.5,20.4,77.5,2.0,1.0,360.0,5.0,3.0,1713.0,48.71,290.58,44.31999999999999,27.2
69560.0,26.0,1.0,180.1,79.0,24.4,88.9,1.0,2.0,120.0,1.0,8.0,2360.0,71.77,374.53999999999996,71.86,26.5
69561.0,19.0,2.0,167.6,93.7,33.4,109.0,2.0,1.0,420.0,5.0,3.0,524.0,26.15,78.62,11.68,46.3
69571.0,19.0,1.0,165.0,58.6,21.5,73.3,1.0,1.0,180.0,3.0,2.0,1830.0,56.199999999999996,315.55,42.629999999999995,19.3
69574.0,48.0,2.0,168.5,65.9,23.2,87.2,1.0,1.0,540.0,2.0,5.397605346934028e-79,1092.0,60.61000000000001,173.28999999999996,24.12,35.6
69575.0,12.0,2.0,158.4,62.4,24.9,80.6,2.0,2.0,360.0,1.0,5.397605346934028e-79,1277.0,18.36,176.43,56.97,31.0
69577.0,52.0,1.0,174.4,100.7,33.1,111.5,2.0,1.0,240.0,1.0,5.397605346934028e-79,4602.0,216.48999999999998,388.22999999999996,171.68999999999997,30.2
69580.0,23.0,1.0,168.5,45.0,15.8,64.0,2.0,2.0,120.0,5.397605346934028e-79,2.0,1486.0,76.00999999999999,170.66,59.08,15.7
69581.0,23.0,1.0,187.1,96.3,27.5,91.2,1.0,2.0,120.0,1.0,5.397605346934028e-79,3641.0,106.61999999999999,295.17999999999995,114.2,29.0
69591.0,27.0,2.0,166.3,82.3,29.8,99.5,1.0,2.0,300.0,4.0,5.397605346934028e-79,2858.0,146.07999999999998,287.31000000000006,101.84,36.2
69594.0,31.0,1.0,165.5,55.7,20.3,80.0,2.0,1.0,300.0,3.0,8.0,3336.0,122.97,392.49,142.95999999999998,20.7
69598.0,34.0,1.0,183.6,76.2,22.6,86.8,2.0,2.0,720.0,2.0,4.0,2756.0,105.11,366.7200000000001,99.49,29.4
69599.0,21.0,1.0,167.2,84.1,30.1,97.0,1.0,1.0,60.0,1.0,1.0,773.0,35.46,87.98,30.11,30.2
69601.0,17.0,1.0,190.9,114.1,31.3,110.9,1.0,1.0,480.0,3.0,1.0,2073.0,132.23999999999998,292.84,48.05,34.9
69603.0,26.0,1.0,171.1,70.7,24.2,82.6,1.0,2.0,60.0,1.0,8.0,2867.0,80.05000000000001,366.38999999999993,127.27,20.1
69605.0,12.0,1.0,160.6,48.3,18.7,68.4,1.0,1.0,480.0,5.397605346934028e-79,5.397605346934028e-79,1767.0,76.61,242.94,55.84,22.1
69607.0,40.0,1.0,174.4,74.2,24.4,90.7,2.0,2.0,480.0,3.0,8.0,4814.0,147.61,753.5000000000001,142.07999999999998,18.7
69610.0,20.0,1.0,191.3,109.5,29.9,97.1,1.0,1.0,360.0,2.0,4.0,2889.0,79.38,328.08,82.14,23.5
69612.0,15.0,2.0,157.4,59.0,23.8,74.5,1.0,1.0,600.0,5.397605346934028e-79,1.0,2360.0,103.8,316.02,80.59,32.6
69613.0,27.0,2.0,161.3,61.2,23.5,78.3,1.0,2.0,300.0,2.0,5.0,2382.0,79.47,290.49999999999994,73.38000000000002,36.7
69615.0,12.0,2.0,148.0,40.0,18.3,67.4,2.0,2.0,360.0,2.0,5.397605346934028e-79,899.0,36.379999999999995,84.57,46.84,28.1
69616.0,26.0,2.0,164.8,84.4,31.1,110.9,2.0,2.0,120.0,5.397605346934028e-79,5.397605346934028e-79,1469.0,67.2,151.51,66.48,45.8
69617.0,25.0,2.0,165.1,71.6,26.3,91.7,1.0,1.0,480.0,2.0,1.0,1463.0,101.86,180.02,37.62,38.0
69619.0,41.0,2.0,167.1,81.7,29.3,97.4,2.0,2.0,480.0,4.0,1.0,1699.0,90.48,208.10999999999999,58.43,37.1
69620.0,49.0,1.0,166.7,49.4,17.8,70.8,2.0,2.0,300.0,5.0,8.0,2008.0,54.15,209.61,41.339999999999996,13.4
69621.0,35.0,1.0,187.0,125.9,36.0,107.0,2.0,2.0,120.0,2.0,8.0,4039.0,200.71,337.23,128.48,25.0
69622.0,58.0,1.0,173.4,154.7,51.5,151.8,2.0,2.0,300.0,3.0,2.0,2246.0,81.62,225.25,115.79999999999998,36.8
69625.0,29.0,1.0,183.8,89.8,26.6,97.0,2.0,2.0,720.0,5.0,1.0,3875.0,126.53000000000002,297.86000000000007,120.35,24.6
69626.0,53.0,1.0,176.6,106.2,34.1,109.8,2.0,2.0,480.0,5.0,2.0,1401.0,83.69999999999999,100.81,51.8,31.2
69627.0,13.0,2.0,167.5,55.7,19.9,76.5,1.0,2.0,480.0,2.0,1.0,2400.0,82.08999999999999,284.65,103.56000000000002,27.0
69629.0,16.0,2.0,153.3,73.2,31.1,92.1,2.0,2.0,900.0,4.0,5.0,3229.0,97.03999999999999,409.74000000000007,138.10000000000002,42.1
69630.0,23.0,1.0,169.9,80.7,28.0,84.0,1.0,1.0,180.0,1.0,5.397605346934028e-79,1629.0,90.05000000000001,165.78,23.3,21.7
69632.0,44.0,1.0,179.2,75.1,23.4,91.2,2.0,1.0,540.0,1.0,5.397605346934028e-79,2853.0,85.73999999999998,272.41,72.77999999999999,23.4
69633.0,38.0,1.0,167.7,86.6,30.8,99.8,1.0,2.0,240.0,5.397605346934028e-79,1.0,2575.0,77.13999999999997,342.8900000000001,105.46,28.6
69634.0,14.0,2.0,153.6,79.1,33.5,93.3,1.0,2.0,660.0,1.0,2.0,1319.0,59.959999999999994,178.11,42.37,46.0
69635.0,56.0,2.0,163.7,59.7,22.3,86.7,2.0,1.0,180.0,2.0,5.397605346934028e-79,1678.0,62.34,258.49,49.529999999999994,35.6
69642.0,19.0,1.0,186.1,98.6,28.5,81.6,1.0,2.0,300.0,5.0,5.397605346934028e-79,2604.0,59.580000000000005,415.51,80.68,17.8
69647.0,36.0,1.0,171.0,86.1,29.4,102.5,1.0,1.0,480.0,3.0,3.0,3255.0,67.94,473.81,128.07999999999998,31.2
69649.0,27.0,1.0,177.6,111.1,35.2,113.7,2.0,1.0,480.0,5.0,5.0,2055.0,52.97,334.32,57.98,28.0
69651.0,15.0,1.0,169.4,104.7,36.5,112.0,2.0,2.0,600.0,4.0,5.0,4357.0,190.23,397.46000000000004,223.38,37.0
69653.0,28.0,1.0,180.6,92.4,28.3,96.4,1.0,1.0,360.0,3.0,2.0,2717.0,144.72,216.39000000000001,140.23000000000002,26.0
69654.0,20.0,1.0,184.2,116.7,34.4,105.7,1.0,1.0,360.0,4.0,5.397605346934028e-79,2701.0,70.89,383.7300000000001,99.76000000000002,31.1
69659.0,12.0,2.0,167.1,72.5,26.0,86.6,2.0,2.0,420.0,1.0,5.397605346934028e-79,923.0,20.77,148.56,29.74,33.4
69665.0,50.0,2.0,158.9,55.9,22.1,78.8,2.0,2.0,120.0,2.0,5.397605346934028e-79,1296.0,36.62,144.03,63.73000000000001,30.4
69675.0,58.0,2.0,155.8,75.9,31.3,96.3,2.0,2.0,480.0,2.0,8.0,1906.0,34.83,204.56,42.379999999999995,44.0
69677.0,13.0,1.0,169.3,60.2,21.0,70.7,1.0,1.0,600.0,1.0,5.397605346934028e-79,1476.0,69.55000000000001,178.34,56.0,17.2
69679.0,26.0,1.0,172.8,84.0,28.1,90.8,1.0,1.0,480.0,1.0,5.0,2070.0,56.83,281.33,80.27999999999999,27.8
69680.0,37.0,1.0,170.3,70.3,24.2,90.2,2.0,2.0,120.0,5.0,8.0,2128.0,63.63,94.88000000000001,94.02000000000001,22.1
69685.0,17.0,2.0,154.9,72.3,30.1,98.4,2.0,2.0,960.0,2.0,5.0,1581.0,59.92,168.54000000000002,74.31,42.3
69687.0,47.0,2.0,164.6,63.0,23.3,80.2,1.0,1.0,600.0,5.397605346934028e-79,5.397605346934028e-79,2277.0,92.96,354.77,59.02,30.8
69689.0,51.0,1.0,168.1,66.1,23.4,82.2,2.0,2.0,4.0,3.0,8.0,1782.0,56.02,252.47,56.67000000000001,22.0
69691.0,36.0,2.0,174.9,67.2,22.0,86.5,2.0,2.0,600.0,5.0,5.397605346934028e-79,3722.0,68.03,576.35,132.82,36.3
69692.0,50.0,1.0,165.5,62.3,22.7,79.8,2.0,2.0,120.0,5.0,8.0,1748.0,58.13,219.98000000000002,72.59,17.6
69693.0,37.0,2.0,166.3,100.1,36.2,124.9,2.0,2.0,420.0,3.0,8.0,1458.0,58.18,212.51000000000002,44.48,45.1
69694.0,15.0,1.0,175.0,124.9,40.8,127.7,1.0,1.0,540.0,5.397605346934028e-79,2.0,3195.0,115.61000000000001,372.80999999999995,137.95000000000002,41.8
69697.0,22.0,2.0,165.2,72.2,26.5,85.0,1.0,1.0,600.0,3.0,1.0,2270.0,151.11,145.75,102.73,38.4
69701.0,52.0,1.0,179.9,78.9,24.4,95.4,1.0,1.0,120.0,5.0,8.0,2193.0,67.09,254.93999999999997,62.74999999999999,25.9
69702.0,42.0,1.0,185.1,92.0,26.9,97.0,1.0,2.0,240.0,1.0,5.397605346934028e-79,1942.0,95.63999999999999,250.45000000000002,62.290000000000006,25.5
69704.0,30.0,1.0,169.0,66.9,23.4,86.9,2.0,2.0,480.0,5.0,3.0,1687.0,78.0,257.17,39.839999999999996,22.9
69710.0,28.0,2.0,172.9,61.7,20.6,82.0,2.0,2.0,840.0,5.397605346934028e-79,5.397605346934028e-79,2339.0,81.12999999999998,332.18,78.17000000000002,33.8
69712.0,31.0,1.0,167.0,60.6,21.7,83.5,2.0,2.0,720.0,1.0,5.397605346934028e-79,3144.0,117.31000000000002,376.03000000000003,135.31000000000003,24.1
69713.0,17.0,1.0,173.0,72.8,24.3,75.1,1.0,1.0,480.0,3.0,1.0,2490.0,85.34999999999998,302.92999999999995,106.99,25.8
69714.0,18.0,1.0,180.8,178.5,54.6,139.5,2.0,2.0,300.0,5.0,2.0,2907.0,63.43,474.49999999999994,87.19,41.7
69715.0,43.0,2.0,164.0,75.3,28.0,95.0,2.0,2.0,300.0,2.0,2.0,1800.0,73.82000000000001,214.5,71.07,38.4
69718.0,15.0,2.0,164.2,52.5,19.5,73.0,1.0,1.0,780.0,2.0,1.0,1759.0,73.50000000000001,208.57000000000002,72.74000000000001,27.9
69721.0,22.0,2.0,161.4,61.7,23.7,78.0,2.0,2.0,240.0,2.0,2.0,1929.0,109.47,210.16000000000003,76.06,29.6
69724.0,58.0,1.0,176.6,77.6,24.9,97.2,2.0,2.0,480.0,5.0,8.0,1825.0,40.8,161.29999999999998,27.42,24.8
69728.0,35.0,1.0,168.6,67.5,23.7,87.4,2.0,1.0,660.0,1.0,1.0,1597.0,64.27000000000001,233.58,48.35,26.3
69731.0,19.0,2.0,161.9,58.5,22.3,70.4,1.0,2.0,120.0,2.0,2.0,2156.0,72.08,323.28,67.78999999999999,16.8
69732.0,33.0,1.0,166.9,78.9,28.3,94.5,1.0,2.0,480.0,2.0,2.0,1794.0,68.01,274.06,49.21,31.1
69734.0,26.0,1.0,178.2,65.5,20.6,77.4,2.0,1.0,300.0,1.0,5.0,1246.0,74.11000000000001,130.95,49.36000000000001,20.6
69735.0,20.0,1.0,175.9,69.0,22.3,83.5,1.0,2.0,240.0,5.397605346934028e-79,1.0,1928.0,160.62,232.24,39.75,18.3
69736.0,21.0,2.0,170.3,81.6,28.1,89.5,1.0,2.0,720.0,5.0,8.0,1614.0,52.51000000000001,181.23999999999998,79.28,29.3
69737.0,31.0,1.0,170.7,133.6,45.9,136.3,2.0,2.0,780.0,5.0,2.0,2074.0,38.89,358.28999999999996,58.379999999999995,44.0
69738.0,51.0,2.0,161.4,81.9,31.4,102.0,2.0,2.0,180.0,1.0,8.0,1253.0,45.339999999999996,201.81,31.249999999999996,39.6
69743.0,46.0,1.0,177.2,111.9,35.6,120.8,2.0,1.0,720.0,4.0,4.0,1915.0,74.72,220.06,84.03000000000002,37.8
69746.0,43.0,2.0,159.9,64.3,25.1,82.8,2.0,1.0,300.0,2.0,5.397605346934028e-79,1776.0,63.32999999999999,221.16000000000003,73.34,35.0
69748.0,50.0,2.0,161.1,78.8,30.4,110.6,2.0,1.0,180.0,1.0,5.397605346934028e-79,1409.0,32.559999999999995,205.14000000000001,53.68,46.3
69749.0,12.0,1.0,149.6,36.2,16.2,62.8,1.0,1.0,600.0,3.0,2.0,1654.0,55.73,209.64000000000001,62.949999999999996,25.1
69750.0,44.0,1.0,175.0,91.0,29.7,97.5,2.0,2.0,180.0,2.0,5.397605346934028e-79,3120.0,116.10999999999999,447.93,99.60999999999999,27.2
69757.0,19.0,1.0,168.2,52.1,18.4,62.8,1.0,1.0,600.0,1.0,3.0,1481.0,59.16,216.02000000000004,47.199999999999996,14.5
69759.0,51.0,1.0,174.2,72.6,23.9,93.4,2.0,2.0,300.0,3.0,8.0,1241.0,42.96,181.12,40.73,25.1
69762.0,15.0,1.0,164.5,53.1,19.6,70.4,1.0,1.0,420.0,2.0,3.0,1718.0,69.43,210.17000000000002,72.26999999999998,20.4
69764.0,22.0,2.0,165.2,64.5,23.6,80.5,1.0,1.0,60.0,2.0,1.0,1955.0,24.279999999999998,281.35,55.85999999999999,34.9
69767.0,56.0,1.0,166.1,125.1,45.3,136.7,2.0,1.0,180.0,4.0,3.0,2418.0,74.49000000000002,396.87000000000006,62.730000000000004,41.9
69768.0,20.0,2.0,177.2,136.1,43.3,122.1,2.0,2.0,420.0,5.397605346934028e-79,8.0,2723.0,96.91999999999999,313.15000000000003,123.13,42.3
69770.0,24.0,2.0,147.9,48.3,22.1,75.5,2.0,2.0,480.0,4.0,5.397605346934028e-79,1145.0,74.61999999999999,119.36,41.40000000000001,33.7
69773.0,40.0,1.0,168.8,77.3,27.1,92.9,1.0,2.0,120.0,3.0,2.0,1143.0,46.050000000000004,172.99,30.65,24.7
69774.0,54.0,1.0,163.5,79.2,29.6,102.7,2.0,2.0,240.0,2.0,2.0,1661.0,102.9,224.61,41.519999999999996,29.4
69776.0,57.0,1.0,172.5,96.7,32.5,117.2,2.0,1.0,240.0,4.0,8.0,1591.0,63.169999999999995,188.27,65.87,35.4
69778.0,42.0,1.0,174.4,90.7,29.8,104.4,2.0,2.0,180.0,1.0,8.0,2059.0,73.03000000000002,309.44999999999993,68.82999999999998,29.4
69789.0,53.0,2.0,161.7,61.3,23.4,80.7,2.0,2.0,240.0,1.0,8.0,1039.0,33.28,146.27,37.09,41.3
69790.0,12.0,1.0,154.1,63.0,26.5,87.8,2.0,1.0,420.0,5.397605346934028e-79,1.0,484.0,28.26,60.04,14.700000000000001,38.3
69793.0,35.0,1.0,160.3,70.1,27.3,88.8,1.0,1.0,360.0,3.0,2.0,2109.0,124.93000000000002,322.53999999999996,43.42,22.3
69798.0,21.0,2.0,162.9,52.6,19.8,74.0,1.0,1.0,300.0,2.0,1.0,3366.0,157.75,401.07,126.28000000000002,25.2
69803.0,44.0,1.0,174.4,66.4,21.8,85.1,1.0,2.0,780.0,1.0,1.0,1785.0,64.03,228.10999999999999,58.949999999999996,29.3
69810.0,14.0,2.0,161.7,64.5,24.7,87.7,2.0,2.0,600.0,8.0,5.0,764.0,39.25,99.88,22.74,46.0
69811.0,59.0,1.0,174.6,69.0,22.6,92.4,2.0,2.0,180.0,8.0,5.397605346934028e-79,5109.0,112.60000000000001,469.63,51.53000000000001,19.6
69813.0,30.0,2.0,155.6,84.9,35.1,102.0,1.0,1.0,120.0,1.0,4.0,3518.0,157.06000000000003,340.24000000000007,114.46999999999998,38.2
69814.0,15.0,2.0,149.8,65.5,29.2,89.1,2.0,2.0,540.0,1.0,5.397605346934028e-79,534.0,29.249999999999996,86.03999999999999,8.209999999999999,40.6
69816.0,20.0,2.0,163.1,92.5,34.8,104.7,2.0,1.0,180.0,3.0,1.0,1743.0,45.87,226.73000000000002,73.91,44.4
69817.0,33.0,1.0,172.4,87.9,29.6,98.2,1.0,1.0,540.0,5.397605346934028e-79,8.0,1597.0,89.01999999999998,200.66,49.4,29.6
69818.0,19.0,2.0,160.2,57.5,22.4,81.2,1.0,2.0,480.0,2.0,3.0,1216.0,43.61,79.24000000000002,83.62,37.3
69823.0,55.0,2.0,161.2,74.4,28.6,96.4,2.0,1.0,60.0,2.0,5.397605346934028e-79,1286.0,35.18,185.24,47.58,38.0
69825.0,43.0,2.0,163.6,63.3,23.7,86.0,1.0,1.0,300.0,2.0,3.0,1061.0,41.11000000000001,161.43,29.200000000000003,34.2
69827.0,30.0,1.0,173.2,82.6,27.5,101.3,2.0,1.0,180.0,5.397605346934028e-79,5.397605346934028e-79,1743.0,119.06,145.74,76.1,26.1
69829.0,18.0,1.0,181.6,127.9,38.8,121.2,1.0,2.0,420.0,5.397605346934028e-79,5.397605346934028e-79,2140.0,56.25999999999999,286.71,88.14999999999999,35.4
69841.0,16.0,1.0,167.5,63.1,22.5,76.6,1.0,2.0,60.0,2.0,1.0,4072.0,138.97000000000003,607.1500000000001,126.94000000000003,17.3
69842.0,37.0,1.0,177.7,70.7,22.4,79.2,1.0,1.0,180.0,2.0,5.397605346934028e-79,3078.0,67.4,441.09,120.21,18.6
69843.0,40.0,1.0,185.2,90.0,26.2,92.6,1.0,1.0,360.0,5.397605346934028e-79,5.397605346934028e-79,4158.0,166.30000000000004,484.96,187.51,23.9
69845.0,15.0,2.0,161.5,50.9,19.5,73.2,2.0,1.0,540.0,1.0,5.397605346934028e-79,1786.0,62.58000000000001,243.32000000000002,65.05,27.9
69846.0,23.0,1.0,158.8,94.0,37.3,117.1,2.0,1.0,780.0,2.0,5.0,3424.0,78.89,390.8100000000001,178.28000000000003,39.2
69851.0,31.0,2.0,157.3,58.0,23.4,81.3,2.0,1.0,540.0,3.0,2.0,1669.0,60.71,268.47,41.07,37.9
69856.0,37.0,1.0,187.0,84.4,24.1,89.6,2.0,1.0,480.0,5.397605346934028e-79,5.397605346934028e-79,1323.0,42.99,142.48,53.59,27.6
69857.0,16.0,1.0,178.5,89.8,28.2,82.8,1.0,1.0,360.0,5.397605346934028e-79,1.0,2490.0,120.6,310.59,86.50999999999999,16.8
69862.0,35.0,2.0,163.3,76.3,28.6,95.0,2.0,1.0,600.0,3.0,5.397605346934028e-79,3106.0,128.75,246.07000000000002,130.39999999999998,39.6
69863.0,43.0,1.0,180.4,105.1,32.3,111.2,2.0,2.0,240.0,4.0,5.397605346934028e-79,1563.0,51.290000000000006,232.85,53.54,27.5
69867.0,50.0,2.0,174.5,85.1,27.9,105.8,2.0,1.0,600.0,4.0,3.0,2838.0,111.98999999999998,253.54,127.35000000000001,35.9
69868.0,40.0,1.0,158.5,78.6,31.3,96.0,1.0,1.0,60.0,1.0,2.0,3101.0,157.42999999999998,306.39000000000004,146.76,26.8
69869.0,36.0,2.0,164.6,65.1,24.0,82.6,2.0,2.0,300.0,1.0,8.0,2514.0,97.93999999999998,319.35,95.63,38.6
69872.0,39.0,1.0,174.7,82.6,27.1,101.6,2.0,2.0,240.0,2.0,8.0,2339.0,92.68,230.23000000000002,63.7,24.6
69873.0,22.0,1.0,186.9,62.1,17.8,72.0,2.0,2.0,120.0,8.0,8.0,4150.0,92.77,690.05,111.3,14.4
69876.0,36.0,2.0,152.0,67.4,29.2,94.5,2.0,1.0,60.0,3.0,5.397605346934028e-79,2019.0,122.82,176.28999999999996,94.35,40.3
69878.0,15.0,2.0,152.6,67.7,29.1,84.3,2.0,2.0,540.0,1.0,5.397605346934028e-79,1373.0,57.599999999999994,153.09,62.75,39.7
69879.0,22.0,1.0,188.9,86.6,24.3,86.4,1.0,1.0,300.0,2.0,2.0,4110.0,123.02000000000002,582.54,148.45999999999998,20.1
69882.0,14.0,2.0,169.4,74.8,26.1,80.5,1.0,2.0,480.0,2.0,1.0,1727.0,80.60999999999999,235.76,53.17,39.8
69884.0,56.0,1.0,162.0,72.5,27.6,90.1,2.0,2.0,180.0,5.397605346934028e-79,1.0,2356.0,94.0,274.78999999999996,100.49000000000001,23.7
69887.0,23.0,2.0,160.3,81.3,31.6,105.2,2.0,2.0,600.0,5.0,2.0,1986.0,82.03999999999999,198.67000000000002,92.35000000000001,38.9
69888.0,36.0,1.0,176.1,80.4,25.9,91.3,2.0,1.0,240.0,2.0,2.0,2606.0,148.12,257.27,110.0,23.5
69889.0,13.0,1.0,172.3,57.9,19.5,68.1,2.0,2.0,720.0,5.0,1.0,2912.0,128.24,360.81,110.03,22.1
69893.0,22.0,1.0,177.5,82.4,26.2,94.9,2.0,2.0,420.0,2.0,4.0,3322.0,111.52,334.19000000000005,172.78,33.3
69896.0,49.0,1.0,177.1,74.6,23.8,98.5,2.0,2.0,420.0,1.0,8.0,4436.0,135.66,589.8299999999999,176.85,24.8
69901.0,17.0,1.0,170.7,77.6,26.6,91.0,2.0,2.0,600.0,8.0,1.0,2780.0,110.42000000000002,329.40000000000003,114.44999999999999,25.5
69902.0,48.0,2.0,165.0,90.5,33.2,107.9,2.0,2.0,480.0,4.0,8.0,4421.0,110.76,604.45,177.83,36.5
69904.0,16.0,2.0,153.6,48.0,20.3,75.0,2.0,2.0,540.0,2.0,5.0,2614.0,54.43000000000001,382.59999999999997,96.39,28.2
69906.0,42.0,1.0,170.4,94.9,32.7,103.8,2.0,2.0,180.0,5.397605346934028e-79,8.0,2574.0,110.16,326.52000000000004,91.58,24.5
69909.0,15.0,2.0,149.6,59.2,26.5,76.7,1.0,1.0,540.0,4.0,5.397605346934028e-79,1488.0,59.89,144.18,73.98,41.2
69910.0,20.0,1.0,175.5,63.1,20.5,73.6,2.0,2.0,180.0,5.397605346934028e-79,8.0,2259.0,85.37,258.42999999999995,99.26,17.3
69916.0,22.0,2.0,159.0,55.5,22.0,83.0,2.0,2.0,600.0,3.0,8.0,1804.0,61.75,256.01,59.75,32.5
69919.0,31.0,1.0,163.9,58.4,21.7,81.7,1.0,2.0,480.0,2.0,2.0,2952.0,38.94,273.5,35.53,24.0
69922.0,42.0,1.0,162.0,69.6,26.5,91.0,2.0,1.0,120.0,5.397605346934028e-79,8.0,2350.0,127.18,229.62,109.31,20.1
69923.0,57.0,1.0,177.8,80.8,25.6,97.4,1.0,2.0,240.0,2.0,1.0,2782.0,98.99,348.99999999999994,103.17999999999999,28.8
69930.0,27.0,2.0,166.6,83.2,30.0,110.5,2.0,1.0,420.0,3.0,1.0,2366.0,94.5,323.81,81.12,43.7
69932.0,21.0,2.0,170.6,71.5,24.6,87.4,2.0,1.0,240.0,5.0,3.0,2295.0,69.76000000000002,343.16,74.23999999999998,34.8
69934.0,56.0,2.0,182.0,88.5,26.7,100.1,2.0,1.0,180.0,2.0,1.0,2036.0,108.08,180.16000000000003,63.31,37.1
69936.0,54.0,2.0,161.3,56.6,21.8,85.1,1.0,2.0,360.0,2.0,5.397605346934028e-79,1994.0,87.38,243.32,60.83,33.5
69937.0,19.0,1.0,179.9,117.3,36.2,126.2,1.0,1.0,240.0,8.0,2.0,1610.0,59.19,213.64999999999998,57.25,35.6
69938.0,16.0,2.0,164.4,49.9,18.5,69.0,2.0,1.0,180.0,3.0,5.0,1217.0,52.330000000000005,190.14,28.259999999999998,25.2
69943.0,40.0,1.0,166.9,79.5,28.5,91.0,1.0,2.0,480.0,2.0,1.0,3157.0,146.75,383.35999999999996,115.09,24.4
69948.0,45.0,1.0,178.3,107.0,33.7,120.1,2.0,2.0,240.0,4.0,2.0,3026.0,218.33999999999997,208.66999999999996,144.49999999999994,31.9
69949.0,12.0,2.0,159.9,67.2,26.3,95.5,2.0,2.0,600.0,1.0,8.0,1847.0,74.88,272.37000000000006,52.82999999999999,40.5
69957.0,32.0,1.0,177.7,75.7,24.0,86.4,1.0,1.0,540.0,5.397605346934028e-79,1.0,2266.0,93.88000000000001,263.58,93.15999999999998,19.1
69958.0,12.0,1.0,175.6,91.9,29.8,103.0,2.0,1.0,660.0,2.0,3.0,1072.0,35.83,162.9,31.69,35.3
69959.0,51.0,2.0,160.7,59.9,23.2,86.0,2.0,2.0,240.0,3.0,8.0,3285.0,87.31,426.69,142.74,38.7
69963.0,20.0,2.0,162.9,62.1,23.4,72.1,1.0,1.0,180.0,3.0,1.0,2572.0,57.55,312.44000000000005,105.71000000000001,27.9
69968.0,16.0,1.0,174.7,64.2,21.0,74.2,1.0,2.0,540.0,2.0,1.0,1428.0,47.85,219.56,40.089999999999996,16.5
69974.0,22.0,1.0,173.4,83.5,27.8,95.8,2.0,2.0,9999.0,4.0,8.0,3416.0,131.89,445.87,122.9,30.8
69978.0,13.0,2.0,167.1,126.4,45.3,128.0,1.0,1.0,540.0,2.0,5.0,2218.0,69.4,292.99,88.22,47.4
69983.0,38.0,1.0,179.8,81.1,25.1,97.0,2.0,2.0,240.0,5.397605346934028e-79,5.397605346934028e-79,1334.0,72.28,191.1,32.63,27.9
69984.0,16.0,2.0,163.5,84.4,31.6,95.7,2.0,2.0,360.0,3.0,2.0,1932.0,84.27999999999999,194.86,91.1,48.0
69988.0,14.0,1.0,168.6,49.7,17.5,73.2,1.0,2.0,360.0,3.0,1.0,4267.0,147.32999999999998,429.5,224.29000000000002,21.0
69990.0,23.0,2.0,181.1,101.6,31.0,106.2,2.0,1.0,600.0,4.0,5.397605346934028e-79,2817.0,109.5,379.74000000000007,103.91000000000003,34.0
69991.0,56.0,2.0,160.0,75.3,29.4,90.5,2.0,1.0,240.0,5.0,5.397605346934028e-79,2357.0,79.78999999999999,322.12,98.19,40.9
69993.0,40.0,2.0,156.6,118.4,48.3,132.5,2.0,2.0,300.0,2.0,5.397605346934028e-79,2351.0,62.61,326.05,89.85,48.9
69994.0,21.0,2.0,151.6,41.9,18.2,64.2,2.0,2.0,300.0,5.397605346934028e-79,4.0,1567.0,47.099999999999994,262.65,36.61,29.8
69995.0,18.0,1.0,164.0,63.9,23.8,81.0,1.0,2.0,480.0,3.0,8.0,2573.0,97.52000000000001,339.54999999999995,95.04999999999998,20.1
69997.0,46.0,1.0,177.4,104.0,33.0,105.8,1.0,1.0,660.0,1.0,1.0,5147.0,171.73000000000002,714.3100000000001,198.22999999999996,25.5
69999.0,29.0,2.0,149.2,56.2,25.2,80.4,2.0,2.0,360.0,5.0,8.0,1427.0,65.32,140.52,68.5,34.6
70000.0,59.0,2.0,160.7,76.5,29.6,97.6,2.0,2.0,240.0,3.0,3.0,701.0,47.22,109.90000000000003,10.280000000000001,47.1
70004.0,12.0,1.0,154.6,44.7,18.7,71.3,1.0,2.0,480.0,2.0,1.0,4184.0,182.56,525.32,153.96999999999997,25.5
70008.0,55.0,2.0,166.1,71.7,26.0,96.0,2.0,1.0,120.0,1.0,5.397605346934028e-79,1125.0,25.56,225.4,21.92,39.5
70009.0,26.0,1.0,182.2,91.7,27.6,89.7,2.0,1.0,960.0,1.0,5.397605346934028e-79,3274.0,112.61000000000001,314.75,74.79,20.3
70010.0,58.0,2.0,152.1,62.9,27.2,90.6,2.0,2.0,120.0,1.0,1.0,1133.0,46.660000000000004,128.06,47.239999999999995,41.5
70011.0,14.0,1.0,153.4,42.8,18.2,64.3,1.0,2.0,420.0,4.0,5.397605346934028e-79,1761.0,75.32000000000001,251.37,51.34,15.8
70014.0,32.0,1.0,179.5,92.2,28.6,103.2,1.0,2.0,300.0,5.397605346934028e-79,2.0,1959.0,53.70000000000001,230.5,99.41999999999999,34.2
70015.0,57.0,1.0,187.1,94.2,26.9,97.1,1.0,1.0,180.0,3.0,3.0,2306.0,96.55,259.60999999999996,97.20000000000002,22.4
70017.0,14.0,2.0,160.3,49.4,19.2,68.7,1.0,2.0,540.0,1.0,2.0,1484.0,82.49,132.51,70.5,29.0
70018.0,28.0,1.0,180.2,131.1,40.4,118.7,2.0,1.0,240.0,2.0,5.397605346934028e-79,5364.0,198.80999999999997,698.5999999999999,194.56,28.1
70019.0,38.0,1.0,171.3,77.1,26.3,86.0,2.0,2.0,240.0,3.0,3.0,1994.0,53.24,250.21999999999997,54.940000000000005,19.8
70025.0,16.0,2.0,150.8,64.8,28.5,85.7,1.0,1.0,480.0,5.0,5.0,1027.0,35.37,139.84,36.87,32.0
70026.0,31.0,1.0,170.7,184.5,63.3,148.5,1.0,2.0,240.0,5.0,3.0,2387.0,58.39,380.63,59.64,42.2
70033.0,53.0,2.0,168.0,91.1,32.3,103.1,2.0,2.0,540.0,2.0,5.397605346934028e-79,1576.0,48.4,194.00000000000003,73.2,40.3
70043.0,12.0,2.0,165.2,66.0,24.2,82.5,2.0,2.0,600.0,1.0,2.0,1932.0,75.06,238.95,81.95,34.4
70045.0,35.0,2.0,170.3,59.7,20.6,78.0,1.0,2.0,120.0,5.397605346934028e-79,1.0,3694.0,121.08,403.09999999999997,183.21999999999997,26.2
70046.0,55.0,1.0,170.9,65.3,22.4,85.7,2.0,2.0,420.0,2.0,5.397605346934028e-79,1957.0,109.91999999999999,252.09000000000006,58.36,25.4
70047.0,19.0,2.0,161.2,58.9,22.7,83.0,1.0,1.0,360.0,5.0,5.0,1347.0,42.92,198.89,45.15,38.8
70049.0,41.0,1.0,162.6,86.6,32.8,106.1,2.0,1.0,360.0,2.0,3.0,844.0,28.13,118.27,29.860000000000003,28.6
70050.0,49.0,2.0,163.2,68.1,25.6,90.0,2.0,2.0,240.0,8.0,1.0,1429.0,27.27,250.23000000000002,38.29,29.8
70052.0,28.0,2.0,153.2,42.1,17.9,68.5,1.0,2.0,300.0,3.0,4.0,1095.0,55.21,180.34,17.04,26.1
70055.0,47.0,2.0,164.7,72.1,26.6,86.3,2.0,2.0,8.0,1.0,1.0,1762.0,66.25,238.92000000000002,61.339999999999996,34.5
70058.0,38.0,1.0,169.9,59.9,20.8,74.8,1.0,2.0,360.0,1.0,2.0,3242.0,133.09,380.31,138.55,18.7
70063.0,43.0,2.0,176.1,67.4,21.7,82.5,2.0,2.0,720.0,5.0,1.0,2584.0,66.47000000000001,247.41000000000003,153.18,34.8
70066.0,47.0,1.0,175.0,90.4,29.5,100.6,2.0,2.0,180.0,5.0,2.0,2131.0,91.22,192.14,72.92,23.0
70069.0,50.0,2.0,155.6,70.1,29.0,95.5,2.0,2.0,180.0,1.0,8.0,1217.0,62.82000000000001,145.19,42.96,38.3
70072.0,53.0,1.0,173.9,106.5,35.2,122.0,2.0,1.0,720.0,2.0,3.0,2605.0,91.60999999999999,250.73000000000002,91.94999999999997,29.7
70073.0,19.0,1.0,166.5,56.1,20.2,76.7,2.0,2.0,300.0,3.0,5.0,2019.0,55.94,293.35,74.14,22.8
70074.0,16.0,1.0,167.4,55.8,19.9,71.2,1.0,1.0,360.0,5.397605346934028e-79,8.0,3117.0,113.58,458.98,103.04,17.5
70076.0,14.0,1.0,166.3,52.5,19.0,66.0,2.0,2.0,300.0,2.0,2.0,1831.0,74.49,204.01000000000002,80.68999999999998,17.5
70077.0,58.0,2.0,148.0,59.9,27.3,95.7,2.0,2.0,180.0,1.0,8.0,1102.0,47.69,169.14,27.070000000000004,39.8
70078.0,33.0,2.0,150.4,55.7,24.6,76.5,2.0,2.0,300.0,3.0,5.397605346934028e-79,1261.0,68.02000000000001,121.93000000000002,54.62,36.0
70080.0,32.0,2.0,155.4,76.5,31.7,106.6,2.0,1.0,300.0,2.0,2.0,2173.0,81.10000000000001,283.21999999999997,85.66999999999999,46.1
70081.0,19.0,2.0,176.6,72.4,23.2,79.5,2.0,1.0,480.0,5.397605346934028e-79,8.0,1093.0,48.97,123.95,45.85,28.5
70082.0,29.0,2.0,163.7,73.7,27.5,90.4,1.0,2.0,480.0,3.0,1.0,719.0,57.56999999999999,63.56,30.130000000000003,37.0
70086.0,18.0,1.0,161.4,56.6,21.7,73.4,1.0,2.0,300.0,3.0,2.0,2542.0,69.85000000000001,309.57000000000005,120.56,17.3
70088.0,47.0,1.0,165.6,60.8,22.2,89.0,2.0,2.0,180.0,5.397605346934028e-79,1.0,2864.0,103.02000000000002,415.69,60.42999999999999,23.7
70092.0,24.0,1.0,184.1,85.5,25.2,96.0,1.0,1.0,480.0,4.0,1.0,2951.0,97.51,401.55999999999995,109.53,30.0
70093.0,14.0,1.0,178.8,63.0,19.7,73.4,1.0,2.0,360.0,2.0,1.0,1449.0,76.06,188.88000000000002,45.27,26.2
70099.0,17.0,1.0,168.0,73.3,26.0,79.5,1.0,2.0,540.0,2.0,3.0,2055.0,76.51999999999998,295.67,69.25999999999999,18.2
70101.0,45.0,2.0,173.2,75.6,25.2,87.4,2.0,2.0,480.0,5.0,5.397605346934028e-79,1856.0,102.7,128.39,103.35,41.7
70103.0,56.0,2.0,168.4,78.6,27.7,102.6,2.0,2.0,840.0,4.0,1.0,1861.0,98.53999999999999,212.78999999999994,72.02,40.9
70106.0,18.0,1.0,171.2,78.6,26.8,95.8,2.0,1.0,300.0,3.0,2.0,1163.0,71.87,127.46999999999998,42.519999999999996,33.2
70109.0,57.0,1.0,174.4,92.2,30.3,111.6,2.0,1.0,360.0,2.0,3.0,2222.0,116.35,130.7,100.76999999999998,35.2
70115.0,36.0,2.0,158.0,51.4,20.6,83.0,2.0,1.0,240.0,1.0,8.0,2556.0,97.03999999999998,258.96,126.91999999999999,36.5
70117.0,46.0,1.0,177.5,77.6,24.6,93.3,2.0,1.0,540.0,5.397605346934028e-79,8.0,3425.0,140.69,304.6900000000001,182.23,27.7
70119.0,19.0,1.0,169.1,73.5,25.7,87.2,1.0,1.0,240.0,2.0,5.397605346934028e-79,5285.0,195.77999999999997,570.8699999999999,224.27000000000004,23.7
70122.0,37.0,2.0,169.8,125.7,43.6,128.3,2.0,2.0,360.0,3.0,1.0,990.0,42.49,104.52,44.839999999999996,46.6
70123.0,45.0,2.0,162.8,69.8,26.3,91.2,2.0,2.0,300.0,5.397605346934028e-79,8.0,1053.0,33.46,165.67000000000002,29.82,39.0
70125.0,30.0,1.0,189.3,140.7,39.3,122.5,2.0,2.0,10.0,3.0,3.0,2584.0,106.22,316.99,103.92,37.7
70130.0,42.0,1.0,179.4,100.4,31.2,102.9,2.0,2.0,360.0,2.0,5.0,1099.0,52.800000000000004,104.36,52.82,27.2
70131.0,53.0,2.0,170.6,103.5,35.6,115.6,2.0,1.0,600.0,2.0,1.0,1467.0,41.28999999999999,174.26000000000002,70.83000000000001,39.3
70133.0,30.0,1.0,165.6,63.5,23.2,79.4,1.0,2.0,420.0,4.0,8.0,3786.0,186.52,458.74999999999994,141.91,17.5
70134.0,47.0,2.0,173.4,93.0,30.9,107.4,2.0,1.0,480.0,3.0,5.397605346934028e-79,2128.0,100.69999999999997,267.88,74.38,36.3
70137.0,17.0,1.0,171.3,70.4,24.0,79.3,2.0,2.0,120.0,5.397605346934028e-79,4.0,2164.0,62.68,270.34000000000003,97.13,19.6
70144.0,12.0,1.0,144.4,42.6,20.4,75.6,2.0,1.0,480.0,1.0,5.397605346934028e-79,3084.0,93.42,433.23,110.81000000000002,29.5
70145.0,49.0,2.0,163.6,86.2,32.2,105.2,1.0,1.0,300.0,2.0,2.0,1971.0,49.23,311.48,60.59,36.8
70146.0,12.0,2.0,154.6,44.6,18.7,68.5,1.0,2.0,780.0,5.397605346934028e-79,5.0,3524.0,67.83,436.6599999999999,174.63000000000002,32.6
70147.0,14.0,1.0,164.3,64.3,23.8,77.2,1.0,1.0,480.0,3.0,3.0,1617.0,94.06,202.97,47.69,22.4
70149.0,13.0,1.0,169.7,54.1,18.8,74.0,1.0,1.0,540.0,3.0,1.0,2001.0,83.44,275.89,61.900000000000006,26.9
70150.0,39.0,1.0,180.3,103.7,31.9,108.3,1.0,2.0,480.0,1.0,1.0,1934.0,86.81000000000002,240.10999999999999,73.64999999999999,38.2
70152.0,50.0,2.0,169.9,86.6,30.0,105.0,1.0,2.0,300.0,1.0,1.0,2582.0,73.03,190.83,101.61999999999999,41.3
70155.0,18.0,1.0,181.7,64.1,19.4,76.8,2.0,2.0,60.0,5.0,5.397605346934028e-79,1062.0,28.2,186.43,24.939999999999998,19.4
70158.0,53.0,2.0,156.1,69.9,28.7,85.2,2.0,2.0,360.0,2.0,5.397605346934028e-79,2338.0,81.13,261.28999999999996,112.43,43.1
70159.0,13.0,1.0,153.8,48.0,20.3,65.5,1.0,1.0,420.0,5.0,2.0,3603.0,131.3,483.16999999999996,132.20000000000002,21.4
70162.0,34.0,1.0,178.5,97.1,30.5,105.2,1.0,1.0,300.0,5.0,5.0,3350.0,89.98,382.26000000000005,129.02,27.5
70163.0,53.0,2.0,149.4,76.6,34.3,102.0,2.0,1.0,840.0,1.0,3.0,1493.0,85.35,81.99999999999999,95.75,41.0
70164.0,46.0,2.0,161.5,107.3,41.1,127.3,2.0,2.0,300.0,4.0,8.0,4657.0,97.79,555.46,234.76,46.9
70165.0,18.0,2.0,163.8,86.3,32.2,98.0,2.0,2.0,720.0,3.0,3.0,3002.0,86.83,391.1099999999999,123.35,40.5
70166.0,20.0,1.0,165.5,86.2,31.5,101.0,1.0,1.0,480.0,2.0,2.0,3176.0,117.96,452.31000000000006,101.47000000000003,26.9
70167.0,47.0,2.0,157.3,71.3,28.8,100.6,2.0,2.0,300.0,4.0,5.397605346934028e-79,2941.0,80.19,391.54,119.61,41.4
70169.0,23.0,2.0,156.1,56.7,23.3,94.0,2.0,2.0,480.0,5.0,5.0,1691.0,39.21,268.56,54.82,40.2
70170.0,59.0,2.0,164.0,101.8,37.8,123.5,2.0,2.0,240.0,5.0,8.0,1744.0,62.7,241.65,64.41,48.2
70171.0,30.0,2.0,170.4,58.4,20.1,80.4,2.0,1.0,600.0,5.0,1.0,4361.0,107.31,586.9,181.65000000000003,22.8
70176.0,23.0,2.0,168.0,61.7,21.9,81.2,2.0,2.0,300.0,2.0,5.397605346934028e-79,2513.0,67.17999999999999,281.53,105.52000000000001,31.6
70177.0,20.0,2.0,177.7,60.9,19.3,77.2,2.0,1.0,420.0,2.0,1.0,1661.0,77.14,209.75000000000003,59.92,32.4
70183.0,37.0,2.0,147.7,93.2,42.7,101.5,2.0,2.0,360.0,4.0,4.0,1831.0,66.70000000000002,243.34999999999997,68.44,53.1
70184.0,16.0,1.0,174.2,66.8,22.0,75.5,1.0,2.0,120.0,1.0,5.0,2785.0,81.81,365.39,109.90999999999998,17.1
70186.0,48.0,1.0,174.3,101.9,33.5,111.0,2.0,2.0,240.0,2.0,2.0,2044.0,103.51,247.18000000000006,79.75999999999999,29.9
70191.0,52.0,2.0,165.2,71.5,26.2,88.3,2.0,2.0,240.0,1.0,8.0,1460.0,39.910000000000004,273.26,28.740000000000002,35.5
70192.0,22.0,2.0,159.5,53.2,20.9,75.4,1.0,1.0,360.0,2.0,5.397605346934028e-79,1526.0,34.459999999999994,235.42999999999998,52.8,31.6
70193.0,17.0,2.0,158.4,50.9,20.3,68.1,2.0,1.0,180.0,1.0,8.0,347.0,2.97,66.85,8.94,33.8
70194.0,29.0,2.0,156.4,55.6,22.7,81.1,1.0,1.0,420.0,2.0,5.397605346934028e-79,1365.0,113.13999999999997,108.15999999999998,32.88,36.4
70200.0,52.0,1.0,170.0,91.0,31.5,104.7,1.0,1.0,180.0,2.0,5.397605346934028e-79,2879.0,116.12,388.89999999999986,104.35000000000001,26.0
70202.0,22.0,1.0,167.3,75.7,27.0,94.0,1.0,2.0,420.0,1.0,2.0,2155.0,66.32,249.54,45.57,29.9
70204.0,20.0,2.0,163.0,108.3,40.8,122.2,2.0,2.0,360.0,2.0,4.0,1360.0,58.11,208.10999999999999,34.26,46.8
70206.0,34.0,2.0,148.9,49.8,22.5,80.4,1.0,1.0,360.0,1.0,5.397605346934028e-79,2037.0,60.13999999999999,321.83,55.59000000000001,38.6
70210.0,47.0,1.0,176.1,93.8,30.2,105.7,1.0,1.0,120.0,2.0,4.0,3977.0,245.53000000000003,382.77000000000004,161.05,26.7
70213.0,35.0,1.0,177.9,89.1,28.2,96.5,2.0,2.0,240.0,1.0,3.0,5067.0,115.13000000000001,766.3100000000001,177.76,21.1
70214.0,21.0,1.0,169.8,71.8,24.9,81.6,1.0,1.0,420.0,5.0,3.0,2904.0,67.04,274.74,100.61000000000003,25.3
70217.0,40.0,1.0,173.7,62.6,20.7,80.8,1.0,1.0,540.0,2.0,2.0,2164.0,76.44,270.44,69.48,22.6
70220.0,31.0,2.0,155.7,66.6,27.5,90.0,2.0,1.0,180.0,2.0,5.397605346934028e-79,2545.0,89.97,271.16,124.99999999999999,36.5
70223.0,47.0,1.0,184.1,105.3,31.1,109.0,2.0,2.0,360.0,4.0,5.397605346934028e-79,1584.0,29.79,236.35000000000002,59.67,30.3
70224.0,19.0,2.0,153.0,62.0,26.5,78.2,1.0,1.0,240.0,1.0,1.0,1836.0,96.81000000000002,217.04000000000002,65.22,30.6
70225.0,25.0,1.0,182.6,113.1,33.9,108.8,2.0,1.0,480.0,5.0,4.0,2794.0,106.14000000000001,249.46000000000004,156.72,29.5
70227.0,46.0,2.0,163.9,76.3,28.4,94.0,1.0,2.0,30.0,5.397605346934028e-79,1.0,857.0,42.32,102.05000000000001,31.43,36.4
70229.0,30.0,2.0,153.9,87.6,37.0,114.0,2.0,2.0,360.0,5.0,5.397605346934028e-79,2357.0,73.22,277.35,82.94,48.8
70230.0,24.0,1.0,178.2,61.0,19.2,75.5,2.0,2.0,480.0,1.0,4.0,1503.0,54.620000000000005,200.68,54.96,23.4
70231.0,37.0,2.0,161.5,83.0,31.8,100.5,2.0,1.0,240.0,2.0,5.397605346934028e-79,2058.0,75.93,266.34,80.95,48.8
70232.0,18.0,2.0,166.9,68.7,24.7,82.4,2.0,1.0,360.0,4.0,5.397605346934028e-79,1450.0,45.21,187.05,59.16,37.9
70233.0,12.0,2.0,155.5,43.5,18.0,70.0,1.0,2.0,720.0,4.0,1.0,3093.0,85.60999999999999,386.23999999999995,138.19,24.4
70237.0,13.0,1.0,165.4,54.0,19.7,72.1,1.0,1.0,420.0,5.0,1.0,2154.0,104.06,301.09000000000003,62.980000000000004,20.3
70238.0,25.0,2.0,157.8,59.0,23.7,81.6,2.0,1.0,60.0,5.397605346934028e-79,8.0,1873.0,45.46,258.3,76.85000000000001,33.9
70239.0,43.0,2.0,166.0,77.1,28.0,90.1,2.0,2.0,480.0,3.0,1.0,3046.0,115.67,478.90999999999997,79.72000000000001,38.3
70247.0,54.0,2.0,165.9,63.2,23.0,83.5,2.0,1.0,360.0,4.0,5.397605346934028e-79,2132.0,74.78999999999999,306.82000000000005,68.36,38.4
70251.0,43.0,2.0,166.5,72.8,26.3,93.3,2.0,1.0,120.0,2.0,8.0,1690.0,105.67,225.16,41.92999999999999,39.3
70254.0,42.0,2.0,157.9,77.8,31.2,96.6,2.0,2.0,480.0,2.0,1.0,1938.0,59.88,272.56999999999994,69.8,40.1
70255.0,38.0,2.0,148.8,61.8,27.9,90.4,2.0,2.0,180.0,4.0,8.0,695.0,35.92,87.07000000000001,22.61,43.7
70258.0,24.0,2.0,174.1,75.9,25.0,94.2,2.0,1.0,420.0,5.397605346934028e-79,2.0,1055.0,45.27,116.98,47.370000000000005,34.3
70264.0,23.0,2.0,162.4,49.3,18.7,72.0,2.0,2.0,840.0,2.0,4.0,2505.0,100.69000000000001,276.85,112.08000000000001,32.4
70265.0,46.0,2.0,168.4,78.4,27.6,97.0,1.0,1.0,180.0,3.0,2.0,1402.0,95.84,155.62,43.790000000000006,41.7
70267.0,32.0,1.0,173.9,73.0,24.1,81.2,2.0,2.0,240.0,3.0,5.0,1756.0,58.97,242.23,65.46000000000001,23.6
70275.0,20.0,2.0,169.2,81.4,28.4,94.2,2.0,2.0,600.0,3.0,4.0,2010.0,47.21,320.22999999999996,63.83,37.5
70276.0,51.0,2.0,163.9,53.1,19.8,77.8,1.0,2.0,720.0,2.0,5.397605346934028e-79,2727.0,89.43,319.33000000000004,126.35,31.8
70279.0,53.0,2.0,154.8,69.1,28.8,91.0,2.0,2.0,240.0,1.0,8.0,4003.0,76.25999999999999,571.4200000000001,175.76,37.6
70280.0,18.0,1.0,182.6,108.4,32.5,104.5,1.0,1.0,120.0,2.0,2.0,1384.0,59.709999999999994,217.32999999999996,32.61,30.8
70281.0,30.0,2.0,166.9,70.0,25.1,89.9,2.0,1.0,720.0,3.0,1.0,2545.0,64.71999999999998,381.83,58.31999999999999,36.8
70282.0,24.0,1.0,167.3,79.5,28.4,92.8,2.0,1.0,180.0,3.0,8.0,4710.0,193.21000000000004,534.68,145.26999999999998,23.4
70286.0,18.0,1.0,179.8,82.2,25.4,86.3,1.0,1.0,480.0,2.0,5.397605346934028e-79,3090.0,133.01,395.64,109.41999999999999,22.6
70288.0,37.0,2.0,163.9,79.9,29.7,97.5,2.0,1.0,180.0,1.0,8.0,2043.0,63.35,406.11,24.32,36.2
70291.0,25.0,2.0,167.8,114.1,40.5,130.4,2.0,1.0,480.0,4.0,8.0,1427.0,28.519999999999996,242.16000000000003,42.11,46.0
70292.0,48.0,2.0,166.1,85.5,31.0,97.8,2.0,2.0,180.0,5.0,2.0,1868.0,57.330000000000005,188.68,100.78000000000002,45.1
70293.0,51.0,2.0,153.7,58.1,24.6,80.3,2.0,2.0,120.0,1.0,8.0,2002.0,71.69,197.98,108.74,33.9
70295.0,47.0,1.0,174.0,102.0,33.7,106.5,2.0,1.0,300.0,3.0,8.0,3544.0,107.33,418.1900000000001,107.19000000000001,25.7
70300.0,46.0,1.0,180.2,93.3,28.7,103.0,2.0,2.0,480.0,2.0,5.397605346934028e-79,1802.0,80.31000000000002,211.31,72.13999999999999,28.9
70302.0,23.0,1.0,179.2,96.7,30.1,98.8,1.0,1.0,780.0,3.0,2.0,1418.0,56.7,168.64,57.260000000000005,26.4
70303.0,56.0,1.0,165.1,88.2,32.4,107.8,1.0,2.0,180.0,1.0,8.0,3020.0,133.45000000000005,387.6600000000001,110.07,32.7
70306.0,20.0,1.0,175.8,55.2,17.9,66.1,1.0,2.0,300.0,1.0,5.397605346934028e-79,3151.0,131.17,398.15000000000003,116.43,14.6
70307.0,22.0,1.0,177.4,75.0,23.8,88.0,2.0,2.0,360.0,2.0,4.0,3764.0,172.93,399.26,164.87,24.8
70313.0,37.0,2.0,167.0,123.4,44.2,134.3,2.0,1.0,360.0,1.0,2.0,1646.0,88.78000000000002,180.42,63.489999999999995,46.3
70317.0,51.0,1.0,168.1,76.8,27.2,94.7,2.0,2.0,360.0,1.0,8.0,1337.0,86.03,129.31,18.87,27.6
70318.0,23.0,2.0,163.3,63.5,23.8,79.1,2.0,2.0,600.0,4.0,3.0,2097.0,50.279999999999994,288.79,88.84,35.1
70319.0,55.0,1.0,169.8,68.7,23.8,91.0,2.0,1.0,360.0,5.0,8.0,1893.0,127.60999999999999,232.67,46.38000000000001,23.9
70322.0,16.0,1.0,167.7,67.9,24.1,84.2,1.0,2.0,120.0,1.0,2.0,749.0,54.74999999999999,110.24999999999999,13.680000000000001,26.9
70324.0,14.0,2.0,157.8,58.1,23.3,77.2,1.0,2.0,840.0,4.0,2.0,1426.0,30.69,201.31,57.39,33.8
70326.0,35.0,1.0,172.9,118.0,39.5,126.7,2.0,1.0,180.0,3.0,5.0,1524.0,53.650000000000006,202.0,61.830000000000005,31.4
70328.0,27.0,1.0,181.1,104.4,31.8,109.4,2.0,1.0,120.0,5.397605346934028e-79,5.397605346934028e-79,2059.0,59.54,284.38,34.09,31.5
70333.0,20.0,2.0,168.1,50.9,18.0,72.7,2.0,2.0,480.0,1.0,5.397605346934028e-79,2407.0,58.79,330.46,96.86999999999999,30.1
70335.0,53.0,2.0,152.5,84.8,36.5,109.5,2.0,1.0,780.0,2.0,1.0,2016.0,52.419999999999995,205.63,113.92,48.8
70337.0,38.0,1.0,172.5,89.7,30.1,103.5,2.0,1.0,480.0,3.0,1.0,2885.0,118.29000000000002,266.61,152.11,26.9
70338.0,36.0,2.0,154.6,72.9,30.5,98.0,2.0,1.0,300.0,2.0,5.397605346934028e-79,3250.0,131.96,425.06999999999994,115.65000000000002,41.4
70340.0,16.0,2.0,153.6,63.1,26.7,84.4,2.0,1.0,480.0,2.0,5.397605346934028e-79,1642.0,68.49000000000001,251.11,41.38000000000001,35.2
70350.0,18.0,2.0,157.4,58.5,23.6,81.4,2.0,2.0,720.0,5.0,5.0,1191.0,41.239999999999995,161.14000000000001,43.160000000000004,38.1
70352.0,55.0,2.0,163.6,70.1,26.2,102.0,2.0,2.0,360.0,3.0,8.0,1039.0,40.6,120.53000000000002,44.05,35.7
70354.0,17.0,1.0,186.3,56.6,16.3,62.2,2.0,1.0,720.0,5.397605346934028e-79,1.0,791.0,27.060000000000002,104.99,30.249999999999996,16.1
70356.0,25.0,2.0,167.6,102.0,36.3,124.6,2.0,2.0,600.0,5.0,8.0,1155.0,17.07,261.64,7.849999999999999,45.9
70357.0,43.0,2.0,150.9,56.0,24.6,80.5,2.0,1.0,360.0,1.0,1.0,1277.0,34.42,163.25000000000003,58.37,42.6
70358.0,44.0,2.0,168.8,59.5,20.9,79.2,2.0,1.0,60.0,1.0,5.397605346934028e-79,1440.0,33.39,115.78,79.19,34.0
70366.0,49.0,2.0,173.6,110.7,36.7,105.8,2.0,1.0,480.0,5.397605346934028e-79,5.397605346934028e-79,1102.0,20.630000000000003,194.23999999999998,29.549999999999997,46.9
70375.0,19.0,2.0,159.6,84.1,33.0,103.2,2.0,1.0,120.0,1.0,5.397605346934028e-79,2130.0,55.260000000000005,302.07000000000005,81.21,38.0
70376.0,17.0,1.0,166.3,66.6,24.1,85.1,2.0,2.0,240.0,5.0,5.0,2468.0,56.95000000000001,378.11999999999995,86.2,27.0
70378.0,53.0,1.0,172.0,60.8,20.6,85.0,2.0,1.0,300.0,2.0,5.397605346934028e-79,855.0,33.08,109.33,34.43000000000001,29.0
70381.0,24.0,1.0,177.8,121.3,38.4,126.1,2.0,2.0,300.0,3.0,5.0,2741.0,116.55,330.11999999999995,109.06,37.4
70384.0,25.0,1.0,180.2,63.8,19.6,72.9,1.0,2.0,120.0,3.0,3.0,2921.0,116.78,333.88,68.38,13.7
70385.0,57.0,2.0,165.6,71.7,26.1,90.0,2.0,1.0,660.0,5.0,2.0,3640.0,178.38999999999996,211.75,228.84,38.0
70386.0,38.0,1.0,189.8,158.6,44.0,149.3,2.0,2.0,480.0,5.0,8.0,806.0,39.980000000000004,97.81,28.270000000000003,33.9
70388.0,12.0,1.0,159.9,41.1,16.1,63.5,2.0,1.0,600.0,3.0,4.0,1173.0,33.199999999999996,173.5,40.49,29.9
70394.0,47.0,1.0,183.2,90.3,26.9,100.0,1.0,1.0,720.0,4.0,3.0,3543.0,135.10999999999996,538.8699999999999,104.03000000000002,29.5
70397.0,19.0,1.0,171.5,82.4,28.0,88.1,1.0,1.0,360.0,1.0,4.0,2154.0,164.13000000000002,250.24,52.89,35.1
70398.0,57.0,2.0,150.1,61.6,27.3,83.3,2.0,2.0,120.0,1.0,8.0,1456.0,35.519999999999996,197.17000000000004,23.779999999999994,39.3
70399.0,24.0,1.0,174.4,73.9,24.3,89.2,2.0,2.0,360.0,5.397605346934028e-79,4.0,2068.0,66.33,232.41000000000003,99.58,25.6
70401.0,47.0,1.0,165.2,60.8,22.3,83.4,2.0,2.0,420.0,1.0,1.0,1869.0,40.73,261.41999999999996,77.93,25.4
70408.0,33.0,1.0,193.3,115.3,30.9,116.9,1.0,1.0,360.0,2.0,3.0,2022.0,78.76,270.78999999999996,73.72,30.6
70409.0,44.0,1.0,178.7,93.3,29.2,105.1,2.0,1.0,720.0,5.0,5.0,4400.0,145.05,544.0,185.15,29.5
70411.0,23.0,2.0,156.7,53.7,21.9,74.0,2.0,2.0,300.0,2.0,1.0,4521.0,104.11999999999999,486.90999999999997,89.51,29.8
70412.0,14.0,1.0,170.1,88.6,30.6,106.0,2.0,2.0,660.0,5.0,3.0,4185.0,144.45000000000002,619.63,130.33,41.1
70413.0,51.0,1.0,159.9,67.4,26.4,86.8,2.0,1.0,120.0,2.0,3.0,2048.0,95.18,165.53,114.24000000000001,24.3
70414.0,25.0,2.0,173.0,63.5,21.2,73.8,2.0,1.0,480.0,5.397605346934028e-79,5.397605346934028e-79,1809.0,61.34,242.95999999999998,69.77999999999999,32.2
70420.0,55.0,2.0,159.4,100.0,39.4,122.0,2.0,2.0,120.0,2.0,8.0,858.0,32.17,154.10999999999999,15.839999999999998,45.0
70421.0,51.0,2.0,164.5,99.5,36.8,116.0,2.0,2.0,120.0,1.0,5.0,1208.0,44.87,178.45000000000002,34.88,48.4
70423.0,52.0,1.0,172.8,88.6,29.7,99.3,2.0,1.0,360.0,5.397605346934028e-79,1.0,3091.0,112.82999999999998,351.97999999999996,140.53,26.8
70424.0,28.0,1.0,171.7,99.0,33.6,110.5,2.0,2.0,240.0,3.0,5.0,2505.0,74.60000000000001,320.26000000000005,50.550000000000004,31.9
70427.0,36.0,2.0,159.0,57.3,22.7,69.7,2.0,1.0,480.0,2.0,2.0,1126.0,26.939999999999998,169.73000000000002,39.93,34.1
70429.0,44.0,2.0,169.6,91.9,31.9,112.0,2.0,2.0,480.0,4.0,5.0,2392.0,88.55,241.82000000000002,121.73,44.5
70430.0,37.0,2.0,171.1,58.3,19.9,69.9,1.0,1.0,240.0,3.0,1.0,1290.0,52.56,125.79,49.379999999999995,29.9
70431.0,20.0,2.0,149.6,55.9,25.0,77.2,2.0,1.0,480.0,2.0,3.0,1253.0,27.080000000000002,166.73000000000002,53.55,38.7
70433.0,16.0,1.0,164.7,61.4,22.6,77.7,2.0,1.0,600.0,1.0,5.397605346934028e-79,2081.0,71.31,278.32,77.01,16.7
70435.0,17.0,2.0,160.3,55.2,21.5,73.7,2.0,2.0,720.0,5.0,5.0,1503.0,62.10999999999999,219.06,45.63999999999999,36.0
70437.0,43.0,1.0,165.8,81.8,29.8,95.8,1.0,1.0,600.0,2.0,8.0,3159.0,110.09,478.62000000000006,93.44,29.2
70438.0,42.0,1.0,173.1,108.3,36.1,121.0,2.0,1.0,720.0,3.0,1.0,3419.0,71.81,310.42,76.27000000000001,30.9
70439.0,24.0,2.0,168.1,64.5,22.8,78.0,2.0,2.0,480.0,1.0,1.0,1284.0,55.38000000000001,156.98000000000002,48.900000000000006,31.2
70440.0,14.0,1.0,159.3,52.8,20.8,68.5,1.0,1.0,540.0,5.397605346934028e-79,2.0,3292.0,74.95000000000002,565.53,87.89999999999999,15.8
70442.0,57.0,2.0,166.2,78.9,28.6,103.2,2.0,2.0,600.0,5.0,2.0,1165.0,36.68,165.67000000000002,40.300000000000004,46.7
70443.0,52.0,2.0,153.1,86.5,36.9,110.0,2.0,1.0,600.0,2.0,5.397605346934028e-79,1127.0,40.38999999999999,129.06,53.70000000000001,45.3
70444.0,13.0,1.0,161.8,55.3,21.1,77.2,2.0,1.0,360.0,5.0,2.0,3497.0,175.58,461.18,110.26999999999997,24.4
70446.0,45.0,2.0,145.4,52.5,24.8,84.2,2.0,2.0,120.0,2.0,8.0,1665.0,102.36,125.78,83.02,35.0
70447.0,29.0,1.0,181.4,75.2,22.9,87.6,1.0,2.0,300.0,1.0,1.0,2471.0,100.22999999999999,126.47999999999999,102.58,23.6
70448.0,29.0,1.0,175.4,90.1,29.3,95.9,2.0,1.0,240.0,8.0,2.0,4386.0,272.24,544.8,130.98,27.5
70449.0,12.0,2.0,157.0,47.5,19.3,69.8,1.0,1.0,480.0,3.0,5.397605346934028e-79,2057.0,66.73,276.0,78.48,26.3
70451.0,35.0,2.0,158.2,75.8,30.3,96.6,2.0,2.0,600.0,2.0,5.397605346934028e-79,1978.0,86.48000000000002,258.26,69.2,42.8
70452.0,17.0,1.0,177.7,107.9,34.2,102.5,1.0,2.0,180.0,1.0,2.0,1009.0,76.41,94.1,37.3,36.0
70457.0,40.0,2.0,157.2,47.0,19.0,75.9,2.0,2.0,600.0,5.397605346934028e-79,5.0,1564.0,63.620000000000005,154.49,81.74,29.9
70458.0,35.0,2.0,160.2,56.2,21.9,83.8,2.0,2.0,180.0,5.0,8.0,2522.0,48.90999999999999,448.11999999999995,59.77,31.4
70467.0,12.0,1.0,155.1,47.6,19.8,67.7,1.0,1.0,240.0,2.0,5.397605346934028e-79,2333.0,94.4,363.1700000000001,60.470000000000006,19.5
70471.0,16.0,2.0,171.1,109.8,37.5,122.8,1.0,2.0,720.0,3.0,4.0,1468.0,49.24,224.01999999999998,41.88,44.9
70472.0,12.0,1.0,172.4,77.0,25.9,82.9,2.0,2.0,540.0,3.0,1.0,1892.0,80.11999999999999,267.23,62.319999999999986,25.8
70473.0,50.0,2.0,151.8,71.3,30.9,93.5,2.0,2.0,60.0,5.397605346934028e-79,5.397605346934028e-79,1488.0,67.33999999999999,210.23000000000002,42.970000000000006,41.6
70474.0,44.0,1.0,184.9,76.5,22.4,85.2,1.0,1.0,240.0,4.0,2.0,2458.0,123.41,245.51999999999998,96.07,19.5
70479.0,25.0,2.0,162.9,65.1,24.5,81.8,2.0,1.0,300.0,2.0,2.0,1264.0,37.89000000000001,160.41,52.78,39.4
70481.0,24.0,1.0,176.4,123.7,39.8,127.2,1.0,1.0,240.0,3.0,5.0,594.0,13.5,134.8,4.68,34.3
70484.0,19.0,2.0,167.8,63.3,22.5,79.5,2.0,2.0,240.0,3.0,8.0,1845.0,54.33,250.09999999999997,69.78999999999999,33.8
70485.0,34.0,1.0,163.1,54.9,20.6,76.8,2.0,1.0,600.0,2.0,2.0,1541.0,83.3,222.79,33.14,23.1
70487.0,53.0,2.0,167.7,85.6,30.4,97.4,2.0,2.0,540.0,4.0,2.0,1545.0,49.29999999999999,219.51999999999998,52.88999999999999,46.0
70494.0,25.0,1.0,168.1,104.9,37.1,120.6,2.0,2.0,240.0,1.0,5.397605346934028e-79,2289.0,109.11,227.37,103.95,38.2
70499.0,47.0,2.0,155.1,80.6,33.5,100.4,2.0,2.0,120.0,2.0,8.0,1149.0,51.43000000000001,123.24,49.99,39.8
70500.0,15.0,1.0,170.9,42.0,14.4,66.1,1.0,2.0,480.0,3.0,5.397605346934028e-79,2574.0,78.19000000000001,380.05,84.87,17.5
70501.0,49.0,2.0,165.8,87.9,32.0,98.0,2.0,2.0,600.0,5.0,4.0,1604.0,135.42000000000002,146.1,53.91999999999999,48.3
70503.0,18.0,2.0,157.8,55.7,22.4,69.4,1.0,1.0,240.0,4.0,3.0,1354.0,32.06,203.84,46.21,27.6
70504.0,59.0,1.0,159.0,56.6,22.4,79.5,2.0,2.0,480.0,5.0,8.0,1251.0,51.49,166.65000000000003,42.64999999999999,20.7
70511.0,36.0,1.0,180.7,77.7,23.8,98.0,2.0,1.0,8.0,5.397605346934028e-79,5.397605346934028e-79,2085.0,70.51000000000002,299.7299999999999,75.06,29.0
70512.0,25.0,2.0,156.0,60.9,25.0,83.8,1.0,1.0,420.0,5.0,3.0,1490.0,98.08999999999999,180.86,43.71999999999999,37.6
70514.0,22.0,2.0,156.3,81.4,33.3,111.5,2.0,1.0,480.0,2.0,2.0,674.0,42.28,94.16999999999999,14.329999999999998,45.6
70517.0,47.0,1.0,178.8,134.1,41.9,135.0,2.0,1.0,480.0,5.0,8.0,1855.0,46.13,178.07,109.21,32.7
70521.0,53.0,1.0,183.7,96.9,28.7,100.0,1.0,1.0,540.0,5.397605346934028e-79,5.397605346934028e-79,2494.0,112.07,291.53000000000003,96.44999999999999,29.5
70522.0,21.0,2.0,162.1,71.4,27.2,84.6,1.0,2.0,480.0,5.397605346934028e-79,1.0,1198.0,44.919999999999995,166.40999999999997,42.99,34.3
70523.0,31.0,1.0,178.7,100.8,31.6,94.6,2.0,1.0,240.0,1.0,3.0,2197.0,82.28,180.23000000000002,83.04,25.1
70528.0,15.0,1.0,187.7,71.9,20.4,74.0,1.0,2.0,480.0,5.397605346934028e-79,5.397605346934028e-79,3030.0,60.9,425.54,121.67999999999999,16.0
70529.0,49.0,1.0,167.7,78.2,27.8,100.0,2.0,2.0,240.0,4.0,5.397605346934028e-79,1643.0,35.35,246.89999999999998,21.91,32.1
70531.0,49.0,1.0,179.4,90.5,28.1,99.0,2.0,2.0,480.0,1.0,5.397605346934028e-79,1504.0,82.52,194.06,43.45,26.2
70533.0,51.0,2.0,152.8,71.1,30.5,83.0,2.0,1.0,720.0,3.0,5.397605346934028e-79,2106.0,65.25999999999999,244.41999999999996,103.06000000000002,48.6
70534.0,48.0,2.0,159.5,70.3,27.6,95.3,2.0,2.0,180.0,5.397605346934028e-79,5.397605346934028e-79,2496.0,82.35,358.16,84.99,41.2
70535.0,40.0,1.0,176.6,82.0,26.3,88.7,2.0,2.0,180.0,2.0,5.397605346934028e-79,2568.0,86.60000000000001,383.98,76.82000000000001,22.2
70536.0,30.0,1.0,183.6,83.2,24.7,86.2,1.0,1.0,120.0,2.0,5.397605346934028e-79,4312.0,223.66999999999996,482.0,123.30999999999999,17.0
70540.0,18.0,1.0,165.0,83.6,30.7,97.7,2.0,2.0,240.0,1.0,5.397605346934028e-79,1512.0,56.06,266.03999999999996,26.28,30.8
70541.0,13.0,2.0,163.6,53.8,20.1,72.7,2.0,2.0,540.0,5.397605346934028e-79,5.397605346934028e-79,2422.0,72.42,268.73,125.47999999999999,30.0
70542.0,14.0,2.0,150.8,39.0,17.1,60.0,2.0,2.0,540.0,3.0,8.0,1973.0,43.75,252.63,89.17999999999999,24.7
70547.0,39.0,2.0,164.0,63.1,23.5,85.0,2.0,2.0,240.0,4.0,3.0,1249.0,40.14,164.74,49.75,32.1
70548.0,34.0,1.0,160.0,62.6,24.5,86.2,2.0,2.0,180.0,1.0,8.0,1737.0,79.72000000000001,160.82,55.01,24.8
70551.0,37.0,1.0,188.6,100.8,28.3,104.0,2.0,2.0,480.0,5.0,5.0,1866.0,110.44999999999999,268.84999999999997,42.92,29.9
70554.0,37.0,2.0,174.6,100.3,32.9,105.0,2.0,1.0,180.0,2.0,8.0,3043.0,125.41000000000001,273.89000000000004,154.46,44.5
70558.0,14.0,1.0,181.9,97.2,29.4,102.0,1.0,1.0,780.0,4.0,3.0,1084.0,46.61,147.11,34.56,36.8
70561.0,42.0,1.0,172.0,73.1,24.7,84.8,1.0,2.0,300.0,4.0,8.0,1660.0,80.55999999999996,131.25000000000003,56.46000000000001,21.2
70562.0,52.0,1.0,182.4,82.8,24.9,103.5,2.0,2.0,240.0,2.0,8.0,2611.0,136.58,269.47999999999996,43.39,26.6
70566.0,31.0,2.0,159.3,74.5,29.4,87.2,2.0,2.0,480.0,4.0,1.0,2699.0,96.63000000000001,286.94000000000005,89.60000000000002,40.6
70573.0,24.0,1.0,172.1,100.6,34.0,110.3,1.0,2.0,180.0,5.397605346934028e-79,8.0,2856.0,163.28,236.72000000000003,135.36,23.8
70574.0,36.0,2.0,161.7,92.6,35.4,109.0,2.0,2.0,180.0,2.0,1.0,1837.0,52.559999999999995,226.57,74.4,41.9
70578.0,16.0,1.0,174.2,90.4,29.8,88.0,1.0,1.0,600.0,2.0,1.0,1565.0,46.12,221.67,57.080000000000005,23.7
70582.0,36.0,2.0,142.5,65.6,32.3,106.5,2.0,1.0,60.0,3.0,1.0,1039.0,44.06999999999999,149.73,32.519999999999996,42.3
70584.0,36.0,2.0,157.4,52.9,21.4,81.7,2.0,1.0,720.0,1.0,1.0,1642.0,74.88,247.68999999999994,42.86,35.4
70586.0,51.0,2.0,156.2,108.7,44.6,126.0,2.0,2.0,300.0,5.0,8.0,1074.0,62.06000000000001,96.60000000000001,25.97,47.9
70596.0,33.0,2.0,164.3,64.4,23.9,85.7,2.0,2.0,240.0,1.0,2.0,2598.0,97.85000000000001,399.42,81.53,34.4
70599.0,54.0,1.0,172.2,75.5,25.5,97.5,2.0,1.0,60.0,1.0,5.397605346934028e-79,5048.0,257.59999999999997,562.42,181.41,22.9
70603.0,55.0,1.0,172.2,90.3,30.5,108.4,2.0,1.0,240.0,5.397605346934028e-79,1.0,3324.0,108.81000000000002,436.7399999999999,135.92000000000002,29.7
70604.0,39.0,1.0,173.7,64.4,21.3,76.9,1.0,1.0,660.0,2.0,5.397605346934028e-79,2834.0,112.42999999999999,234.77999999999997,87.08999999999999,21.3
70605.0,56.0,1.0,180.7,89.2,27.3,97.8,1.0,2.0,600.0,1.0,1.0,1894.0,122.27000000000001,183.70000000000005,65.67,28.6
70607.0,45.0,2.0,166.7,93.9,33.8,96.8,2.0,1.0,600.0,3.0,2.0,2136.0,64.06,263.0,95.38000000000001,38.6
70611.0,12.0,2.0,157.7,93.0,37.4,116.5,1.0,1.0,660.0,5.0,5.0,1331.0,52.29,151.99,56.769999999999996,40.7
70616.0,17.0,1.0,179.0,77.9,24.3,84.5,1.0,2.0,420.0,2.0,3.0,2505.0,143.98999999999998,318.54999999999995,74.19000000000001,23.3
70618.0,13.0,1.0,161.6,61.6,23.6,86.7,1.0,2.0,420.0,2.0,5.397605346934028e-79,3607.0,109.41,454.15000000000003,155.15,30.0
70622.0,50.0,1.0,181.5,94.0,28.5,112.0,2.0,2.0,120.0,2.0,5.397605346934028e-79,2405.0,77.18000000000002,237.95,129.23,34.0
70623.0,54.0,1.0,183.7,110.0,32.6,122.6,2.0,2.0,420.0,2.0,5.0,1995.0,108.24999999999999,194.86,87.32,33.0
70624.0,42.0,1.0,168.3,90.5,32.0,100.4,1.0,1.0,60.0,4.0,5.397605346934028e-79,3883.0,117.74000000000001,379.59000000000003,210.61999999999998,22.3
70626.0,33.0,1.0,188.3,103.9,29.3,105.7,2.0,1.0,120.0,5.0,5.397605346934028e-79,3762.0,122.50000000000001,431.5300000000001,177.95,30.9
70627.0,52.0,2.0,156.5,59.4,24.3,84.1,2.0,2.0,180.0,1.0,8.0,1229.0,30.23,161.50000000000003,55.19000000000001,39.1
70633.0,56.0,1.0,173.8,110.9,36.7,128.9,2.0,1.0,840.0,2.0,5.397605346934028e-79,3522.0,81.10000000000001,180.43,77.64000000000001,34.9
70636.0,12.0,1.0,162.7,46.8,17.7,68.1,1.0,1.0,300.0,5.397605346934028e-79,2.0,1252.0,26.54,186.70999999999998,46.989999999999995,28.2
70638.0,53.0,1.0,177.7,66.0,20.9,81.2,2.0,1.0,720.0,5.397605346934028e-79,5.397605346934028e-79,3330.0,140.02,320.93,141.32999999999998,13.6
70642.0,12.0,1.0,165.4,65.1,23.8,94.5,1.0,1.0,540.0,2.0,5.397605346934028e-79,1896.0,73.59,214.46,85.61,40.3
70647.0,38.0,2.0,176.1,110.1,35.5,108.8,2.0,2.0,300.0,8.0,3.0,2509.0,127.24999999999999,296.1000000000001,96.28,42.2
70653.0,43.0,1.0,165.4,84.8,31.0,109.7,2.0,1.0,720.0,5.397605346934028e-79,4.0,1118.0,48.010000000000005,187.51999999999998,23.240000000000002,37.5
70654.0,28.0,2.0,176.2,103.8,33.4,110.6,2.0,1.0,240.0,5.397605346934028e-79,5.0,1116.0,19.349999999999998,214.41000000000003,24.21,44.8
70655.0,17.0,2.0,161.8,77.7,29.7,97.3,2.0,1.0,300.0,3.0,2.0,3916.0,137.40000000000003,434.75,182.72000000000003,41.3
70658.0,16.0,1.0,153.3,92.3,39.3,124.0,2.0,2.0,600.0,5.0,1.0,882.0,32.379999999999995,87.88,46.53999999999999,44.9
70665.0,13.0,2.0,159.3,73.9,29.1,90.5,1.0,1.0,360.0,5.0,2.0,1604.0,57.08000000000001,221.29999999999998,56.77,39.6
70673.0,14.0,2.0,152.1,77.0,33.3,92.1,2.0,2.0,600.0,2.0,1.0,1076.0,34.949999999999996,151.67,38.099999999999994,43.1
70678.0,21.0,1.0,173.7,79.6,26.4,89.1,1.0,2.0,420.0,3.0,1.0,1862.0,70.81,218.53,80.7,24.0
70682.0,22.0,2.0,166.9,84.5,30.3,100.8,2.0,2.0,480.0,5.397605346934028e-79,4.0,2131.0,82.32,243.53,92.22999999999999,35.1
70684.0,58.0,1.0,167.3,63.9,22.8,86.7,2.0,2.0,600.0,2.0,8.0,1659.0,47.93,101.55000000000001,67.76,26.3
70686.0,48.0,2.0,164.1,122.5,45.5,114.9,2.0,2.0,600.0,2.0,2.0,2667.0,102.96000000000001,348.68999999999994,99.52,54.9
70687.0,59.0,1.0,175.3,78.4,25.5,96.2,2.0,1.0,300.0,1.0,5.397605346934028e-79,1540.0,22.189999999999998,163.87999999999997,91.66999999999999,29.5
70688.0,13.0,2.0,158.5,43.9,17.5,63.5,2.0,2.0,300.0,5.397605346934028e-79,5.397605346934028e-79,780.0,31.499999999999996,89.2,33.620000000000005,20.5
70691.0,14.0,2.0,165.7,59.5,21.7,74.7,1.0,2.0,480.0,5.0,4.0,3449.0,87.54,490.78000000000003,134.48,33.4
70695.0,39.0,2.0,157.7,72.0,29.0,92.1,2.0,2.0,180.0,3.0,3.0,2587.0,98.53999999999998,291.52,118.19,38.1
70697.0,32.0,1.0,177.5,103.4,32.8,113.5,1.0,2.0,360.0,1.0,5.0,2640.0,67.97,360.61,104.19000000000003,29.9
70702.0,26.0,1.0,181.1,65.3,19.9,80.9,2.0,2.0,120.0,1.0,5.397605346934028e-79,7546.0,246.68999999999997,863.19,229.15000000000003,13.7
70703.0,57.0,2.0,159.7,58.7,23.0,80.0,2.0,2.0,180.0,5.397605346934028e-79,8.0,1190.0,26.85,99.26,16.450000000000003,27.4
70706.0,48.0,2.0,158.3,58.8,23.5,84.4,1.0,2.0,180.0,1.0,8.0,3023.0,72.03999999999999,413.55000000000007,125.36000000000001,34.3
70708.0,57.0,1.0,180.8,86.6,26.5,96.5,2.0,2.0,480.0,2.0,3.0,1800.0,84.63,210.2,74.36000000000001,26.9
70710.0,57.0,2.0,150.7,72.1,31.7,99.5,2.0,2.0,240.0,2.0,2.0,1821.0,50.68,300.38,49.919999999999995,42.1
70711.0,12.0,2.0,158.1,65.9,26.4,87.5,1.0,1.0,480.0,1.0,1.0,2710.0,67.2,366.35999999999996,113.46000000000001,41.1
70713.0,30.0,2.0,157.9,53.4,21.4,80.5,2.0,1.0,240.0,1.0,8.0,1906.0,57.480000000000004,247.64999999999992,79.9,34.8
70716.0,43.0,2.0,179.5,62.4,19.4,75.7,1.0,1.0,180.0,5.397605346934028e-79,5.397605346934028e-79,937.0,67.30000000000001,100.50000000000001,31.990000000000002,25.7
70723.0,32.0,1.0,168.2,81.6,28.8,92.0,1.0,1.0,240.0,2.0,1.0,2297.0,116.03,300.23999999999995,67.66,21.1
70727.0,44.0,2.0,153.2,84.5,36.0,105.5,2.0,1.0,600.0,2.0,4.0,2633.0,83.85,291.67999999999995,86.04,46.7
70732.0,52.0,2.0,162.3,57.5,21.8,81.5,2.0,2.0,420.0,5.397605346934028e-79,8.0,1962.0,69.49000000000002,287.21000000000004,62.730000000000004,36.8
70736.0,32.0,2.0,175.3,71.4,23.2,76.6,1.0,1.0,420.0,2.0,3.0,1975.0,63.89000000000001,302.50999999999993,55.73,32.9
70737.0,28.0,1.0,171.1,83.0,28.4,89.7,2.0,2.0,480.0,2.0,4.0,3569.0,146.89000000000001,381.35,164.83999999999997,27.0
70738.0,39.0,2.0,156.1,66.3,27.2,92.3,2.0,1.0,120.0,5.397605346934028e-79,8.0,1815.0,80.85999999999999,241.65,50.97,36.0
70741.0,21.0,2.0,171.5,65.2,22.2,73.8,2.0,2.0,360.0,3.0,5.397605346934028e-79,953.0,32.98,145.89000000000001,28.71,33.8
70743.0,46.0,1.0,173.6,90.6,30.1,100.1,2.0,2.0,480.0,4.0,3.0,1596.0,70.02,199.57000000000002,59.559999999999995,26.9
70745.0,51.0,1.0,181.4,59.0,17.9,79.5,2.0,2.0,540.0,2.0,8.0,2173.0,60.370000000000005,265.68,53.709999999999994,19.2
70750.0,26.0,2.0,157.5,50.6,20.4,78.5,2.0,1.0,780.0,5.397605346934028e-79,2.0,2443.0,92.68,222.47000000000003,119.21999999999998,34.3
70751.0,27.0,1.0,159.6,66.1,25.9,87.4,1.0,1.0,360.0,4.0,8.0,2570.0,100.03,429.81,56.58,23.9
70754.0,15.0,2.0,159.7,67.6,26.5,89.0,2.0,2.0,720.0,2.0,5.397605346934028e-79,2091.0,61.75,272.25,84.28999999999999,39.7
70755.0,56.0,1.0,182.9,79.4,23.7,100.8,2.0,2.0,300.0,1.0,5.397605346934028e-79,4915.0,125.58,621.1600000000001,223.97,26.3
70759.0,41.0,1.0,169.9,115.9,40.2,125.3,2.0,2.0,360.0,5.397605346934028e-79,8.0,4386.0,173.06,446.27,113.9,31.8
70761.0,46.0,1.0,170.7,101.1,34.7,118.5,2.0,2.0,60.0,5.0,5.397605346934028e-79,2408.0,104.99,265.15,106.4,32.9
70762.0,34.0,2.0,174.2,105.2,34.7,108.2,1.0,2.0,480.0,2.0,5.397605346934028e-79,2728.0,66.61999999999999,435.62,89.09,37.8
70766.0,45.0,2.0,170.0,84.7,29.3,94.5,2.0,2.0,480.0,5.0,8.0,1298.0,52.58,130.85999999999999,66.56,41.3
70767.0,18.0,2.0,154.5,52.2,21.9,79.8,2.0,2.0,360.0,4.0,4.0,2567.0,105.67000000000002,252.78000000000003,128.76000000000002,36.2
70769.0,21.0,2.0,152.0,61.4,26.6,94.3,2.0,2.0,300.0,2.0,2.0,4468.0,133.84,508.8799999999999,214.65,40.6
70774.0,49.0,2.0,167.7,92.6,32.9,114.4,2.0,1.0,300.0,5.0,8.0,2060.0,104.03,153.52999999999997,113.80999999999999,40.1
70781.0,19.0,1.0,173.1,75.5,25.2,86.4,1.0,2.0,120.0,4.0,4.0,1749.0,71.80000000000001,239.20999999999995,59.410000000000004,22.3
70783.0,37.0,2.0,158.3,60.8,24.3,84.8,2.0,1.0,360.0,4.0,8.0,1113.0,42.849999999999994,170.02,30.080000000000002,41.3
70784.0,54.0,2.0,164.3,123.4,45.7,125.7,2.0,1.0,480.0,3.0,5.0,2532.0,110.89000000000001,299.32999999999987,100.98000000000002,51.0
70788.0,34.0,1.0,171.7,69.6,23.6,84.5,2.0,1.0,720.0,1.0,2.0,2713.0,128.8,314.86999999999995,80.48999999999998,24.6
70790.0,49.0,1.0,178.2,79.0,24.9,91.8,1.0,1.0,120.0,2.0,2.0,2135.0,105.58999999999999,141.35000000000002,104.85,24.3
70792.0,30.0,1.0,160.8,67.2,26.0,87.2,2.0,1.0,180.0,5.397605346934028e-79,8.0,811.0,62.37,90.55,21.59,20.0
70795.0,12.0,1.0,142.7,65.5,32.2,93.9,1.0,2.0,600.0,2.0,5.397605346934028e-79,2080.0,90.28999999999999,275.04,73.4,41.9
70798.0,53.0,2.0,166.5,100.0,36.1,114.0,2.0,2.0,300.0,5.0,5.397605346934028e-79,2584.0,102.11999999999999,289.97,114.81,50.4
70800.0,21.0,1.0,170.0,55.0,19.0,74.0,2.0,2.0,300.0,5.0,5.0,716.0,26.32,101.75,24.580000000000002,16.7
70801.0,28.0,2.0,153.0,60.0,25.6,85.5,2.0,1.0,660.0,2.0,5.397605346934028e-79,2231.0,77.11000000000001,255.81000000000003,77.02,38.1
70806.0,42.0,2.0,167.8,76.1,27.0,96.1,2.0,2.0,480.0,4.0,5.397605346934028e-79,1824.0,30.84,256.29,77.61,43.4
70807.0,22.0,2.0,169.1,83.0,29.0,91.6,2.0,1.0,360.0,2.0,1.0,1399.0,44.71,121.07999999999998,85.94,40.8
70812.0,25.0,1.0,168.1,94.9,33.6,114.5,1.0,2.0,480.0,2.0,5.397605346934028e-79,2400.0,97.19,292.69,95.97999999999998,36.5
70817.0,21.0,2.0,162.3,59.6,22.6,75.3,2.0,2.0,600.0,2.0,5.0,1675.0,63.510000000000005,218.92000000000002,61.239999999999995,36.2
70820.0,13.0,2.0,162.8,47.8,18.0,71.2,2.0,1.0,840.0,2.0,1.0,1747.0,89.49000000000001,260.83000000000004,40.14,29.5
70825.0,47.0,1.0,179.2,82.8,25.8,92.4,2.0,2.0,540.0,2.0,1.0,2161.0,82.03,243.83999999999997,94.74,24.7
70829.0,13.0,2.0,162.9,58.1,21.9,70.0,2.0,1.0,780.0,5.0,8.0,2623.0,76.60000000000001,394.11,88.02,26.7
70833.0,35.0,2.0,158.1,63.7,25.5,85.3,2.0,1.0,600.0,4.0,1.0,2006.0,71.44000000000001,250.49999999999997,72.69000000000001,28.0
70838.0,25.0,2.0,152.7,93.1,39.9,111.0,2.0,2.0,300.0,5.0,8.0,2261.0,94.79,171.98000000000002,82.48,42.8
70839.0,13.0,2.0,156.0,45.5,18.7,69.9,2.0,1.0,480.0,1.0,5.397605346934028e-79,1195.0,23.350000000000005,261.77000000000004,11.299999999999999,30.8
70842.0,32.0,1.0,153.6,41.9,17.8,71.4,2.0,1.0,360.0,2.0,5.0,1897.0,64.35,318.52,44.34,24.3
70847.0,19.0,2.0,160.7,42.8,16.6,59.9,2.0,2.0,9999.0,5.0,5.397605346934028e-79,2793.0,88.72,361.63,111.83000000000001,25.4
70849.0,49.0,2.0,174.3,102.8,33.8,117.7,2.0,2.0,180.0,5.397605346934028e-79,5.397605346934028e-79,4807.0,203.49,581.6000000000001,196.34000000000003,43.2
70851.0,36.0,1.0,176.0,71.0,22.9,91.4,1.0,1.0,720.0,2.0,1.0,1714.0,93.26999999999998,210.71,58.660000000000004,26.8
70852.0,14.0,1.0,169.3,60.3,21.0,71.8,2.0,1.0,600.0,2.0,1.0,2468.0,120.88,338.71,73.36999999999999,18.0
70861.0,16.0,2.0,151.6,48.6,21.1,75.2,1.0,1.0,600.0,1.0,5.0,1643.0,53.15,259.52000000000004,47.13,34.2
70865.0,45.0,1.0,175.1,94.8,30.9,108.5,1.0,1.0,480.0,2.0,8.0,2055.0,87.33000000000001,218.61,95.22,30.5
70866.0,16.0,2.0,162.4,54.0,20.5,76.4,1.0,2.0,600.0,5.397605346934028e-79,2.0,1890.0,63.56,226.64999999999998,85.73,31.6
70869.0,38.0,1.0,167.6,99.4,35.4,114.6,1.0,2.0,120.0,2.0,8.0,2743.0,113.16000000000001,340.21999999999997,106.22,31.3
70871.0,39.0,1.0,167.5,95.9,34.2,110.5,2.0,2.0,180.0,2.0,5.397605346934028e-79,3094.0,121.60999999999999,272.25,119.39999999999999,31.8
70875.0,15.0,1.0,172.8,85.5,28.6,92.7,1.0,2.0,720.0,3.0,5.397605346934028e-79,2197.0,58.42,349.77,63.73,27.2
70878.0,25.0,1.0,179.2,79.5,24.8,83.1,2.0,2.0,600.0,4.0,5.397605346934028e-79,3075.0,101.5,288.92,171.60999999999999,17.3
70881.0,23.0,1.0,174.7,78.8,25.8,80.0,1.0,1.0,660.0,5.397605346934028e-79,4.0,3880.0,99.79,517.05,154.0,18.7
70884.0,14.0,1.0,151.3,41.3,18.0,64.1,1.0,1.0,660.0,5.0,5.397605346934028e-79,1523.0,51.4,202.69,57.75000000000001,19.8
70886.0,21.0,2.0,184.8,85.2,24.9,84.2,1.0,1.0,720.0,3.0,5.0,4778.0,137.39000000000001,654.0099999999999,183.53000000000003,26.4
70887.0,59.0,2.0,167.2,88.4,31.6,106.4,2.0,2.0,180.0,2.0,5.397605346934028e-79,1333.0,65.55,171.36999999999998,44.040000000000006,41.6
70889.0,18.0,2.0,167.3,77.0,27.5,98.6,2.0,1.0,300.0,3.0,8.0,2266.0,60.3,365.47,63.1,37.9
70890.0,59.0,2.0,147.6,73.0,33.5,98.8,2.0,2.0,240.0,3.0,3.0,1456.0,40.93,209.36999999999998,52.69,48.8
70896.0,15.0,1.0,174.0,76.0,25.1,77.0,1.0,2.0,480.0,5.0,1.0,2439.0,90.98,278.0,108.58000000000003,13.2
70897.0,52.0,1.0,187.2,77.5,22.1,87.3,2.0,2.0,15.0,5.397605346934028e-79,8.0,1761.0,90.67999999999999,238.95,55.79,21.5
70900.0,59.0,1.0,181.6,167.8,50.9,141.2,2.0,2.0,600.0,5.0,8.0,2285.0,84.28999999999999,300.4,85.69999999999999,30.6
70903.0,18.0,2.0,148.9,57.9,26.1,83.3,2.0,1.0,360.0,4.0,2.0,491.0,9.429999999999998,67.80000000000001,21.15,38.2
70904.0,19.0,1.0,166.1,61.2,22.2,78.5,1.0,2.0,540.0,4.0,1.0,1849.0,53.67000000000001,239.81,76.55000000000001,17.2
70910.0,38.0,1.0,180.2,104.1,32.1,110.0,2.0,2.0,360.0,3.0,8.0,2501.0,69.03,368.09999999999997,87.97,25.7
70911.0,59.0,1.0,185.3,84.0,24.5,104.3,2.0,2.0,360.0,5.0,5.397605346934028e-79,1478.0,78.68,169.93,38.04,29.2
70913.0,28.0,1.0,173.1,71.7,23.9,87.1,1.0,1.0,720.0,8.0,4.0,3320.0,121.64999999999999,281.84999999999997,155.92,21.4
70914.0,40.0,1.0,173.0,52.7,17.6,68.1,2.0,1.0,360.0,1.0,8.0,2283.0,67.56,194.53999999999996,51.84,16.6
70920.0,46.0,2.0,155.6,57.7,23.8,86.7,2.0,1.0,480.0,4.0,8.0,1218.0,54.82,193.58000000000004,25.01,38.3
70921.0,29.0,2.0,171.4,57.7,19.6,74.3,2.0,2.0,240.0,4.0,4.0,1450.0,79.66000000000001,170.81,51.06000000000001,28.3
70925.0,57.0,1.0,166.4,55.3,20.0,79.3,2.0,2.0,240.0,1.0,5.397605346934028e-79,1157.0,95.57000000000001,156.92,14.24,16.7
70929.0,29.0,2.0,160.2,59.6,23.2,82.8,1.0,1.0,240.0,5.397605346934028e-79,3.0,3057.0,158.73,305.12,135.38,36.9
70931.0,44.0,2.0,160.6,88.4,34.3,108.8,1.0,2.0,360.0,3.0,8.0,2882.0,92.51,415.95,93.57000000000001,43.9
70933.0,46.0,2.0,155.0,69.7,29.0,99.3,1.0,1.0,480.0,1.0,3.0,1896.0,66.38000000000001,191.47,98.24000000000001,39.7
70935.0,46.0,2.0,168.6,69.6,24.5,91.8,2.0,2.0,240.0,1.0,1.0,1380.0,62.5,198.75,39.1,37.0
70936.0,27.0,1.0,164.9,99.4,36.6,116.3,2.0,2.0,180.0,3.0,2.0,3422.0,168.77,480.28,95.86999999999999,34.5
70937.0,12.0,2.0,156.2,65.4,26.8,82.7,2.0,2.0,480.0,1.0,2.0,3335.0,178.07999999999998,309.93,151.70000000000002,46.6
70938.0,49.0,1.0,170.3,82.6,28.5,97.3,2.0,1.0,120.0,3.0,8.0,3232.0,158.23,382.91999999999996,118.24999999999999,24.5
70939.0,28.0,2.0,160.8,77.5,30.0,97.6,2.0,1.0,480.0,5.397605346934028e-79,5.397605346934028e-79,1541.0,36.309999999999995,193.93,63.83,38.6
70940.0,21.0,1.0,183.4,75.9,22.6,84.4,1.0,2.0,240.0,2.0,1.0,2256.0,103.07000000000001,252.96,94.71,19.3
70942.0,16.0,2.0,163.7,104.4,39.0,118.8,1.0,2.0,720.0,1.0,2.0,1626.0,79.02000000000001,226.99,45.099999999999994,50.2
70945.0,49.0,1.0,180.9,78.0,23.8,97.4,2.0,2.0,360.0,8.0,8.0,3688.0,81.36999999999999,425.41999999999996,58.63999999999999,27.3
70948.0,19.0,2.0,167.2,56.0,20.0,69.0,2.0,1.0,420.0,3.0,1.0,1822.0,77.67,220.53000000000003,70.57,27.1
70950.0,50.0,1.0,172.6,69.9,23.5,87.2,2.0,1.0,240.0,4.0,8.0,1219.0,75.05,177.58000000000004,22.66,23.6
70956.0,15.0,1.0,168.7,51.5,18.1,69.7,1.0,1.0,480.0,4.0,1.0,4150.0,140.26000000000002,550.54,158.18,16.3
70957.0,12.0,1.0,155.8,40.6,16.7,66.8,1.0,2.0,240.0,5.397605346934028e-79,5.397605346934028e-79,2775.0,104.72000000000001,335.78,114.96000000000001,22.0
70959.0,55.0,2.0,160.8,102.6,39.7,110.0,2.0,2.0,480.0,5.0,3.0,1586.0,89.61,138.18,74.93,44.8
70963.0,17.0,2.0,155.4,58.0,24.0,82.4,2.0,2.0,420.0,2.0,8.0,1753.0,56.400000000000006,294.67,42.87,32.4
70964.0,35.0,2.0,160.9,61.9,23.9,87.0,2.0,1.0,300.0,2.0,5.397605346934028e-79,1702.0,68.21,190.42000000000002,78.03999999999999,39.8
70967.0,25.0,1.0,181.8,110.2,33.3,113.5,2.0,2.0,240.0,3.0,2.0,3891.0,150.6,481.4599999999999,151.32,35.1
70970.0,31.0,1.0,174.9,73.2,23.9,82.3,2.0,1.0,240.0,8.0,8.0,2144.0,132.07999999999998,171.1,102.85000000000001,19.7
70971.0,39.0,1.0,178.6,163.4,51.2,149.5,2.0,2.0,240.0,4.0,5.397605346934028e-79,1783.0,78.24000000000001,196.56999999999996,79.39,40.8
70973.0,39.0,1.0,162.5,59.1,22.4,84.3,1.0,1.0,120.0,1.0,5.397605346934028e-79,3096.0,241.70000000000002,201.99,111.69,25.4
70974.0,49.0,1.0,172.3,116.7,39.3,129.4,2.0,2.0,300.0,4.0,1.0,3484.0,129.67999999999998,352.24,179.0,40.6
70975.0,22.0,2.0,155.7,77.3,31.9,92.3,2.0,1.0,240.0,3.0,5.397605346934028e-79,1946.0,61.08,200.09,62.97999999999999,46.6
70978.0,15.0,1.0,174.9,69.0,22.6,82.1,2.0,1.0,480.0,1.0,1.0,1276.0,21.650000000000002,209.73,41.629999999999995,26.0
70979.0,46.0,1.0,174.5,98.5,32.3,109.3,2.0,1.0,900.0,2.0,3.0,2473.0,88.15999999999998,199.82999999999998,87.11999999999999,29.6
70980.0,32.0,1.0,178.9,87.7,27.4,97.0,2.0,2.0,180.0,2.0,5.397605346934028e-79,4140.0,171.09,513.4499999999999,163.05999999999997,30.3
70981.0,50.0,1.0,168.3,68.0,24.0,82.9,2.0,2.0,120.0,5.397605346934028e-79,2.0,5038.0,245.65000000000003,366.97999999999996,286.7,20.4
70983.0,39.0,2.0,160.8,52.7,20.4,86.2,1.0,1.0,180.0,2.0,2.0,2683.0,84.37,421.32,81.01999999999998,21.3
70987.0,22.0,2.0,158.3,59.1,23.6,78.9,1.0,1.0,660.0,2.0,5.0,1775.0,93.64,193.34000000000003,75.48,29.2
70989.0,16.0,1.0,167.3,53.2,19.0,74.0,2.0,2.0,480.0,3.0,2.0,2948.0,126.57,385.68000000000006,101.17999999999998,17.9
70993.0,38.0,1.0,187.8,100.4,28.5,103.8,1.0,1.0,420.0,1.0,2.0,3090.0,109.01,285.34999999999997,170.17000000000004,29.4
70994.0,13.0,2.0,156.7,60.3,24.6,77.5,2.0,2.0,780.0,2.0,1.0,721.0,15.190000000000001,88.78000000000002,35.370000000000005,36.4
70995.0,34.0,2.0,171.1,133.3,45.5,144.0,2.0,2.0,360.0,5.0,8.0,2274.0,56.36,432.06,36.33,43.4
70996.0,41.0,1.0,171.6,70.2,23.8,84.8,1.0,1.0,240.0,3.0,5.397605346934028e-79,2048.0,84.79,288.79,68.2,25.7
71008.0,50.0,1.0,187.5,110.5,31.4,110.2,1.0,1.0,600.0,3.0,8.0,5503.0,135.87,292.35999999999996,155.94999999999996,26.7
71010.0,23.0,2.0,157.7,72.9,29.3,87.3,2.0,2.0,600.0,2.0,5.397605346934028e-79,1665.0,69.4,108.52000000000001,50.02,41.7
71011.0,57.0,2.0,157.8,65.3,26.2,92.2,2.0,2.0,240.0,1.0,8.0,2396.0,94.29000000000002,297.24,89.07000000000002,41.5
71012.0,24.0,2.0,168.8,50.7,17.8,74.4,2.0,2.0,720.0,1.0,2.0,1823.0,102.55,233.60000000000002,60.22,27.4
71015.0,49.0,2.0,165.3,60.1,22.0,79.6,1.0,1.0,600.0,1.0,5.397605346934028e-79,1221.0,56.209999999999994,134.16,53.209999999999994,32.6
71026.0,14.0,1.0,170.1,46.3,16.0,63.5,1.0,1.0,480.0,2.0,3.0,1891.0,83.11999999999999,143.95000000000002,108.98,17.1
71029.0,25.0,2.0,159.2,47.4,18.7,72.5,2.0,2.0,300.0,2.0,8.0,3289.0,106.49,398.74999999999994,147.48999999999998,30.9
71032.0,12.0,2.0,153.7,41.2,17.4,68.0,2.0,1.0,600.0,2.0,1.0,1118.0,42.849999999999994,146.76,41.26,27.5
71036.0,29.0,1.0,176.2,96.3,31.0,106.7,1.0,1.0,720.0,3.0,2.0,5191.0,114.26,546.9699999999999,135.85,32.5
71037.0,52.0,2.0,157.9,58.3,23.4,78.0,1.0,1.0,960.0,5.0,3.0,718.0,27.510000000000005,103.0,22.41,38.5
71039.0,30.0,2.0,168.4,95.3,33.6,116.8,1.0,1.0,600.0,2.0,1.0,2052.0,78.41999999999999,254.85,58.99,45.4
71048.0,52.0,2.0,144.3,39.3,18.9,72.6,2.0,1.0,30.0,1.0,1.0,1645.0,52.91,248.2,50.260000000000005,32.5
71049.0,20.0,2.0,157.6,54.7,22.0,74.3,1.0,1.0,180.0,3.0,3.0,2834.0,83.77,487.82,62.419999999999995,23.5
71052.0,18.0,2.0,155.5,57.2,23.7,87.5,2.0,2.0,60.0,3.0,8.0,2130.0,101.53,340.40999999999997,40.49999999999999,37.5
71054.0,51.0,2.0,156.7,61.5,25.0,89.1,2.0,2.0,300.0,2.0,5.397605346934028e-79,1022.0,44.31999999999999,66.07000000000001,31.049999999999997,45.7
71058.0,19.0,2.0,163.8,55.0,20.5,75.9,2.0,2.0,300.0,1.0,1.0,2944.0,107.19999999999997,357.49,120.78999999999999,25.4
71059.0,53.0,1.0,173.7,90.3,29.9,113.8,2.0,2.0,60.0,1.0,8.0,1761.0,54.14000000000001,194.06,88.96000000000002,34.5
71060.0,31.0,2.0,165.5,92.6,33.8,115.8,2.0,1.0,180.0,2.0,8.0,2530.0,81.01,175.96,124.39,42.0
71061.0,54.0,1.0,172.6,90.5,30.4,103.5,2.0,2.0,240.0,2.0,2.0,2789.0,94.65,420.0,84.07999999999998,31.1
71064.0,26.0,2.0,164.2,119.9,44.5,138.2,2.0,2.0,300.0,3.0,3.0,892.0,45.239999999999995,72.61999999999999,47.31999999999999,48.2
71065.0,51.0,2.0,162.6,46.4,17.5,66.4,2.0,1.0,180.0,1.0,5.397605346934028e-79,1950.0,88.44999999999999,332.05999999999995,32.04,23.2
71068.0,45.0,1.0,167.5,73.2,26.1,96.4,1.0,1.0,180.0,1.0,8.0,1679.0,53.35,261.88,50.85999999999999,25.3
71071.0,36.0,2.0,154.3,68.3,28.7,89.0,2.0,1.0,300.0,2.0,2.0,1576.0,39.93,210.82,59.51,41.1
71073.0,18.0,2.0,156.4,72.2,29.5,86.4,2.0,2.0,360.0,5.397605346934028e-79,5.397605346934028e-79,945.0,22.75,148.73,29.56,42.5
71077.0,13.0,2.0,150.8,53.1,23.4,76.6,2.0,1.0,780.0,3.0,1.0,2503.0,83.17999999999999,300.99,107.57,38.1
71078.0,22.0,2.0,160.2,73.7,28.7,91.2,2.0,2.0,900.0,5.0,5.0,2616.0,56.63999999999999,386.17999999999995,99.89999999999999,33.5
71079.0,34.0,1.0,174.8,68.0,22.3,83.2,2.0,2.0,720.0,2.0,1.0,3566.0,168.72,407.98,138.8,20.0
71084.0,55.0,1.0,180.8,89.8,27.5,103.7,2.0,1.0,60.0,5.397605346934028e-79,8.0,1048.0,43.940000000000005,165.80999999999997,22.700000000000003,27.7
71088.0,13.0,2.0,164.4,45.4,16.8,64.4,2.0,1.0,480.0,2.0,5.397605346934028e-79,1782.0,58.669999999999995,216.24999999999997,84.35,24.7
71089.0,32.0,2.0,155.7,78.4,32.3,96.0,2.0,2.0,240.0,3.0,1.0,1845.0,69.25,203.21999999999997,86.9,43.0
71091.0,39.0,2.0,154.9,77.5,32.3,93.5,2.0,2.0,60.0,2.0,5.397605346934028e-79,1762.0,76.08,175.86,85.23,41.0
71093.0,50.0,1.0,169.2,78.5,27.4,93.3,2.0,1.0,240.0,4.0,8.0,6892.0,219.28,710.54,68.21,21.7
71094.0,51.0,2.0,165.9,67.1,24.4,91.5,2.0,1.0,180.0,3.0,8.0,2722.0,92.95,375.72999999999996,104.71000000000001,35.6
71096.0,13.0,2.0,151.3,46.0,20.1,72.7,1.0,2.0,540.0,1.0,2.0,3269.0,118.61000000000001,410.85,133.33999999999997,29.9
71097.0,21.0,1.0,170.1,68.5,23.7,75.2,1.0,2.0,9999.0,3.0,5.397605346934028e-79,2201.0,78.73,322.47999999999996,67.72000000000001,16.3
71098.0,19.0,2.0,158.4,88.6,35.3,99.8,2.0,2.0,300.0,5.397605346934028e-79,2.0,3187.0,81.08999999999997,473.9000000000001,65.55999999999999,41.4
71101.0,51.0,1.0,173.8,100.9,33.4,118.0,2.0,2.0,480.0,5.0,5.397605346934028e-79,1637.0,40.03,252.96000000000004,51.95,32.1
71102.0,19.0,1.0,178.9,76.8,24.0,81.2,1.0,2.0,360.0,4.0,4.0,3740.0,281.3299999999999,318.32,147.65,21.1
71103.0,57.0,2.0,162.0,99.3,37.8,125.0,2.0,1.0,600.0,4.0,1.0,2288.0,85.4,318.06,77.78999999999998,49.6
71108.0,20.0,2.0,160.3,105.3,41.0,112.4,2.0,2.0,480.0,3.0,2.0,2357.0,98.94999999999997,308.36,80.39,39.4
71113.0,26.0,2.0,153.1,49.3,21.0,70.7,1.0,2.0,600.0,8.0,1.0,1646.0,75.25,209.77,56.74999999999999,28.2
71114.0,20.0,2.0,167.6,57.6,20.5,77.6,1.0,1.0,420.0,5.397605346934028e-79,1.0,2440.0,69.19999999999999,361.0099999999999,85.60000000000001,34.4
71115.0,12.0,2.0,170.8,129.8,44.5,122.8,1.0,2.0,660.0,5.397605346934028e-79,5.0,2145.0,56.6,309.38,78.27999999999999,51.2
71117.0,32.0,2.0,168.9,58.9,20.6,77.7,2.0,2.0,360.0,2.0,1.0,2866.0,87.10000000000001,409.0300000000001,105.64,23.7
71123.0,41.0,1.0,181.2,99.7,30.4,101.9,1.0,2.0,600.0,3.0,1.0,1575.0,78.05,170.38000000000002,55.019999999999996,33.7
71129.0,16.0,1.0,174.2,69.1,22.8,76.5,2.0,1.0,360.0,3.0,1.0,1118.0,51.970000000000006,133.98,43.599999999999994,20.0
71130.0,50.0,2.0,179.4,97.0,30.1,101.4,2.0,1.0,420.0,5.0,5.397605346934028e-79,1517.0,64.5,186.01000000000002,59.42000000000001,43.9
71131.0,13.0,1.0,153.8,41.1,17.4,69.0,1.0,1.0,540.0,2.0,2.0,2270.0,73.02,362.66,64.30000000000001,26.1
71133.0,36.0,2.0,160.5,46.6,18.1,72.2,2.0,1.0,420.0,1.0,2.0,1614.0,62.07000000000001,257.28000000000003,42.279999999999994,27.0
71136.0,21.0,1.0,171.7,71.9,24.4,85.5,1.0,1.0,360.0,5.397605346934028e-79,1.0,3947.0,171.92,520.44,138.04,24.8
71140.0,26.0,1.0,180.1,145.5,44.9,140.5,2.0,2.0,600.0,2.0,5.397605346934028e-79,2521.0,69.53999999999999,342.87,100.92000000000002,40.4
71143.0,53.0,2.0,169.6,60.3,21.0,73.7,2.0,1.0,180.0,2.0,5.397605346934028e-79,1661.0,46.67,223.09,77.86000000000001,27.9
71145.0,15.0,2.0,153.8,56.8,24.0,81.2,1.0,2.0,480.0,2.0,2.0,1511.0,44.52,257.78000000000003,34.49,33.7
71149.0,12.0,1.0,169.0,52.3,18.3,67.8,1.0,2.0,480.0,5.397605346934028e-79,5.397605346934028e-79,2056.0,101.93,255.61000000000004,72.28999999999998,21.6
71155.0,41.0,1.0,187.4,95.3,27.1,99.4,1.0,1.0,540.0,1.0,5.397605346934028e-79,2181.0,73.31,175.57000000000002,40.07,23.9
71158.0,39.0,1.0,181.1,73.2,22.3,84.0,2.0,2.0,360.0,3.0,5.397605346934028e-79,1420.0,59.81999999999999,229.51999999999998,32.77,21.0
71159.0,37.0,2.0,166.9,58.0,20.8,80.3,2.0,1.0,120.0,2.0,1.0,2595.0,82.99,298.12,124.78000000000002,31.9
71161.0,45.0,1.0,175.7,82.9,26.9,92.9,1.0,1.0,180.0,3.0,5.397605346934028e-79,2333.0,75.36,321.01,89.94999999999999,18.5
71162.0,13.0,1.0,170.5,86.5,29.8,100.4,1.0,1.0,660.0,1.0,5.397605346934028e-79,1831.0,66.71000000000001,170.20999999999998,98.25999999999996,42.8
71164.0,48.0,1.0,169.4,89.2,31.1,103.9,2.0,1.0,480.0,2.0,1.0,1595.0,63.00000000000001,194.21,57.83,35.1
71172.0,42.0,2.0,170.6,65.8,22.6,85.2,2.0,1.0,360.0,3.0,4.0,3002.0,113.39999999999998,307.59999999999997,150.51,38.7
71185.0,29.0,1.0,184.5,77.7,22.8,90.9,1.0,1.0,240.0,4.0,2.0,4064.0,232.96,375.4200000000001,122.17000000000002,29.3
71189.0,51.0,1.0,181.9,84.8,25.6,95.0,1.0,2.0,480.0,5.397605346934028e-79,2.0,2407.0,46.85000000000001,389.84,59.010000000000005,22.4
71190.0,12.0,2.0,155.9,82.6,34.0,100.7,2.0,1.0,540.0,1.0,8.0,1064.0,26.55,178.38,28.8,49.6
71191.0,15.0,2.0,167.4,51.7,18.4,69.9,1.0,1.0,540.0,4.0,5.0,1592.0,28.259999999999998,241.59,58.04,22.5
71196.0,18.0,2.0,158.8,43.0,17.1,61.9,2.0,2.0,360.0,5.397605346934028e-79,4.0,1575.0,67.31000000000002,190.03000000000003,60.9,24.4
71197.0,36.0,1.0,187.6,157.2,44.7,138.5,2.0,2.0,840.0,2.0,1.0,2699.0,144.53,323.48999999999995,93.53,40.9
71200.0,51.0,1.0,173.4,69.3,23.0,78.3,1.0,1.0,660.0,1.0,1.0,2864.0,126.02000000000001,223.60999999999999,129.15,17.1
71201.0,57.0,2.0,157.0,56.2,22.8,82.5,2.0,2.0,240.0,3.0,8.0,1315.0,99.29999999999998,151.41,32.42,36.4
71204.0,27.0,2.0,164.7,71.5,26.4,89.0,2.0,1.0,300.0,2.0,4.0,2070.0,84.05000000000001,204.89999999999998,102.67000000000002,37.1
71205.0,12.0,2.0,164.7,58.7,21.6,78.8,1.0,2.0,480.0,1.0,1.0,2106.0,66.98,338.72999999999996,62.739999999999995,33.3
71206.0,29.0,1.0,171.4,65.3,22.2,78.0,1.0,1.0,180.0,2.0,5.397605346934028e-79,2661.0,121.43,360.68,81.84999999999998,19.0
71208.0,32.0,1.0,175.1,64.5,21.0,75.1,1.0,1.0,300.0,2.0,1.0,2158.0,48.73999999999999,288.3400000000001,70.04000000000002,20.3
71211.0,32.0,2.0,160.5,63.3,24.6,82.0,2.0,1.0,720.0,5.397605346934028e-79,2.0,1299.0,38.17999999999999,161.03,40.63,41.8
71213.0,38.0,2.0,171.2,60.9,20.8,80.6,1.0,2.0,780.0,3.0,1.0,1672.0,83.24999999999999,255.71999999999997,36.88,32.3
71216.0,46.0,1.0,180.1,72.0,22.2,91.1,2.0,2.0,600.0,5.397605346934028e-79,5.0,1775.0,74.03999999999999,211.05,58.97,29.6
71217.0,28.0,1.0,182.6,82.9,24.9,93.3,2.0,2.0,60.0,5.397605346934028e-79,8.0,1923.0,71.22,310.5299999999999,44.86000000000001,25.6
71218.0,33.0,1.0,190.3,100.2,27.7,101.1,1.0,2.0,720.0,1.0,2.0,3385.0,154.08999999999995,292.48999999999995,157.84999999999997,28.1
71222.0,55.0,2.0,167.0,80.9,29.0,103.5,1.0,1.0,480.0,2.0,1.0,2701.0,88.31,343.8399999999999,116.99,42.4
71227.0,39.0,1.0,177.6,89.7,28.4,107.8,2.0,1.0,360.0,2.0,5.397605346934028e-79,2839.0,83.79000000000002,351.74,126.16999999999999,31.4
71232.0,55.0,2.0,156.5,106.2,43.4,126.1,2.0,1.0,240.0,1.0,5.397605346934028e-79,2495.0,89.27000000000001,342.09,89.11999999999998,47.1
71234.0,47.0,2.0,175.3,94.7,30.8,99.6,2.0,2.0,360.0,5.0,2.0,991.0,19.659999999999997,144.11,37.97,44.5
71239.0,48.0,1.0,183.2,74.8,22.3,92.6,2.0,2.0,240.0,4.0,1.0,1598.0,41.31,198.74,71.17,26.3
71242.0,48.0,1.0,183.6,79.1,23.5,97.4,2.0,2.0,480.0,2.0,1.0,1273.0,56.56,148.64999999999998,51.08,20.0
71243.0,17.0,1.0,185.1,82.3,24.0,77.5,1.0,2.0,780.0,1.0,5.0,5941.0,194.67999999999998,758.1000000000001,241.32,13.9
71246.0,14.0,1.0,164.7,47.1,17.4,64.6,1.0,1.0,540.0,2.0,1.0,2542.0,95.79,301.61,108.98,16.2
71247.0,13.0,1.0,145.3,39.1,18.5,63.2,1.0,2.0,600.0,5.0,8.0,2562.0,68.75,321.78,112.60000000000001,20.6
71250.0,39.0,1.0,166.4,65.3,23.6,96.6,2.0,2.0,240.0,5.0,5.397605346934028e-79,3328.0,85.05000000000001,579.21,80.17,32.2
71254.0,50.0,2.0,161.6,72.4,27.7,93.4,1.0,2.0,300.0,1.0,8.0,1609.0,46.08,196.86999999999998,61.53999999999999,38.3
71258.0,19.0,2.0,156.4,78.1,31.9,99.8,1.0,1.0,480.0,3.0,2.0,1215.0,7.9399999999999995,154.47,36.96,41.8
71259.0,23.0,2.0,154.5,49.1,20.6,77.1,1.0,1.0,480.0,3.0,8.0,1378.0,50.940000000000005,219.19,33.38,28.0
71260.0,14.0,2.0,161.2,45.7,17.6,65.4,2.0,1.0,420.0,2.0,3.0,2372.0,82.30000000000001,276.91999999999996,104.28999999999999,27.3
71262.0,15.0,1.0,157.2,42.5,17.2,62.2,1.0,1.0,240.0,2.0,2.0,1437.0,45.57,216.98,46.35,15.1
71263.0,47.0,1.0,178.5,89.2,28.0,101.5,1.0,1.0,240.0,2.0,8.0,2268.0,58.63000000000001,257.3,86.89999999999999,24.4
71265.0,15.0,2.0,164.3,63.3,23.4,84.1,2.0,1.0,660.0,4.0,4.0,1418.0,49.10999999999999,225.14000000000001,40.410000000000004,41.4
71271.0,57.0,1.0,171.8,54.5,18.5,78.3,2.0,1.0,60.0,1.0,8.0,3747.0,157.62999999999997,455.99999999999994,139.96999999999997,16.3
71272.0,30.0,1.0,173.2,76.9,25.6,80.5,1.0,1.0,240.0,5.397605346934028e-79,5.397605346934028e-79,4878.0,203.92000000000002,478.64000000000004,242.04,15.8
71274.0,28.0,2.0,155.2,52.5,21.8,72.0,1.0,2.0,120.0,1.0,1.0,1251.0,42.440000000000005,176.63000000000002,42.42999999999999,29.8
71275.0,12.0,2.0,158.4,47.0,18.7,65.5,1.0,2.0,420.0,5.397605346934028e-79,1.0,1402.0,67.59,116.67000000000002,73.77,24.8
71279.0,40.0,1.0,188.8,89.5,25.1,100.0,2.0,2.0,360.0,2.0,5.397605346934028e-79,2278.0,73.77,266.65000000000003,101.3,23.4
71280.0,23.0,2.0,156.5,44.4,18.1,72.2,2.0,2.0,240.0,3.0,2.0,1173.0,48.230000000000004,175.04000000000002,31.090000000000003,33.5
71286.0,56.0,2.0,160.3,83.6,32.5,96.7,2.0,2.0,120.0,3.0,2.0,1933.0,104.08,262.52000000000004,54.24999999999999,41.9
71289.0,32.0,2.0,164.6,61.1,22.6,77.4,2.0,1.0,360.0,8.0,5.0,5252.0,145.65,543.75,256.70000000000005,35.5
71291.0,50.0,1.0,173.9,76.9,25.4,90.3,1.0,2.0,480.0,2.0,8.0,2586.0,149.08,265.35,104.39,23.8
71292.0,36.0,2.0,171.4,83.8,28.5,103.0,1.0,1.0,360.0,1.0,5.397605346934028e-79,1754.0,59.28000000000001,210.24,76.2,38.4
71294.0,16.0,1.0,189.9,87.9,24.4,77.3,1.0,2.0,540.0,5.0,5.0,4084.0,132.01,561.73,150.27,14.3
71295.0,25.0,1.0,165.7,57.3,20.9,74.0,1.0,2.0,120.0,1.0,1.0,2829.0,64.49000000000001,420.96,100.54999999999998,18.7
71296.0,32.0,2.0,155.6,81.9,33.8,115.0,2.0,2.0,120.0,5.0,2.0,1772.0,76.43,139.44,68.34,44.1
71297.0,19.0,1.0,172.3,64.8,21.8,76.6,2.0,2.0,30.0,2.0,5.397605346934028e-79,1315.0,38.74,209.22,37.49,18.2
71302.0,56.0,2.0,164.9,79.2,29.1,102.1,2.0,2.0,480.0,5.0,8.0,2357.0,61.71000000000001,265.16,114.91,36.8
71312.0,52.0,2.0,165.3,73.4,26.9,94.2,2.0,2.0,180.0,3.0,1.0,1753.0,66.54,216.20000000000002,69.89,40.7
71314.0,51.0,1.0,165.8,83.0,30.2,101.0,2.0,2.0,60.0,1.0,8.0,2647.0,87.03,403.32000000000005,79.3,35.3
71316.0,57.0,1.0,169.3,70.8,24.7,91.6,2.0,2.0,120.0,2.0,5.397605346934028e-79,2349.0,62.56,376.23,66.82,24.9
71321.0,54.0,2.0,144.4,71.9,34.5,101.7,2.0,2.0,600.0,2.0,5.397605346934028e-79,2050.0,71.76,214.17999999999998,106.6,44.7
71324.0,35.0,1.0,178.2,94.7,29.8,100.1,1.0,1.0,120.0,2.0,2.0,1753.0,58.52,254.58,58.730000000000004,24.1
71328.0,54.0,2.0,158.7,65.1,25.8,81.0,2.0,2.0,420.0,1.0,5.397605346934028e-79,1278.0,88.27,135.43,39.57,39.6
71340.0,36.0,2.0,153.8,96.6,40.8,112.4,2.0,2.0,480.0,5.0,5.0,2667.0,101.62,366.84000000000003,90.71000000000002,41.8
71341.0,58.0,1.0,167.6,75.6,26.9,100.4,2.0,2.0,600.0,5.397605346934028e-79,5.397605346934028e-79,2196.0,71.80000000000001,286.11999999999995,86.8,32.4
71343.0,29.0,2.0,171.8,73.4,24.9,94.5,1.0,1.0,480.0,1.0,2.0,1013.0,43.89000000000001,112.65,29.479999999999997,36.8
71347.0,53.0,1.0,171.4,65.6,22.3,89.2,2.0,2.0,180.0,2.0,5.397605346934028e-79,2637.0,55.900000000000006,245.73000000000002,109.21000000000001,23.8
71348.0,56.0,1.0,173.4,89.9,29.9,114.1,2.0,2.0,180.0,5.397605346934028e-79,5.397605346934028e-79,2446.0,91.80000000000003,383.04999999999995,64.35000000000001,33.3
71354.0,50.0,1.0,175.5,91.2,29.6,99.5,2.0,2.0,180.0,2.0,2.0,1625.0,66.72,238.6,46.86,28.0
71355.0,20.0,2.0,152.5,48.8,21.0,70.1,1.0,2.0,720.0,3.0,3.0,3071.0,206.9,359.85,91.02000000000001,28.9
71357.0,29.0,1.0,189.6,93.3,26.0,86.3,1.0,2.0,480.0,2.0,2.0,2519.0,149.24,219.07999999999998,122.52000000000001,14.9
71360.0,25.0,2.0,163.7,59.5,22.2,77.5,2.0,2.0,120.0,5.397605346934028e-79,8.0,2747.0,104.74000000000002,278.43,136.35000000000002,32.8
71362.0,23.0,1.0,167.3,104.9,37.5,110.4,2.0,2.0,360.0,4.0,4.0,4871.0,123.26000000000002,673.62,188.60000000000002,35.7
71363.0,30.0,2.0,170.9,60.7,20.8,80.8,1.0,1.0,480.0,2.0,3.0,3407.0,89.51000000000002,463.3300000000001,98.51000000000003,30.7
71364.0,13.0,1.0,165.5,70.4,25.7,84.8,2.0,1.0,360.0,5.397605346934028e-79,1.0,1191.0,32.37,148.32000000000002,52.81,33.8
71365.0,22.0,1.0,163.2,79.1,29.7,91.2,2.0,1.0,300.0,2.0,1.0,2189.0,75.55,262.15999999999997,64.01,30.4
71366.0,20.0,2.0,174.3,75.2,24.8,79.4,1.0,1.0,300.0,5.0,3.0,3125.0,113.15000000000002,409.24,118.77000000000001,24.5
71368.0,35.0,1.0,173.4,62.0,20.6,81.5,1.0,1.0,540.0,1.0,5.397605346934028e-79,2310.0,54.97,369.43,66.43,21.8
71372.0,37.0,1.0,164.9,88.3,32.5,115.9,2.0,2.0,240.0,2.0,8.0,1549.0,47.300000000000004,298.2099999999999,23.290000000000003,30.8
71374.0,52.0,2.0,163.0,55.6,20.9,85.0,2.0,2.0,240.0,2.0,5.397605346934028e-79,1509.0,48.550000000000004,272.99,22.990000000000002,34.2
71381.0,48.0,1.0,163.0,66.4,25.0,92.3,2.0,2.0,180.0,1.0,1.0,1612.0,82.46000000000001,258.53000000000003,28.05,30.2
71393.0,27.0,1.0,173.6,77.6,25.7,86.4,1.0,1.0,180.0,5.397605346934028e-79,8.0,2007.0,50.41,281.35999999999996,68.39,21.9
71397.0,24.0,1.0,170.5,58.7,20.2,75.5,2.0,2.0,240.0,2.0,2.0,3272.0,111.62999999999997,481.34,103.79,15.9
71398.0,13.0,1.0,183.3,59.6,17.7,67.8,1.0,1.0,600.0,2.0,8.0,1984.0,55.919999999999995,323.78999999999996,54.47999999999999,17.4
71399.0,55.0,1.0,184.3,73.3,21.6,91.9,2.0,1.0,480.0,4.0,1.0,3712.0,117.27000000000001,296.07,239.96999999999997,27.1
71403.0,30.0,2.0,160.8,117.5,45.4,121.0,2.0,1.0,480.0,2.0,3.0,2255.0,45.19,357.44,76.66000000000001,45.1
71407.0,49.0,2.0,164.3,90.7,33.6,103.7,2.0,2.0,720.0,5.0,5.0,1739.0,64.37,207.54999999999998,74.22,46.0
71409.0,41.0,1.0,178.2,88.7,27.9,98.2,1.0,1.0,600.0,3.0,3.0,2864.0,55.69,371.01,69.32000000000002,22.1
71412.0,35.0,2.0,150.3,62.7,27.8,84.4,2.0,1.0,600.0,2.0,5.397605346934028e-79,1389.0,51.35,171.52,55.55,42.5
71413.0,40.0,1.0,167.7,80.7,28.7,98.6,2.0,2.0,120.0,1.0,8.0,2631.0,136.81,374.5,69.07000000000001,30.7
71414.0,17.0,1.0,172.4,66.1,22.2,83.0,2.0,2.0,720.0,5.0,5.0,1273.0,51.699999999999996,190.48000000000002,35.220000000000006,25.9
71420.0,54.0,2.0,152.5,75.5,32.5,98.0,2.0,2.0,240.0,3.0,5.397605346934028e-79,1865.0,65.19999999999999,268.92,60.36999999999999,39.0
71422.0,37.0,2.0,167.8,65.0,23.1,83.3,1.0,2.0,420.0,1.0,8.0,2697.0,112.78999999999999,310.48,115.14999999999999,33.2
71423.0,27.0,1.0,175.5,62.0,20.1,73.0,2.0,2.0,240.0,4.0,4.0,1554.0,61.96000000000001,225.90999999999997,45.19,19.5
71424.0,19.0,1.0,185.1,74.8,21.8,77.6,2.0,1.0,240.0,1.0,2.0,3843.0,143.10999999999999,437.89,172.57,14.3
71427.0,39.0,2.0,170.0,55.4,19.2,78.0,2.0,2.0,300.0,2.0,3.0,1911.0,71.92999999999999,273.09000000000003,63.50000000000001,31.0
71428.0,35.0,1.0,176.7,141.4,45.3,145.8,2.0,2.0,240.0,3.0,5.397605346934028e-79,5102.0,150.6,680.2499999999999,206.09000000000003,36.2
71432.0,13.0,2.0,157.2,48.0,19.4,71.6,1.0,1.0,60.0,2.0,5.397605346934028e-79,1091.0,28.869999999999997,166.72,38.379999999999995,27.9
71434.0,17.0,1.0,162.8,75.2,28.4,87.5,1.0,1.0,300.0,3.0,5.397605346934028e-79,2211.0,91.48999999999998,280.86000000000007,81.2,28.5
71441.0,12.0,2.0,153.0,55.6,23.8,76.2,2.0,2.0,540.0,2.0,1.0,1172.0,36.12,205.27,26.43,37.6
71449.0,40.0,2.0,166.7,88.7,31.9,108.0,2.0,1.0,780.0,3.0,3.0,1184.0,31.96,178.52,40.190000000000005,46.8
71450.0,34.0,2.0,151.8,48.8,21.2,75.0,2.0,2.0,480.0,5.397605346934028e-79,3.0,1378.0,61.370000000000005,156.98,56.129999999999995,35.9
71453.0,14.0,1.0,174.9,52.4,17.1,66.5,2.0,1.0,540.0,1.0,2.0,3373.0,123.13999999999999,317.22999999999996,179.20000000000002,16.7
71457.0,53.0,2.0,167.7,80.6,28.7,99.0,2.0,2.0,960.0,5.0,5.0,6006.0,264.09,761.79,223.64999999999992,41.3
71459.0,14.0,2.0,162.4,49.9,18.9,68.9,1.0,2.0,480.0,5.397605346934028e-79,1.0,2639.0,82.58,311.0999999999999,121.17,27.7
71460.0,47.0,2.0,148.4,62.3,28.3,89.9,2.0,2.0,420.0,2.0,1.0,2115.0,55.22,292.93,84.48,41.9
71468.0,50.0,2.0,169.5,78.6,27.4,93.3,2.0,2.0,300.0,8.0,8.0,1099.0,58.63000000000001,113.10000000000001,44.3,36.6
71469.0,12.0,1.0,159.5,42.7,16.8,63.6,1.0,2.0,5.0,5.397605346934028e-79,1.0,1236.0,41.760000000000005,130.22,61.809999999999995,19.4
71472.0,32.0,1.0,177.4,71.3,22.7,75.2,2.0,2.0,60.0,1.0,8.0,1925.0,65.27,77.08,149.59,13.8
71473.0,38.0,2.0,162.3,77.7,29.5,100.4,2.0,1.0,180.0,2.0,2.0,1742.0,59.87000000000001,154.1,98.76999999999998,37.9
71474.0,25.0,1.0,186.0,131.6,38.0,127.0,2.0,2.0,240.0,2.0,8.0,2885.0,140.79,283.64,133.96999999999997,37.3
71475.0,12.0,2.0,153.3,70.6,30.0,103.7,2.0,1.0,600.0,3.0,2.0,2147.0,67.69000000000001,338.47999999999996,61.45,43.3
71476.0,49.0,2.0,165.3,84.4,30.9,111.0,2.0,1.0,240.0,5.0,5.397605346934028e-79,1664.0,54.13,236.01000000000002,56.720000000000006,45.4
71478.0,43.0,1.0,179.5,94.4,29.3,103.3,2.0,2.0,180.0,5.0,8.0,2742.0,94.0,363.86,104.31000000000002,32.5
71479.0,15.0,2.0,156.9,44.3,18.0,70.5,2.0,2.0,600.0,5.0,1.0,893.0,48.699999999999996,87.84,38.33,30.3
71481.0,26.0,2.0,153.4,76.0,32.3,94.8,2.0,2.0,960.0,2.0,8.0,2504.0,76.45000000000002,310.69,108.58000000000003,41.1
71482.0,40.0,2.0,169.3,65.3,22.8,87.0,2.0,1.0,660.0,5.0,5.397605346934028e-79,1295.0,51.14999999999999,139.64,44.839999999999996,37.3
71487.0,13.0,2.0,156.9,41.6,16.9,66.5,2.0,1.0,660.0,5.0,2.0,924.0,42.010000000000005,137.58,23.589999999999996,28.4
71491.0,12.0,1.0,165.7,57.4,20.9,73.9,1.0,1.0,540.0,3.0,5.397605346934028e-79,3633.0,134.65,380.35,179.02999999999997,18.8
71493.0,14.0,1.0,168.5,61.1,21.5,75.4,1.0,2.0,300.0,2.0,1.0,3997.0,106.27000000000001,446.05999999999995,203.41,21.8
71495.0,28.0,2.0,177.7,92.9,29.4,106.2,2.0,2.0,180.0,2.0,5.397605346934028e-79,3535.0,85.39999999999999,425.63,165.32999999999998,38.5
71499.0,16.0,1.0,177.2,76.1,24.2,80.0,1.0,2.0,480.0,5.397605346934028e-79,1.0,2490.0,125.42999999999999,346.47999999999996,74.13,18.8
71502.0,16.0,1.0,174.4,62.8,20.6,78.5,1.0,1.0,120.0,1.0,2.0,2553.0,86.2,335.27,100.24000000000001,18.0
71503.0,30.0,1.0,184.6,122.0,35.8,115.4,1.0,1.0,600.0,5.397605346934028e-79,2.0,5889.0,211.18000000000004,654.6199999999999,273.20000000000005,24.1
71504.0,16.0,2.0,150.6,46.4,20.5,66.1,1.0,1.0,480.0,4.0,5.397605346934028e-79,1587.0,54.10000000000001,216.94,58.32,34.5
71512.0,18.0,1.0,166.9,60.4,21.7,75.4,1.0,1.0,120.0,8.0,1.0,2049.0,44.07000000000001,313.46999999999997,68.91999999999997,16.6
71513.0,18.0,1.0,173.7,98.3,32.6,105.3,1.0,2.0,480.0,1.0,1.0,1613.0,45.78,241.72,53.300000000000004,27.6
71515.0,55.0,1.0,176.9,85.3,27.3,97.9,2.0,2.0,480.0,2.0,5.0,1983.0,73.56,317.76,51.24999999999999,26.6
71516.0,23.0,1.0,180.2,76.7,23.6,90.6,1.0,2.0,600.0,1.0,1.0,2683.0,115.50999999999999,366.69,89.74,28.5
71519.0,12.0,1.0,153.5,45.7,19.4,66.0,1.0,2.0,720.0,2.0,5.397605346934028e-79,2202.0,68.25,377.9,50.79,16.2
71521.0,18.0,1.0,168.7,54.1,19.0,67.4,1.0,1.0,360.0,5.0,2.0,2253.0,102.9,255.65999999999997,93.95999999999998,16.9
71524.0,16.0,2.0,151.5,51.9,22.6,76.1,2.0,1.0,360.0,2.0,3.0,1782.0,70.52999999999999,207.24999999999997,75.22,35.9
71526.0,39.0,2.0,159.3,47.6,18.8,78.4,1.0,1.0,60.0,1.0,2.0,1699.0,48.26,245.03,63.1,31.5
71527.0,54.0,2.0,159.4,94.2,37.1,114.0,2.0,1.0,600.0,5.0,5.397605346934028e-79,1623.0,86.35999999999999,228.89,43.66,44.5
71529.0,33.0,1.0,187.2,96.8,27.6,92.1,2.0,2.0,180.0,3.0,5.397605346934028e-79,2150.0,135.84,282.31999999999994,51.519999999999996,21.0
71531.0,35.0,1.0,170.8,65.3,22.4,79.8,2.0,1.0,600.0,5.0,5.0,6415.0,241.38,478.28999999999996,146.96,21.2
71532.0,21.0,1.0,166.0,93.7,34.0,99.1,1.0,2.0,180.0,5.397605346934028e-79,1.0,1405.0,53.15,151.95999999999995,66.98,30.3
71535.0,46.0,2.0,154.3,107.2,45.0,113.8,2.0,2.0,960.0,5.397605346934028e-79,2.0,2487.0,65.25000000000001,326.40999999999997,103.10000000000001,48.7
71544.0,49.0,1.0,178.7,109.4,34.3,120.0,2.0,1.0,120.0,5.397605346934028e-79,1.0,2426.0,85.30999999999997,351.22,76.96,34.0
71545.0,27.0,1.0,166.5,61.1,22.0,77.6,1.0,1.0,600.0,1.0,5.397605346934028e-79,2360.0,157.64000000000001,203.35,83.10000000000001,19.4
71548.0,13.0,2.0,150.6,43.5,19.2,68.0,1.0,2.0,540.0,2.0,5.397605346934028e-79,1721.0,64.6,254.46999999999997,53.87,30.4
71554.0,33.0,2.0,159.9,55.5,21.7,80.4,2.0,2.0,480.0,1.0,5.397605346934028e-79,1740.0,117.71000000000001,160.79,71.47999999999999,28.1
71558.0,12.0,2.0,162.3,76.8,29.2,96.2,1.0,2.0,720.0,8.0,1.0,1462.0,59.339999999999996,174.94,57.96,35.6
71561.0,40.0,2.0,160.7,59.4,23.0,83.5,1.0,1.0,720.0,1.0,4.0,1422.0,90.86,157.23,49.089999999999996,31.8
71564.0,25.0,1.0,169.1,100.9,35.3,115.3,2.0,2.0,240.0,5.0,5.0,2307.0,49.89000000000001,370.3,74.10999999999999,38.2
71565.0,24.0,2.0,160.6,65.3,25.3,84.2,2.0,1.0,360.0,3.0,1.0,1363.0,53.26,198.19000000000003,42.37,39.1
71566.0,48.0,1.0,165.0,82.8,30.4,105.8,2.0,2.0,600.0,3.0,3.0,2085.0,105.59,149.03000000000003,116.78,35.6
71567.0,35.0,1.0,173.6,81.2,26.9,86.1,1.0,2.0,240.0,2.0,1.0,1799.0,67.87,85.01,35.46,23.7
71568.0,13.0,1.0,164.3,83.9,31.1,106.5,1.0,2.0,540.0,3.0,5.397605346934028e-79,2253.0,73.27000000000001,314.3,80.3,33.5
71569.0,56.0,1.0,169.4,83.2,29.0,101.2,1.0,1.0,240.0,4.0,8.0,1910.0,95.86000000000001,237.61,66.54,30.7
71574.0,31.0,2.0,160.5,90.8,35.2,112.2,2.0,2.0,300.0,4.0,5.0,3842.0,186.51,552.1200000000001,103.57000000000001,42.2
71577.0,47.0,1.0,178.3,109.5,34.4,108.7,2.0,2.0,480.0,5.397605346934028e-79,8.0,2975.0,181.46999999999997,188.51,97.21999999999998,27.8
71578.0,41.0,1.0,172.7,91.3,30.6,95.6,1.0,1.0,120.0,3.0,1.0,1951.0,57.11,243.56,84.57999999999998,23.7
71581.0,36.0,1.0,186.7,134.9,38.7,132.6,1.0,2.0,300.0,3.0,1.0,2746.0,102.66,222.87,162.2,31.6
71582.0,29.0,1.0,158.6,81.4,32.4,99.7,2.0,2.0,180.0,2.0,8.0,3420.0,169.69000000000003,412.53999999999996,122.65000000000002,25.8
71583.0,53.0,1.0,172.5,71.9,24.2,90.4,1.0,1.0,600.0,1.0,1.0,1963.0,70.96000000000001,239.94,55.22000000000001,27.3
71584.0,58.0,2.0,160.5,92.5,35.9,104.0,2.0,1.0,960.0,3.0,8.0,821.0,32.129999999999995,100.37,32.82,44.4
71591.0,55.0,2.0,167.2,112.7,40.3,124.6,2.0,1.0,300.0,2.0,1.0,1559.0,47.55,191.6,66.51,41.9
71594.0,27.0,1.0,178.7,74.3,23.3,86.7,1.0,1.0,360.0,5.397605346934028e-79,5.397605346934028e-79,1155.0,66.07000000000001,125.00000000000001,44.980000000000004,24.7
71599.0,59.0,1.0,171.5,89.7,30.5,104.6,2.0,2.0,900.0,5.397605346934028e-79,5.397605346934028e-79,1639.0,62.160000000000004,130.26,83.93,33.7
71603.0,16.0,2.0,169.7,80.6,28.0,93.5,2.0,2.0,720.0,2.0,5.397605346934028e-79,1014.0,19.8,172.1,29.099999999999998,37.4
71604.0,49.0,1.0,157.1,60.9,24.7,87.9,2.0,1.0,180.0,2.0,5.397605346934028e-79,2668.0,110.26999999999998,335.39000000000004,101.56,24.2
71605.0,38.0,2.0,165.0,71.9,26.4,86.2,2.0,1.0,120.0,2.0,2.0,1136.0,46.330000000000005,183.77999999999997,27.240000000000006,35.7
71610.0,16.0,1.0,162.4,70.7,26.8,89.1,1.0,1.0,420.0,5.397605346934028e-79,1.0,1729.0,44.46,332.18,28.860000000000003,27.1
71611.0,15.0,2.0,161.2,49.4,19.0,76.2,2.0,1.0,660.0,3.0,1.0,2814.0,48.88,379.51,130.07999999999998,33.5
71615.0,41.0,1.0,164.7,57.8,21.3,82.7,2.0,2.0,420.0,2.0,1.0,1346.0,55.56999999999999,217.17000000000002,30.32,27.8
71619.0,55.0,1.0,173.6,68.0,22.6,83.8,2.0,2.0,240.0,3.0,1.0,2601.0,106.64999999999999,455.79,35.21,20.9
71621.0,12.0,2.0,161.0,63.6,24.5,88.0,2.0,1.0,480.0,5.397605346934028e-79,1.0,1320.0,68.32,135.09,54.99,37.9
71625.0,39.0,1.0,177.2,106.4,33.9,121.5,2.0,1.0,180.0,1.0,1.0,3738.0,118.76999999999998,506.35,139.32,33.0
71626.0,59.0,1.0,158.2,63.8,25.5,85.9,1.0,2.0,20.0,5.397605346934028e-79,5.397605346934028e-79,1421.0,94.02,138.63,22.89,22.2
71627.0,19.0,1.0,166.8,68.7,24.7,79.9,1.0,2.0,120.0,2.0,5.397605346934028e-79,3088.0,101.26,516.1600000000001,71.85,24.0
71628.0,53.0,2.0,152.0,121.7,52.7,131.1,2.0,2.0,720.0,2.0,1.0,2499.0,103.00000000000001,177.48000000000002,152.88,51.4
71629.0,16.0,2.0,166.8,60.8,21.9,73.0,1.0,2.0,480.0,2.0,1.0,1111.0,37.849999999999994,153.5,41.1,35.1
71631.0,22.0,1.0,177.9,58.2,18.4,70.9,2.0,1.0,600.0,1.0,5.0,2019.0,57.39,237.64000000000001,72.24,18.7
71632.0,18.0,1.0,172.8,71.6,24.0,78.1,1.0,1.0,480.0,5.0,2.0,1583.0,43.64999999999999,239.44,51.480000000000004,15.6
71634.0,21.0,2.0,167.2,60.3,21.6,80.7,2.0,1.0,480.0,3.0,3.0,1482.0,28.37,170.68,78.52,29.6
71637.0,14.0,1.0,170.2,54.8,18.9,70.6,1.0,1.0,660.0,2.0,3.0,2820.0,67.41,393.46,112.99000000000001,18.4
71639.0,48.0,2.0,158.8,137.5,54.5,148.1,2.0,2.0,240.0,3.0,8.0,833.0,46.78,78.06,25.06,48.7
71640.0,51.0,2.0,168.3,87.8,31.0,98.3,2.0,2.0,480.0,2.0,8.0,2083.0,97.53,166.54,117.35,46.0
71643.0,31.0,1.0,176.1,84.9,27.4,94.6,2.0,2.0,300.0,1.0,5.0,2562.0,88.58,358.49,90.05000000000001,27.2
71651.0,46.0,2.0,164.4,53.8,19.9,80.0,2.0,2.0,900.0,1.0,1.0,2692.0,86.24000000000001,323.99,117.84000000000002,32.4
71656.0,58.0,1.0,176.2,73.8,23.8,96.5,2.0,1.0,720.0,5.397605346934028e-79,2.0,2076.0,58.9,310.57,62.49000000000001,34.7
71657.0,49.0,2.0,163.4,78.4,29.4,90.0,1.0,1.0,600.0,5.397605346934028e-79,1.0,2379.0,125.77999999999999,394.04,43.42999999999999,41.1
71658.0,25.0,1.0,168.3,90.5,32.0,108.4,1.0,2.0,120.0,2.0,8.0,3375.0,129.70999999999998,466.01000000000005,89.22000000000001,29.3
71668.0,12.0,2.0,158.8,51.8,20.5,70.9,2.0,2.0,660.0,5.0,4.0,1768.0,74.60000000000001,275.99,41.12,29.0
71670.0,24.0,1.0,180.2,96.3,29.7,96.5,2.0,2.0,240.0,1.0,2.0,2970.0,68.79,359.20000000000005,107.02000000000001,22.0
71672.0,18.0,2.0,162.5,71.9,27.2,87.7,2.0,2.0,360.0,1.0,5.397605346934028e-79,2108.0,80.75000000000001,293.02,69.42,39.9
71687.0,13.0,2.0,141.9,41.7,20.7,67.5,2.0,1.0,420.0,2.0,4.0,1133.0,33.14,166.97,38.16,44.3
71688.0,51.0,1.0,174.5,89.7,29.5,103.3,2.0,1.0,480.0,5.0,2.0,4027.0,140.63000000000002,492.34000000000003,176.75,34.7
71689.0,17.0,2.0,155.8,72.1,29.7,82.9,1.0,2.0,360.0,3.0,2.0,2007.0,56.05,242.67999999999998,91.24,35.8
71698.0,46.0,2.0,171.5,71.5,24.3,91.2,2.0,1.0,300.0,1.0,2.0,1778.0,61.49000000000001,171.91999999999996,74.96,33.8
71699.0,15.0,2.0,167.0,53.1,19.0,67.8,1.0,1.0,600.0,5.397605346934028e-79,2.0,2453.0,130.01999999999998,243.47,108.85999999999999,28.9
71701.0,17.0,2.0,173.1,77.1,25.7,90.0,1.0,2.0,240.0,3.0,1.0,2615.0,98.74000000000001,305.61,114.74000000000002,32.4
71706.0,30.0,2.0,161.7,62.6,23.9,77.0,1.0,1.0,300.0,3.0,1.0,1391.0,49.76,155.89999999999998,64.83,35.7
71709.0,45.0,2.0,164.1,88.9,33.0,111.4,2.0,2.0,480.0,5.0,2.0,2682.0,62.379999999999995,359.52,117.27000000000002,38.9
71712.0,53.0,2.0,158.7,96.4,38.3,115.9,2.0,2.0,360.0,5.0,8.0,1378.0,41.730000000000004,217.79000000000002,38.95,48.8
71713.0,17.0,1.0,180.9,76.6,23.4,82.0,1.0,1.0,600.0,1.0,2.0,2713.0,168.95,254.75,113.53,23.5
71715.0,47.0,2.0,161.7,72.2,27.6,84.8,1.0,2.0,360.0,1.0,5.0,1122.0,29.179999999999996,119.45999999999998,60.129999999999995,41.4
71716.0,21.0,2.0,171.2,88.5,30.2,103.2,1.0,1.0,600.0,2.0,2.0,1869.0,22.970000000000002,278.23,37.89,37.2
71717.0,27.0,2.0,167.0,108.1,38.8,122.5,2.0,2.0,720.0,3.0,1.0,2203.0,82.78999999999999,165.24,86.24999999999999,47.3
71719.0,59.0,1.0,178.4,58.5,18.4,77.2,2.0,2.0,480.0,5.397605346934028e-79,8.0,2168.0,114.4,189.39,105.11,17.6
71722.0,48.0,2.0,163.7,103.9,38.8,114.7,2.0,2.0,420.0,3.0,1.0,1508.0,39.07,252.71,42.13999999999999,45.5
71724.0,54.0,1.0,169.1,76.6,26.8,97.0,2.0,1.0,180.0,5.0,8.0,4939.0,214.88,646.6999999999999,178.96000000000004,26.8
71725.0,24.0,1.0,173.2,68.2,22.7,79.5,1.0,2.0,480.0,3.0,5.397605346934028e-79,3246.0,163.98,206.99000000000004,157.6,22.8
71729.0,33.0,1.0,183.9,71.2,21.1,74.5,1.0,2.0,480.0,1.0,8.0,1637.0,129.87999999999997,158.48999999999998,39.31,13.7
71737.0,36.0,2.0,163.6,72.8,27.2,96.9,2.0,1.0,60.0,5.397605346934028e-79,5.397605346934028e-79,1523.0,52.089999999999996,220.98999999999998,51.46000000000001,37.0
71740.0,20.0,2.0,160.7,52.7,20.4,71.4,2.0,2.0,360.0,5.0,5.0,2758.0,178.33999999999997,308.13,88.27999999999997,25.2
71744.0,40.0,2.0,154.4,57.9,24.3,81.8,2.0,2.0,120.0,1.0,5.397605346934028e-79,2358.0,98.96000000000001,294.5,91.63999999999999,34.5
71745.0,21.0,2.0,158.6,70.0,27.8,84.1,2.0,1.0,360.0,3.0,5.0,833.0,24.189999999999998,124.25999999999999,28.16,38.3
71748.0,36.0,2.0,158.3,78.2,31.2,101.4,1.0,2.0,20.0,1.0,8.0,1233.0,43.07999999999999,166.09,44.10000000000001,41.3
71751.0,42.0,2.0,175.6,62.0,20.1,74.5,2.0,1.0,120.0,2.0,5.397605346934028e-79,1674.0,50.54,141.76,65.18,28.7
71752.0,36.0,1.0,164.2,60.6,22.5,79.8,2.0,2.0,240.0,1.0,1.0,2766.0,102.21000000000001,343.60999999999996,90.35000000000001,22.4
71757.0,23.0,1.0,187.7,77.6,22.0,86.3,1.0,2.0,720.0,1.0,1.0,1884.0,100.29,247.44,56.75,25.8
71758.0,24.0,2.0,168.4,75.0,26.4,91.4,1.0,2.0,300.0,2.0,1.0,1787.0,79.49000000000001,333.21,21.020000000000003,37.5
71759.0,16.0,1.0,172.6,60.6,20.3,74.0,1.0,2.0,600.0,2.0,2.0,2958.0,85.34,389.6900000000001,120.35000000000002,16.4
71762.0,12.0,1.0,143.1,30.7,15.0,60.9,1.0,1.0,540.0,1.0,8.0,1219.0,51.59999999999999,152.84,45.349999999999994,20.7
71763.0,40.0,1.0,192.9,77.9,20.9,89.4,2.0,2.0,840.0,2.0,1.0,3706.0,136.48,354.8399999999999,152.05,21.1
71764.0,33.0,1.0,168.8,69.7,24.5,81.8,1.0,2.0,120.0,1.0,1.0,5653.0,173.54999999999995,637.6700000000001,94.99,26.6
71765.0,39.0,1.0,161.4,62.6,24.0,83.8,2.0,1.0,480.0,3.0,8.0,1450.0,70.99,205.9,38.730000000000004,22.6
71767.0,38.0,1.0,181.7,87.7,26.6,94.5,2.0,2.0,360.0,2.0,3.0,2429.0,127.4,248.21,102.79,26.5
71769.0,24.0,1.0,162.7,56.3,21.3,78.4,2.0,1.0,300.0,3.0,1.0,3305.0,147.64999999999995,423.87000000000006,120.52000000000002,22.4
71773.0,53.0,1.0,171.8,82.6,28.0,106.8,1.0,1.0,180.0,2.0,1.0,819.0,29.590000000000003,138.51,19.7,32.2
71778.0,20.0,1.0,166.8,66.2,23.8,74.0,2.0,1.0,120.0,2.0,2.0,4171.0,179.78000000000003,466.62,177.65,20.0
71779.0,19.0,1.0,165.1,71.2,26.1,78.5,1.0,1.0,360.0,4.0,3.0,3414.0,161.48000000000002,385.00999999999993,138.32,15.8
71784.0,24.0,2.0,161.1,50.2,19.3,70.2,2.0,1.0,360.0,1.0,5.397605346934028e-79,1549.0,58.05,189.84,63.98,30.9
71786.0,42.0,2.0,159.2,52.2,20.6,74.8,1.0,1.0,360.0,5.397605346934028e-79,1.0,1563.0,55.83999999999999,224.22999999999996,45.58999999999999,24.4
71787.0,50.0,2.0,146.7,103.2,48.0,142.6,2.0,1.0,180.0,8.0,5.0,2078.0,99.58999999999999,251.60000000000002,73.87,45.7
71789.0,50.0,2.0,152.3,74.4,32.1,93.3,2.0,2.0,360.0,1.0,2.0,1702.0,65.94999999999999,205.37,71.41,42.0
71791.0,18.0,1.0,174.8,59.9,19.6,72.7,1.0,1.0,480.0,5.397605346934028e-79,8.0,4088.0,102.75,534.2199999999999,175.76,16.7
71792.0,34.0,1.0,173.2,76.7,25.6,92.5,2.0,1.0,780.0,5.0,5.0,1618.0,50.69,215.91000000000003,61.769999999999996,24.6
71793.0,57.0,2.0,154.3,82.4,34.6,104.6,2.0,2.0,300.0,3.0,5.397605346934028e-79,1507.0,77.74000000000001,157.63,43.419999999999995,45.5
71796.0,45.0,2.0,161.5,65.4,25.1,91.4,1.0,2.0,600.0,2.0,5.397605346934028e-79,2094.0,79.26999999999998,254.33,63.09,37.8
71802.0,53.0,1.0,181.0,102.6,31.3,117.7,2.0,1.0,300.0,2.0,5.397605346934028e-79,3444.0,133.48999999999998,335.33,139.06,26.8
71803.0,52.0,2.0,159.7,88.8,34.8,107.2,1.0,2.0,240.0,5.0,3.0,1920.0,74.01999999999998,266.1499999999999,63.14,43.5
71805.0,22.0,1.0,167.8,78.0,27.7,88.9,2.0,1.0,300.0,5.397605346934028e-79,5.0,4942.0,252.10999999999996,545.4899999999999,195.74,24.7
71806.0,12.0,2.0,159.8,94.8,37.1,116.7,2.0,2.0,540.0,1.0,2.0,1383.0,57.76999999999999,175.14,50.529999999999994,46.4
71807.0,12.0,1.0,151.4,36.1,15.7,60.9,2.0,2.0,600.0,1.0,5.397605346934028e-79,1760.0,76.46999999999998,266.65,46.330000000000005,23.2
71810.0,33.0,1.0,165.7,82.3,30.0,97.8,2.0,2.0,120.0,5.397605346934028e-79,5.397605346934028e-79,1308.0,57.36,224.85999999999999,21.18,28.3
71811.0,53.0,2.0,158.7,57.1,22.7,86.2,2.0,2.0,300.0,3.0,8.0,2482.0,106.27000000000001,268.31000000000006,108.44000000000003,29.6
71813.0,36.0,1.0,180.5,102.7,31.5,104.0,1.0,2.0,420.0,1.0,5.397605346934028e-79,1561.0,74.75,115.17,88.54,28.6
71820.0,47.0,1.0,173.7,89.5,29.7,99.3,1.0,1.0,480.0,4.0,5.0,2410.0,146.11999999999998,243.17000000000002,92.57000000000001,26.6
71822.0,19.0,2.0,151.7,45.4,19.7,68.1,2.0,2.0,480.0,5.0,4.0,2228.0,96.10000000000002,250.22,94.02000000000001,25.5
71824.0,48.0,1.0,185.6,93.2,27.1,104.3,2.0,2.0,300.0,3.0,1.0,3393.0,126.42000000000002,392.72,145.64000000000001,29.5
71825.0,53.0,2.0,157.5,56.3,22.7,91.0,2.0,2.0,360.0,5.0,4.0,2424.0,55.72,432.61999999999995,54.9,39.8
71828.0,49.0,2.0,156.1,91.3,37.5,115.5,2.0,2.0,120.0,2.0,5.397605346934028e-79,2649.0,96.29,314.07,114.1,44.3
71829.0,57.0,1.0,165.9,62.9,22.9,87.3,2.0,2.0,300.0,3.0,8.0,2343.0,79.95,330.6,86.00999999999999,25.6
71831.0,41.0,2.0,157.9,65.5,26.3,87.4,2.0,2.0,480.0,8.0,8.0,1799.0,47.65,217.82,84.83999999999999,44.0
71833.0,30.0,2.0,158.2,48.8,19.5,74.4,2.0,2.0,600.0,1.0,2.0,1878.0,65.19,321.84999999999997,41.440000000000005,29.4
71835.0,17.0,2.0,167.5,104.6,37.3,110.3,1.0,2.0,480.0,5.0,5.0,1113.0,39.05,124.76,51.959999999999994,43.5
71837.0,13.0,2.0,154.6,57.1,23.9,75.3,1.0,1.0,480.0,5.0,1.0,1789.0,36.87,299.26,53.199999999999996,30.9
71839.0,57.0,2.0,168.4,120.2,42.4,142.7,2.0,1.0,180.0,3.0,5.397605346934028e-79,2128.0,67.05,302.40000000000003,76.89999999999999,42.8
71841.0,45.0,1.0,173.8,100.6,33.3,112.1,2.0,1.0,180.0,3.0,1.0,2564.0,68.16999999999999,374.94,88.05,31.5
71847.0,37.0,1.0,174.5,79.3,26.0,95.3,1.0,1.0,720.0,5.397605346934028e-79,1.0,2156.0,80.07,244.9,89.52,23.8
71848.0,26.0,1.0,164.5,58.6,21.7,74.1,1.0,1.0,480.0,5.397605346934028e-79,1.0,2149.0,75.85999999999999,278.53000000000003,85.17,22.8
71849.0,56.0,2.0,145.4,67.9,32.1,91.2,1.0,2.0,60.0,2.0,1.0,1072.0,61.21,99.10000000000001,49.97,50.0
71851.0,17.0,1.0,166.9,64.6,23.2,80.0,1.0,1.0,540.0,4.0,1.0,2065.0,85.2,262.90999999999997,75.16,21.9
71852.0,19.0,1.0,173.3,62.9,20.9,74.0,2.0,2.0,360.0,5.0,2.0,1549.0,193.89999999999998,108.36,38.26,15.0
71853.0,14.0,1.0,166.8,93.8,33.7,97.3,1.0,2.0,420.0,4.0,5.397605346934028e-79,1724.0,65.43,256.59,51.47,42.3
71856.0,32.0,2.0,159.6,47.5,18.6,69.5,2.0,2.0,480.0,2.0,5.397605346934028e-79,1012.0,33.62,187.40999999999997,16.14,39.1
71858.0,27.0,1.0,177.8,116.3,36.8,121.1,1.0,1.0,420.0,3.0,5.0,3011.0,50.879999999999995,493.64,58.0,30.4
71860.0,28.0,1.0,184.6,101.7,29.8,96.3,1.0,1.0,360.0,4.0,2.0,3895.0,170.26999999999998,516.97,131.35,24.4
71863.0,38.0,1.0,184.8,122.8,36.0,117.8,1.0,2.0,600.0,3.0,5.397605346934028e-79,1904.0,73.18,250.17999999999998,69.09,32.9
71864.0,18.0,1.0,174.5,70.5,23.2,79.6,1.0,1.0,300.0,3.0,4.0,2712.0,80.62,390.63000000000005,92.52,16.1
71866.0,32.0,1.0,165.3,74.5,27.3,89.3,2.0,2.0,480.0,2.0,1.0,2583.0,147.89,335.96000000000004,73.69,29.1
71867.0,26.0,2.0,169.2,52.4,18.3,72.0,1.0,1.0,600.0,5.397605346934028e-79,5.0,1705.0,59.52,238.22,63.61,30.5
71868.0,43.0,1.0,173.6,85.5,28.4,96.4,2.0,2.0,420.0,1.0,3.0,3124.0,115.62,322.18000000000006,97.38000000000001,25.8
71870.0,41.0,2.0,153.8,71.8,30.4,98.2,2.0,1.0,420.0,5.0,8.0,2024.0,57.83,339.81,52.19,42.2
71871.0,43.0,2.0,159.3,73.0,28.8,97.0,1.0,2.0,480.0,5.397605346934028e-79,5.397605346934028e-79,951.0,41.52,97.71,28.43,43.4
71873.0,20.0,2.0,164.2,79.0,29.3,95.1,2.0,1.0,720.0,1.0,5.397605346934028e-79,3100.0,87.10000000000002,400.98,129.90999999999997,42.3
71874.0,24.0,1.0,168.4,67.0,23.6,80.1,1.0,2.0,120.0,1.0,1.0,1159.0,78.95,154.22000000000003,24.74,23.1
71876.0,14.0,1.0,173.8,62.9,20.8,73.5,1.0,1.0,600.0,2.0,5.397605346934028e-79,1830.0,74.48999999999998,272.81,49.36,17.0
71881.0,20.0,1.0,170.3,74.6,25.7,87.4,2.0,1.0,300.0,3.0,2.0,2396.0,71.82,350.06,79.84,23.2
71883.0,42.0,1.0,166.3,65.3,23.6,91.1,1.0,2.0,480.0,5.397605346934028e-79,5.0,5868.0,194.01000000000002,504.68999999999994,322.98,27.7
71884.0,49.0,1.0,167.7,71.5,25.4,90.4,2.0,2.0,180.0,2.0,8.0,1518.0,89.30999999999999,169.89999999999998,53.48000000000001,20.6
71885.0,35.0,1.0,170.1,72.7,25.1,92.6,2.0,2.0,180.0,1.0,8.0,5368.0,132.47,841.05,121.57,26.1
71891.0,54.0,2.0,166.0,78.3,28.4,96.0,2.0,2.0,480.0,8.0,5.0,2294.0,100.85,303.75,77.53000000000002,42.7
71895.0,31.0,1.0,165.4,56.4,20.6,74.0,2.0,1.0,240.0,5.397605346934028e-79,3.0,1834.0,132.09,201.29999999999998,50.9,22.2
71911.0,27.0,1.0,175.8,96.7,31.3,106.6,2.0,2.0,120.0,1.0,5.397605346934028e-79,3714.0,140.67000000000002,401.39,167.91,28.2
71912.0,40.0,1.0,177.3,87.8,27.9,104.4,2.0,2.0,720.0,2.0,8.0,2915.0,91.09,354.45,129.62,27.9
71913.0,18.0,2.0,161.6,56.5,21.6,79.0,2.0,2.0,600.0,5.0,5.397605346934028e-79,2406.0,102.5,304.13,89.01,31.0
71916.0,16.0,1.0,164.4,52.6,19.5,69.2,1.0,1.0,660.0,1.0,2.0,2389.0,69.61,341.65,87.78,19.4
